Param,Year,Month,District,Block,Observed,Forecast
Rainfall,2021,1,Anand,Anand,0.2,2.0
Rainfall,2021,1,Anand,Anklav,1.0,2.0
Rainfall,2021,1,Anand,Borsad,0.3,2.0
Rainfall,2021,1,Anand,Khambhat,0.0,2.0
Rainfall,2021,1,Anand,Petlad,0.2,2.0
Rainfall,2021,1,Anand,Sojitra,0.0,2.0
Rainfall,2021,1,Anand,Tarapur,0.0,2.0
Rainfall,2021,1,Anand,Umreth,0.0,2.0
Rainfall,2021,1,Kheda,Galteshwar,0.2,0.0
Rainfall,2021,1,Kheda,Kapadvanj,0.2,0.0
Rainfall,2021,1,Kheda,Kathlal,0.2,0.0
Rainfall,2021,1,Kheda,Kheda,0.2,0.0
Rainfall,2021,1,Kheda,Mahudha,0.2,0.0
Rainfall,2021,1,Kheda,Matar,0.2,0.0
Rainfall,2021,1,Kheda,Mehmedabad,0.2,0.0
Rainfall,2021,1,Kheda,Nadiad,0.2,0.0
Rainfall,2021,1,Kheda,Thasra,0.2,0.0
Rainfall,2021,1,Kheda,Vaso,0.2,0.0
Rainfall,2021,1,Mahisagar,Balasinor,0.2,3.0
Rainfall,2021,1,Mahisagar,Kadana,0.2,3.0
Rainfall,2021,1,Mahisagar,Khanpur,0.2,3.0
Rainfall,2021,1,Mahisagar,Lunawada,0.2,3.0
Rainfall,2021,1,Mahisagar,Santrampur,0.2,3.0
Rainfall,2021,1,Mahisagar,Virpur,0.2,3.0
Rainfall,2021,2,Anand,Anand,0.0,0.0
Rainfall,2021,2,Anand,Anklav,0.0,0.0
Rainfall,2021,2,Anand,Borsad,0.0,0.0
Rainfall,2021,2,Anand,Khambhat,0.0,0.0
Rainfall,2021,2,Anand,Petlad,0.0,0.0
Rainfall,2021,2,Anand,Sojitra,0.0,0.0
Rainfall,2021,2,Anand,Tarapur,0.0,0.0
Rainfall,2021,2,Anand,Umreth,0.0,0.0
Rainfall,2021,2,Kheda,Galteshwar,0.0,0.0
Rainfall,2021,2,Kheda,Kapadvanj,0.0,0.0
Rainfall,2021,2,Kheda,Kathlal,0.0,0.0
Rainfall,2021,2,Kheda,Kheda,0.0,0.0
Rainfall,2021,2,Kheda,Mahudha,0.0,0.0
Rainfall,2021,2,Kheda,Matar,0.0,0.0
Rainfall,2021,2,Kheda,Mehmedabad,0.0,0.0
Rainfall,2021,2,Kheda,Nadiad,0.0,0.0
Rainfall,2021,2,Kheda,Thasra,0.0,0.0
Rainfall,2021,2,Kheda,Vaso,0.0,0.0
Rainfall,2021,2,Mahisagar,Balasinor,0.0,0.0
Rainfall,2021,2,Mahisagar,Kadana,0.0,0.0
Rainfall,2021,2,Mahisagar,Khanpur,0.0,0.0
Rainfall,2021,2,Mahisagar,Lunawada,0.0,0.0
Rainfall,2021,2,Mahisagar,Santrampur,0.0,0.0
Rainfall,2021,2,Mahisagar,Virpur,0.0,0.0
Rainfall,2021,3,Anand,Anand,0.7,0.0
Rainfall,2021,3,Anand,Anklav,0.5,0.0
Rainfall,2021,3,Anand,Borsad,0.6,0.0
Rainfall,2021,3,Anand,Khambhat,0.4,0.0
Rainfall,2021,3,Anand,Petlad,0.4,0.0
Rainfall,2021,3,Anand,Sojitra,0.3,0.0
Rainfall,2021,3,Anand,Tarapur,0.0,0.0
Rainfall,2021,3,Anand,Umreth,2.1,0.0
Rainfall,2021,3,Kheda,Galteshwar,0.0,0.0
Rainfall,2021,3,Kheda,Kapadvanj,0.4,0.0
Rainfall,2021,3,Kheda,Kathlal,1.1,0.0
Rainfall,2021,3,Kheda,Kheda,0.0,0.0
Rainfall,2021,3,Kheda,Mahudha,0.0,0.0
Rainfall,2021,3,Kheda,Matar,0.0,0.0
Rainfall,2021,3,Kheda,Mehmedabad,0.0,0.0
Rainfall,2021,3,Kheda,Nadiad,0.6,0.0
Rainfall,2021,3,Kheda,Thasra,1.9,0.0
Rainfall,2021,3,Kheda,Vaso,0.2,0.0
Rainfall,2021,3,Mahisagar,Balasinor,1.1,1.0
Rainfall,2021,3,Mahisagar,Kadana,1.1,1.0
Rainfall,2021,3,Mahisagar,Khanpur,0.5,1.0
Rainfall,2021,3,Mahisagar,Lunawada,0.4,1.0
Rainfall,2021,3,Mahisagar,Santrampur,1.1,1.0
Rainfall,2021,3,Mahisagar,Virpur,0.7,1.0
Rainfall,2021,4,Anand,Anand,0.0,0.0
Rainfall,2021,4,Anand,Anklav,0.0,0.0
Rainfall,2021,4,Anand,Borsad,0.0,0.0
Rainfall,2021,4,Anand,Khambhat,0.0,0.0
Rainfall,2021,4,Anand,Petlad,0.0,0.0
Rainfall,2021,4,Anand,Sojitra,0.0,0.0
Rainfall,2021,4,Anand,Tarapur,0.0,0.0
Rainfall,2021,4,Anand,Umreth,0.8,0.0
Rainfall,2021,4,Kheda,Galteshwar,0.0,0.0
Rainfall,2021,4,Kheda,Kapadvanj,1.4,0.0
Rainfall,2021,4,Kheda,Kathlal,0.0,0.0
Rainfall,2021,4,Kheda,Kheda,0.1,0.0
Rainfall,2021,4,Kheda,Mahudha,4.2,0.0
Rainfall,2021,4,Kheda,Matar,0.1,0.0
Rainfall,2021,4,Kheda,Mehmedabad,0.2,0.0
Rainfall,2021,4,Kheda,Nadiad,0.2,0.0
Rainfall,2021,4,Kheda,Thasra,0.1,0.0
Rainfall,2021,4,Kheda,Vaso,0.0,0.0
Rainfall,2021,4,Mahisagar,Balasinor,0.2,0.0
Rainfall,2021,4,Mahisagar,Kadana,0.0,0.0
Rainfall,2021,4,Mahisagar,Khanpur,0.0,0.0
Rainfall,2021,4,Mahisagar,Lunawada,0.3,0.0
Rainfall,2021,4,Mahisagar,Santrampur,0.0,0.0
Rainfall,2021,4,Mahisagar,Virpur,0.3,0.0
Rainfall,2021,5,Anand,Anand,18.7,101.5
Rainfall,2021,5,Anand,Anklav,17.0,101.5
Rainfall,2021,5,Anand,Borsad,20.5,101.5
Rainfall,2021,5,Anand,Khambhat,14.6,101.5
Rainfall,2021,5,Anand,Petlad,23.0,101.5
Rainfall,2021,5,Anand,Sojitra,21.7,101.5
Rainfall,2021,5,Anand,Tarapur,20.9,101.5
Rainfall,2021,5,Anand,Umreth,13.3,101.5
Rainfall,2021,5,Kheda,Galteshwar,11.8,49.0
Rainfall,2021,5,Kheda,Kapadvanj,12.2,49.0
Rainfall,2021,5,Kheda,Kathlal,8.8,49.0
Rainfall,2021,5,Kheda,Kheda,12.3,49.0
Rainfall,2021,5,Kheda,Mahudha,6.3,49.0
Rainfall,2021,5,Kheda,Matar,13.2,49.0
Rainfall,2021,5,Kheda,Mehmedabad,12.0,49.0
Rainfall,2021,5,Kheda,Nadiad,16.9,49.0
Rainfall,2021,5,Kheda,Thasra,12.5,49.0
Rainfall,2021,5,Kheda,Vaso,18.8,49.0
Rainfall,2021,5,Mahisagar,Balasinor,11.0,31.2
Rainfall,2021,5,Mahisagar,Kadana,6.9,31.2
Rainfall,2021,5,Mahisagar,Khanpur,6.6,31.2
Rainfall,2021,5,Mahisagar,Lunawada,6.1,31.2
Rainfall,2021,5,Mahisagar,Santrampur,8.8,31.2
Rainfall,2021,5,Mahisagar,Virpur,6.7,31.2
Rainfall,2021,6,Anand,Anand,80.4,287.0
Rainfall,2021,6,Anand,Anklav,92.6,287.0
Rainfall,2021,6,Anand,Borsad,90.1,287.0
Rainfall,2021,6,Anand,Khambhat,83.8,287.0
Rainfall,2021,6,Anand,Petlad,93.1,287.0
Rainfall,2021,6,Anand,Sojitra,99.0,287.0
Rainfall,2021,6,Anand,Tarapur,97.4,287.0
Rainfall,2021,6,Anand,Umreth,72.9,287.0
Rainfall,2021,6,Kheda,Galteshwar,26.2,187.0
Rainfall,2021,6,Kheda,Kapadvanj,60.6,187.0
Rainfall,2021,6,Kheda,Kathlal,15.1,187.0
Rainfall,2021,6,Kheda,Kheda,78.8,187.0
Rainfall,2021,6,Kheda,Mahudha,27.1,187.0
Rainfall,2021,6,Kheda,Matar,91.5,187.0
Rainfall,2021,6,Kheda,Mehmedabad,62.4,187.0
Rainfall,2021,6,Kheda,Nadiad,73.3,187.0
Rainfall,2021,6,Kheda,Thasra,33.2,187.0
Rainfall,2021,6,Kheda,Vaso,116.5,187.0
Rainfall,2021,6,Mahisagar,Balasinor,75.0,96.0
Rainfall,2021,6,Mahisagar,Kadana,26.0,96.0
Rainfall,2021,6,Mahisagar,Khanpur,28.3,96.0
Rainfall,2021,6,Mahisagar,Lunawada,41.6,96.0
Rainfall,2021,6,Mahisagar,Santrampur,41.4,96.0
Rainfall,2021,6,Mahisagar,Virpur,48.4,96.0
Rainfall,2021,7,Anand,Anand,146.5,407.0
Rainfall,2021,7,Anand,Anklav,171.6,407.0
Rainfall,2021,7,Anand,Borsad,168.3,407.0
Rainfall,2021,7,Anand,Khambhat,146.5,407.0
Rainfall,2021,7,Anand,Petlad,161.6,407.0
Rainfall,2021,7,Anand,Sojitra,147.3,407.0
Rainfall,2021,7,Anand,Tarapur,134.6,407.0
Rainfall,2021,7,Anand,Umreth,112.2,407.0
Rainfall,2021,7,Kheda,Galteshwar,80.5,470.5
Rainfall,2021,7,Kheda,Kapadvanj,156.8,470.5
Rainfall,2021,7,Kheda,Kathlal,117.2,470.5
Rainfall,2021,7,Kheda,Kheda,117.9,470.5
Rainfall,2021,7,Kheda,Mahudha,116.8,470.5
Rainfall,2021,7,Kheda,Matar,115.7,470.5
Rainfall,2021,7,Kheda,Mehmedabad,115.9,470.5
Rainfall,2021,7,Kheda,Nadiad,149.3,470.5
Rainfall,2021,7,Kheda,Thasra,107.5,470.5
Rainfall,2021,7,Kheda,Vaso,144.0,470.5
Rainfall,2021,7,Mahisagar,Balasinor,135.8,447.5
Rainfall,2021,7,Mahisagar,Kadana,146.4,447.5
Rainfall,2021,7,Mahisagar,Khanpur,131.2,447.5
Rainfall,2021,7,Mahisagar,Lunawada,168.5,447.5
Rainfall,2021,7,Mahisagar,Santrampur,188.6,447.5
Rainfall,2021,7,Mahisagar,Virpur,149.9,447.5
Rainfall,2021,8,Anand,Anand,79.5,142.5
Rainfall,2021,8,Anand,Anklav,85.6,142.5
Rainfall,2021,8,Anand,Borsad,82.6,142.5
Rainfall,2021,8,Anand,Khambhat,74.2,142.5
Rainfall,2021,8,Anand,Petlad,81.3,142.5
Rainfall,2021,8,Anand,Sojitra,80.0,142.5
Rainfall,2021,8,Anand,Tarapur,70.1,142.5
Rainfall,2021,8,Anand,Umreth,79.8,142.5
Rainfall,2021,8,Kheda,Galteshwar,76.0,204.0
Rainfall,2021,8,Kheda,Kapadvanj,108.1,204.0
Rainfall,2021,8,Kheda,Kathlal,76.0,204.0
Rainfall,2021,8,Kheda,Kheda,86.8,204.0
Rainfall,2021,8,Kheda,Mahudha,55.1,204.0
Rainfall,2021,8,Kheda,Matar,84.6,204.0
Rainfall,2021,8,Kheda,Mehmedabad,91.8,204.0
Rainfall,2021,8,Kheda,Nadiad,88.3,204.0
Rainfall,2021,8,Kheda,Thasra,85.7,204.0
Rainfall,2021,8,Kheda,Vaso,86.0,204.0
Rainfall,2021,8,Mahisagar,Balasinor,91.3,233.0
Rainfall,2021,8,Mahisagar,Kadana,107.8,233.0
Rainfall,2021,8,Mahisagar,Khanpur,95.1,233.0
Rainfall,2021,8,Mahisagar,Lunawada,109.6,233.0
Rainfall,2021,8,Mahisagar,Santrampur,135.4,233.0
Rainfall,2021,8,Mahisagar,Virpur,95.8,233.0
Rainfall,2021,9,Anand,Anand,634.4,1401.5
Rainfall,2021,9,Anand,Anklav,617.5,1401.5
Rainfall,2021,9,Anand,Borsad,657.2,1401.5
Rainfall,2021,9,Anand,Khambhat,662.9,1401.5
Rainfall,2021,9,Anand,Petlad,717.4,1401.5
Rainfall,2021,9,Anand,Sojitra,738.8,1401.5
Rainfall,2021,9,Anand,Tarapur,706.3,1401.5
Rainfall,2021,9,Anand,Umreth,575.3,1401.5
Rainfall,2021,9,Kheda,Galteshwar,517.3,1465.5
Rainfall,2021,9,Kheda,Kapadvanj,811.4,1465.5
Rainfall,2021,9,Kheda,Kathlal,601.5,1465.5
Rainfall,2021,9,Kheda,Kheda,752.6,1465.5
Rainfall,2021,9,Kheda,Mahudha,709.9,1465.5
Rainfall,2021,9,Kheda,Matar,742.7,1465.5
Rainfall,2021,9,Kheda,Mehmedabad,783.9,1465.5
Rainfall,2021,9,Kheda,Nadiad,755.9,1465.5
Rainfall,2021,9,Kheda,Thasra,600.3,1465.5
Rainfall,2021,9,Kheda,Vaso,765.0,1465.5
Rainfall,2021,9,Mahisagar,Balasinor,663.8,1262.0
Rainfall,2021,9,Mahisagar,Kadana,471.4,1262.0
Rainfall,2021,9,Mahisagar,Khanpur,482.3,1262.0
Rainfall,2021,9,Mahisagar,Lunawada,586.4,1262.0
Rainfall,2021,9,Mahisagar,Santrampur,598.1,1262.0
Rainfall,2021,9,Mahisagar,Virpur,606.1,1262.0
Rainfall,2021,10,Anand,Anand,6.8,24.2
Rainfall,2021,10,Anand,Anklav,6.9,24.2
Rainfall,2021,10,Anand,Borsad,7.9,24.2
Rainfall,2021,10,Anand,Khambhat,22.6,24.2
Rainfall,2021,10,Anand,Petlad,8.4,24.2
Rainfall,2021,10,Anand,Sojitra,9.4,24.2
Rainfall,2021,10,Anand,Tarapur,12.2,24.2
Rainfall,2021,10,Anand,Umreth,9.9,24.2
Rainfall,2021,10,Kheda,Galteshwar,13.5,114.0
Rainfall,2021,10,Kheda,Kapadvanj,12.8,114.0
Rainfall,2021,10,Kheda,Kathlal,2.6,114.0
Rainfall,2021,10,Kheda,Kheda,7.9,114.0
Rainfall,2021,10,Kheda,Mahudha,1.6,114.0
Rainfall,2021,10,Kheda,Matar,8.4,114.0
Rainfall,2021,10,Kheda,Mehmedabad,7.2,114.0
Rainfall,2021,10,Kheda,Nadiad,7.7,114.0
Rainfall,2021,10,Kheda,Thasra,13.6,114.0
Rainfall,2021,10,Kheda,Vaso,6.8,114.0
Rainfall,2021,10,Mahisagar,Balasinor,9.5,57.0
Rainfall,2021,10,Mahisagar,Kadana,3.2,57.0
Rainfall,2021,10,Mahisagar,Khanpur,3.6,57.0
Rainfall,2021,10,Mahisagar,Lunawada,5.4,57.0
Rainfall,2021,10,Mahisagar,Santrampur,10.5,57.0
Rainfall,2021,10,Mahisagar,Virpur,4.7,57.0
Rainfall,2021,11,Anand,Anand,32.4,32.5
Rainfall,2021,11,Anand,Anklav,31.0,32.5
Rainfall,2021,11,Anand,Borsad,36.7,32.5
Rainfall,2021,11,Anand,Khambhat,23.1,32.5
Rainfall,2021,11,Anand,Petlad,32.2,32.5
Rainfall,2021,11,Anand,Sojitra,20.3,32.5
Rainfall,2021,11,Anand,Tarapur,14.8,32.5
Rainfall,2021,11,Anand,Umreth,23.6,32.5
Rainfall,2021,11,Kheda,Galteshwar,23.7,20.0
Rainfall,2021,11,Kheda,Kapadvanj,3.1,20.0
Rainfall,2021,11,Kheda,Kathlal,6.9,20.0
Rainfall,2021,11,Kheda,Kheda,2.4,20.0
Rainfall,2021,11,Kheda,Mahudha,10.9,20.0
Rainfall,2021,11,Kheda,Matar,3.6,20.0
Rainfall,2021,11,Kheda,Mehmedabad,1.8,20.0
Rainfall,2021,11,Kheda,Nadiad,17.1,20.0
Rainfall,2021,11,Kheda,Thasra,21.8,20.0
Rainfall,2021,11,Kheda,Vaso,13.8,20.0
Rainfall,2021,11,Mahisagar,Balasinor,18.0,22.5
Rainfall,2021,11,Mahisagar,Kadana,16.1,22.5
Rainfall,2021,11,Mahisagar,Khanpur,10.6,22.5
Rainfall,2021,11,Mahisagar,Lunawada,16.8,22.5
Rainfall,2021,11,Mahisagar,Santrampur,31.1,22.5
Rainfall,2021,11,Mahisagar,Virpur,9.5,22.5
Rainfall,2021,12,Anand,Anand,6.9,99.0
Rainfall,2021,12,Anand,Anklav,8.5,99.0
Rainfall,2021,12,Anand,Borsad,8.5,99.0
Rainfall,2021,12,Anand,Khambhat,9.5,99.0
Rainfall,2021,12,Anand,Petlad,7.9,99.0
Rainfall,2021,12,Anand,Sojitra,7.1,99.0
Rainfall,2021,12,Anand,Tarapur,7.0,99.0
Rainfall,2021,12,Anand,Umreth,6.3,99.0
Rainfall,2021,12,Kheda,Galteshwar,6.9,39.5
Rainfall,2021,12,Kheda,Kapadvanj,5.0,39.5
Rainfall,2021,12,Kheda,Kathlal,0.0,39.5
Rainfall,2021,12,Kheda,Kheda,5.1,39.5
Rainfall,2021,12,Kheda,Mahudha,0.0,39.5
Rainfall,2021,12,Kheda,Matar,5.2,39.5
Rainfall,2021,12,Kheda,Mehmedabad,4.8,39.5
Rainfall,2021,12,Kheda,Nadiad,6.0,39.5
Rainfall,2021,12,Kheda,Thasra,6.6,39.5
Rainfall,2021,12,Kheda,Vaso,6.5,39.5
Rainfall,2021,12,Mahisagar,Balasinor,6.7,14.0
Rainfall,2021,12,Mahisagar,Kadana,3.3,14.0
Rainfall,2021,12,Mahisagar,Khanpur,3.4,14.0
Rainfall,2021,12,Mahisagar,Lunawada,5.0,14.0
Rainfall,2021,12,Mahisagar,Santrampur,5.4,14.0
Rainfall,2021,12,Mahisagar,Virpur,4.4,14.0
Rainfall,2022,1,Anand,Anand,1.1,16.0
Rainfall,2022,1,Anand,Anklav,1.0,16.0
Rainfall,2022,1,Anand,Borsad,1.0,16.0
Rainfall,2022,1,Anand,Khambhat,1.0,16.0
Rainfall,2022,1,Anand,Petlad,1.1,16.0
Rainfall,2022,1,Anand,Sojitra,1.2,16.0
Rainfall,2022,1,Anand,Tarapur,1.1,16.0
Rainfall,2022,1,Anand,Umreth,1.3,16.0
Rainfall,2022,1,Kheda,Galteshwar,1.4,20.0
Rainfall,2022,1,Kheda,Kapadvanj,1.6,20.0
Rainfall,2022,1,Kheda,Kathlal,7.7,20.0
Rainfall,2022,1,Kheda,Kheda,1.0,20.0
Rainfall,2022,1,Kheda,Mahudha,8.2,20.0
Rainfall,2022,1,Kheda,Matar,1.0,20.0
Rainfall,2022,1,Kheda,Mehmedabad,1.1,20.0
Rainfall,2022,1,Kheda,Nadiad,1.2,20.0
Rainfall,2022,1,Kheda,Thasra,1.8,20.0
Rainfall,2022,1,Kheda,Vaso,1.3,20.0
Rainfall,2022,1,Mahisagar,Balasinor,2.5,27.0
Rainfall,2022,1,Mahisagar,Kadana,2.1,27.0
Rainfall,2022,1,Mahisagar,Khanpur,2.4,27.0
Rainfall,2022,1,Mahisagar,Lunawada,2.3,27.0
Rainfall,2022,1,Mahisagar,Santrampur,3.4,27.0
Rainfall,2022,1,Mahisagar,Virpur,3.0,27.0
Rainfall,2022,2,Anand,Anand,0.0,0.0
Rainfall,2022,2,Anand,Anklav,0.0,0.0
Rainfall,2022,2,Anand,Borsad,0.0,0.0
Rainfall,2022,2,Anand,Khambhat,0.0,0.0
Rainfall,2022,2,Anand,Petlad,0.0,0.0
Rainfall,2022,2,Anand,Sojitra,0.0,0.0
Rainfall,2022,2,Anand,Tarapur,0.0,0.0
Rainfall,2022,2,Anand,Umreth,0.0,0.0
Rainfall,2022,2,Kheda,Galteshwar,0.0,0.0
Rainfall,2022,2,Kheda,Kapadvanj,0.0,0.0
Rainfall,2022,2,Kheda,Kathlal,0.0,0.0
Rainfall,2022,2,Kheda,Kheda,0.0,0.0
Rainfall,2022,2,Kheda,Mahudha,0.0,0.0
Rainfall,2022,2,Kheda,Matar,0.0,0.0
Rainfall,2022,2,Kheda,Mehmedabad,0.0,0.0
Rainfall,2022,2,Kheda,Nadiad,0.0,0.0
Rainfall,2022,2,Kheda,Thasra,0.0,0.0
Rainfall,2022,2,Kheda,Vaso,0.0,0.0
Rainfall,2022,2,Mahisagar,Balasinor,0.0,0.0
Rainfall,2022,2,Mahisagar,Kadana,0.0,0.0
Rainfall,2022,2,Mahisagar,Khanpur,0.0,0.0
Rainfall,2022,2,Mahisagar,Lunawada,0.0,0.0
Rainfall,2022,2,Mahisagar,Santrampur,0.0,0.0
Rainfall,2022,2,Mahisagar,Virpur,0.0,0.0
Rainfall,2022,3,Anand,Anand,0.0,0.0
Rainfall,2022,3,Anand,Anklav,0.0,0.0
Rainfall,2022,3,Anand,Borsad,0.0,0.0
Rainfall,2022,3,Anand,Khambhat,0.0,0.0
Rainfall,2022,3,Anand,Petlad,0.0,0.0
Rainfall,2022,3,Anand,Sojitra,0.0,0.0
Rainfall,2022,3,Anand,Tarapur,0.0,0.0
Rainfall,2022,3,Anand,Umreth,0.0,0.0
Rainfall,2022,3,Kheda,Galteshwar,0.0,2.0
Rainfall,2022,3,Kheda,Kapadvanj,0.0,2.0
Rainfall,2022,3,Kheda,Kathlal,0.0,2.0
Rainfall,2022,3,Kheda,Kheda,0.0,2.0
Rainfall,2022,3,Kheda,Mahudha,0.0,2.0
Rainfall,2022,3,Kheda,Matar,0.0,2.0
Rainfall,2022,3,Kheda,Mehmedabad,0.0,2.0
Rainfall,2022,3,Kheda,Nadiad,0.0,2.0
Rainfall,2022,3,Kheda,Thasra,0.0,2.0
Rainfall,2022,3,Kheda,Vaso,0.0,2.0
Rainfall,2022,3,Mahisagar,Balasinor,0.1,1.0
Rainfall,2022,3,Mahisagar,Kadana,0.3,1.0
Rainfall,2022,3,Mahisagar,Khanpur,0.4,1.0
Rainfall,2022,3,Mahisagar,Lunawada,0.6,1.0
Rainfall,2022,3,Mahisagar,Santrampur,0.7,1.0
Rainfall,2022,3,Mahisagar,Virpur,0.6,1.0
Rainfall,2022,4,Anand,Anand,0.3,2.0
Rainfall,2022,4,Anand,Anklav,0.9,2.0
Rainfall,2022,4,Anand,Borsad,1.2,2.0
Rainfall,2022,4,Anand,Khambhat,0.8,2.0
Rainfall,2022,4,Anand,Petlad,0.7,2.0
Rainfall,2022,4,Anand,Sojitra,0.4,2.0
Rainfall,2022,4,Anand,Tarapur,0.3,2.0
Rainfall,2022,4,Anand,Umreth,0.4,2.0
Rainfall,2022,4,Kheda,Galteshwar,0.0,0.0
Rainfall,2022,4,Kheda,Kapadvanj,0.0,0.0
Rainfall,2022,4,Kheda,Kathlal,0.0,0.0
Rainfall,2022,4,Kheda,Kheda,0.1,0.0
Rainfall,2022,4,Kheda,Mahudha,0.0,0.0
Rainfall,2022,4,Kheda,Matar,0.2,0.0
Rainfall,2022,4,Kheda,Mehmedabad,0.0,0.0
Rainfall,2022,4,Kheda,Nadiad,0.2,0.0
Rainfall,2022,4,Kheda,Thasra,0.2,0.0
Rainfall,2022,4,Kheda,Vaso,0.3,0.0
Rainfall,2022,4,Mahisagar,Balasinor,0.0,0.0
Rainfall,2022,4,Mahisagar,Kadana,0.0,0.0
Rainfall,2022,4,Mahisagar,Khanpur,0.0,0.0
Rainfall,2022,4,Mahisagar,Lunawada,0.0,0.0
Rainfall,2022,4,Mahisagar,Santrampur,0.0,0.0
Rainfall,2022,4,Mahisagar,Virpur,0.0,0.0
Rainfall,2022,5,Anand,Anand,0.0,0.0
Rainfall,2022,5,Anand,Anklav,0.0,0.0
Rainfall,2022,5,Anand,Borsad,0.0,0.0
Rainfall,2022,5,Anand,Khambhat,0.0,0.0
Rainfall,2022,5,Anand,Petlad,0.0,0.0
Rainfall,2022,5,Anand,Sojitra,0.0,0.0
Rainfall,2022,5,Anand,Tarapur,0.0,0.0
Rainfall,2022,5,Anand,Umreth,0.0,0.0
Rainfall,2022,5,Kheda,Galteshwar,0.0,0.0
Rainfall,2022,5,Kheda,Kapadvanj,0.0,0.0
Rainfall,2022,5,Kheda,Kathlal,0.0,0.0
Rainfall,2022,5,Kheda,Kheda,0.0,0.0
Rainfall,2022,5,Kheda,Mahudha,0.0,0.0
Rainfall,2022,5,Kheda,Matar,0.0,0.0
Rainfall,2022,5,Kheda,Mehmedabad,0.0,0.0
Rainfall,2022,5,Kheda,Nadiad,0.0,0.0
Rainfall,2022,5,Kheda,Thasra,0.0,0.0
Rainfall,2022,5,Kheda,Vaso,0.0,0.0
Rainfall,2022,5,Mahisagar,Balasinor,0.0,0.0
Rainfall,2022,5,Mahisagar,Kadana,0.0,0.0
Rainfall,2022,5,Mahisagar,Khanpur,0.0,0.0
Rainfall,2022,5,Mahisagar,Lunawada,0.0,0.0
Rainfall,2022,5,Mahisagar,Santrampur,0.0,0.0
Rainfall,2022,5,Mahisagar,Virpur,0.0,0.0
Rainfall,2022,6,Anand,Anand,35.9,110.0
Rainfall,2022,6,Anand,Anklav,34.8,110.0
Rainfall,2022,6,Anand,Borsad,36.6,110.0
Rainfall,2022,6,Anand,Khambhat,30.5,110.0
Rainfall,2022,6,Anand,Petlad,44.6,110.0
Rainfall,2022,6,Anand,Sojitra,46.4,110.0
Rainfall,2022,6,Anand,Tarapur,37.9,110.0
Rainfall,2022,6,Anand,Umreth,25.7,110.0
Rainfall,2022,6,Kheda,Galteshwar,25.2,123.0
Rainfall,2022,6,Kheda,Kapadvanj,34.6,123.0
Rainfall,2022,6,Kheda,Kathlal,34.2,123.0
Rainfall,2022,6,Kheda,Kheda,36.6,123.0
Rainfall,2022,6,Kheda,Mahudha,23.3,123.0
Rainfall,2022,6,Kheda,Matar,36.7,123.0
Rainfall,2022,6,Kheda,Mehmedabad,32.8,123.0
Rainfall,2022,6,Kheda,Nadiad,42.3,123.0
Rainfall,2022,6,Kheda,Thasra,26.3,123.0
Rainfall,2022,6,Kheda,Vaso,51.5,123.0
Rainfall,2022,6,Mahisagar,Balasinor,28.2,49.0
Rainfall,2022,6,Mahisagar,Kadana,38.7,49.0
Rainfall,2022,6,Mahisagar,Khanpur,41.5,49.0
Rainfall,2022,6,Mahisagar,Lunawada,33.7,49.0
Rainfall,2022,6,Mahisagar,Santrampur,42.3,49.0
Rainfall,2022,6,Mahisagar,Virpur,41.2,49.0
Rainfall,2022,7,Anand,Anand,455.1,1022.0
Rainfall,2022,7,Anand,Anklav,471.3,1022.0
Rainfall,2022,7,Anand,Borsad,531.1,1022.0
Rainfall,2022,7,Anand,Khambhat,643.6,1022.0
Rainfall,2022,7,Anand,Petlad,599.9,1022.0
Rainfall,2022,7,Anand,Sojitra,625.9,1022.0
Rainfall,2022,7,Anand,Tarapur,640.7,1022.0
Rainfall,2022,7,Anand,Umreth,325.4,1022.0
Rainfall,2022,7,Kheda,Galteshwar,159.5,853.0
Rainfall,2022,7,Kheda,Kapadvanj,289.4,853.0
Rainfall,2022,7,Kheda,Kathlal,276.2,853.0
Rainfall,2022,7,Kheda,Kheda,371.3,853.0
Rainfall,2022,7,Kheda,Mahudha,233.9,853.0
Rainfall,2022,7,Kheda,Matar,383.0,853.0
Rainfall,2022,7,Kheda,Mehmedabad,343.1,853.0
Rainfall,2022,7,Kheda,Nadiad,359.3,853.0
Rainfall,2022,7,Kheda,Thasra,202.5,853.0
Rainfall,2022,7,Kheda,Vaso,419.8,853.0
Rainfall,2022,7,Mahisagar,Balasinor,228.0,917.0
Rainfall,2022,7,Mahisagar,Kadana,192.3,917.0
Rainfall,2022,7,Mahisagar,Khanpur,174.1,917.0
Rainfall,2022,7,Mahisagar,Lunawada,258.9,917.0
Rainfall,2022,7,Mahisagar,Santrampur,288.0,917.0
Rainfall,2022,7,Mahisagar,Virpur,242.9,917.0
Rainfall,2022,8,Anand,Anand,202.4,475.0
Rainfall,2022,8,Anand,Anklav,228.0,475.0
Rainfall,2022,8,Anand,Borsad,256.4,475.0
Rainfall,2022,8,Anand,Khambhat,296.4,475.0
Rainfall,2022,8,Anand,Petlad,293.6,475.0
Rainfall,2022,8,Anand,Sojitra,301.3,475.0
Rainfall,2022,8,Anand,Tarapur,303.4,475.0
Rainfall,2022,8,Anand,Umreth,109.5,475.0
Rainfall,2022,8,Kheda,Galteshwar,81.5,589.0
Rainfall,2022,8,Kheda,Kapadvanj,249.9,589.0
Rainfall,2022,8,Kheda,Kathlal,266.3,589.0
Rainfall,2022,8,Kheda,Kheda,249.0,589.0
Rainfall,2022,8,Kheda,Mahudha,212.1,589.0
Rainfall,2022,8,Kheda,Matar,256.3,589.0
Rainfall,2022,8,Kheda,Mehmedabad,244.6,589.0
Rainfall,2022,8,Kheda,Nadiad,238.8,589.0
Rainfall,2022,8,Kheda,Thasra,118.2,589.0
Rainfall,2022,8,Kheda,Vaso,284.6,589.0
Rainfall,2022,8,Mahisagar,Balasinor,163.9,649.0
Rainfall,2022,8,Mahisagar,Kadana,129.9,649.0
Rainfall,2022,8,Mahisagar,Khanpur,104.7,649.0
Rainfall,2022,8,Mahisagar,Lunawada,183.3,649.0
Rainfall,2022,8,Mahisagar,Santrampur,228.7,649.0
Rainfall,2022,8,Mahisagar,Virpur,165.3,649.0
Rainfall,2022,9,Anand,Anand,99.5,245.0
Rainfall,2022,9,Anand,Anklav,99.5,245.0
Rainfall,2022,9,Anand,Borsad,110.3,245.0
Rainfall,2022,9,Anand,Khambhat,161.7,245.0
Rainfall,2022,9,Anand,Petlad,129.8,245.0
Rainfall,2022,9,Anand,Sojitra,138.2,245.0
Rainfall,2022,9,Anand,Tarapur,132.1,245.0
Rainfall,2022,9,Anand,Umreth,67.6,245.0
Rainfall,2022,9,Kheda,Galteshwar,49.0,386.0
Rainfall,2022,9,Kheda,Kapadvanj,157.7,386.0
Rainfall,2022,9,Kheda,Kathlal,52.4,386.0
Rainfall,2022,9,Kheda,Kheda,132.7,386.0
Rainfall,2022,9,Kheda,Mahudha,79.6,386.0
Rainfall,2022,9,Kheda,Matar,132.2,386.0
Rainfall,2022,9,Kheda,Mehmedabad,132.4,386.0
Rainfall,2022,9,Kheda,Nadiad,130.6,386.0
Rainfall,2022,9,Kheda,Thasra,73.6,386.0
Rainfall,2022,9,Kheda,Vaso,143.5,386.0
Rainfall,2022,9,Mahisagar,Balasinor,108.3,216.0
Rainfall,2022,9,Mahisagar,Kadana,92.9,216.0
Rainfall,2022,9,Mahisagar,Khanpur,84.3,216.0
Rainfall,2022,9,Mahisagar,Lunawada,143.9,216.0
Rainfall,2022,9,Mahisagar,Santrampur,148.1,216.0
Rainfall,2022,9,Mahisagar,Virpur,118.6,216.0
Rainfall,2022,10,Anand,Anand,0.0,0.0
Rainfall,2022,10,Anand,Anklav,0.0,0.0
Rainfall,2022,10,Anand,Borsad,0.0,0.0
Rainfall,2022,10,Anand,Khambhat,0.5,0.0
Rainfall,2022,10,Anand,Petlad,0.2,0.0
Rainfall,2022,10,Anand,Sojitra,0.2,0.0
Rainfall,2022,10,Anand,Tarapur,0.4,0.0
Rainfall,2022,10,Anand,Umreth,0.0,0.0
Rainfall,2022,10,Kheda,Galteshwar,0.0,0.0
Rainfall,2022,10,Kheda,Kapadvanj,0.2,0.0
Rainfall,2022,10,Kheda,Kathlal,0.0,0.0
Rainfall,2022,10,Kheda,Kheda,0.0,0.0
Rainfall,2022,10,Kheda,Mahudha,0.0,0.0
Rainfall,2022,10,Kheda,Matar,0.1,0.0
Rainfall,2022,10,Kheda,Mehmedabad,0.1,0.0
Rainfall,2022,10,Kheda,Nadiad,0.0,0.0
Rainfall,2022,10,Kheda,Thasra,0.0,0.0
Rainfall,2022,10,Kheda,Vaso,0.0,0.0
Rainfall,2022,10,Mahisagar,Balasinor,0.4,0.0
Rainfall,2022,10,Mahisagar,Kadana,0.6,0.0
Rainfall,2022,10,Mahisagar,Khanpur,0.2,0.0
Rainfall,2022,10,Mahisagar,Lunawada,1.1,0.0
Rainfall,2022,10,Mahisagar,Santrampur,1.7,0.0
Rainfall,2022,10,Mahisagar,Virpur,1.0,0.0
Rainfall,2022,11,Anand,Anand,0.0,0.0
Rainfall,2022,11,Anand,Anklav,0.0,0.0
Rainfall,2022,11,Anand,Borsad,0.0,0.0
Rainfall,2022,11,Anand,Khambhat,0.0,0.0
Rainfall,2022,11,Anand,Petlad,0.0,0.0
Rainfall,2022,11,Anand,Sojitra,0.0,0.0
Rainfall,2022,11,Anand,Tarapur,0.0,0.0
Rainfall,2022,11,Anand,Umreth,0.0,0.0
Rainfall,2022,11,Kheda,Galteshwar,0.0,0.0
Rainfall,2022,11,Kheda,Kapadvanj,0.0,0.0
Rainfall,2022,11,Kheda,Kathlal,0.0,0.0
Rainfall,2022,11,Kheda,Kheda,0.0,0.0
Rainfall,2022,11,Kheda,Mahudha,0.0,0.0
Rainfall,2022,11,Kheda,Matar,0.0,0.0
Rainfall,2022,11,Kheda,Mehmedabad,0.0,0.0
Rainfall,2022,11,Kheda,Nadiad,0.0,0.0
Rainfall,2022,11,Kheda,Thasra,0.0,0.0
Rainfall,2022,11,Kheda,Vaso,0.0,0.0
Rainfall,2022,11,Mahisagar,Balasinor,0.0,0.0
Rainfall,2022,11,Mahisagar,Kadana,0.0,0.0
Rainfall,2022,11,Mahisagar,Khanpur,0.0,0.0
Rainfall,2022,11,Mahisagar,Lunawada,0.0,0.0
Rainfall,2022,11,Mahisagar,Santrampur,0.0,0.0
Rainfall,2022,11,Mahisagar,Virpur,0.0,0.0
Rainfall,2022,12,Anand,Anand,0.0,4.0
Rainfall,2022,12,Anand,Anklav,0.0,4.0
Rainfall,2022,12,Anand,Borsad,0.0,4.0
Rainfall,2022,12,Anand,Khambhat,0.1,4.0
Rainfall,2022,12,Anand,Petlad,0.0,4.0
Rainfall,2022,12,Anand,Sojitra,0.0,4.0
Rainfall,2022,12,Anand,Tarapur,0.0,4.0
Rainfall,2022,12,Anand,Umreth,0.0,4.0
Rainfall,2022,12,Kheda,Galteshwar,0.0,0.0
Rainfall,2022,12,Kheda,Kapadvanj,0.0,0.0
Rainfall,2022,12,Kheda,Kathlal,0.0,0.0
Rainfall,2022,12,Kheda,Kheda,0.0,0.0
Rainfall,2022,12,Kheda,Mahudha,0.0,0.0
Rainfall,2022,12,Kheda,Matar,0.0,0.0
Rainfall,2022,12,Kheda,Mehmedabad,0.0,0.0
Rainfall,2022,12,Kheda,Nadiad,0.0,0.0
Rainfall,2022,12,Kheda,Thasra,0.0,0.0
Rainfall,2022,12,Kheda,Vaso,0.0,0.0
Rainfall,2022,12,Mahisagar,Balasinor,0.0,0.0
Rainfall,2022,12,Mahisagar,Kadana,0.0,0.0
Rainfall,2022,12,Mahisagar,Khanpur,0.0,0.0
Rainfall,2022,12,Mahisagar,Lunawada,0.0,0.0
Rainfall,2022,12,Mahisagar,Santrampur,0.0,0.0
Rainfall,2022,12,Mahisagar,Virpur,0.0,0.0
Rainfall,2023,1,Anand,Anand,0.6,0.0
Rainfall,2023,1,Anand,Anklav,0.0,0.0
Rainfall,2023,1,Anand,Borsad,0.4,0.0
Rainfall,2023,1,Anand,Khambhat,0.0,0.0
Rainfall,2023,1,Anand,Petlad,0.4,0.0
Rainfall,2023,1,Anand,Sojitra,0.2,0.0
Rainfall,2023,1,Anand,Tarapur,0.0,0.0
Rainfall,2023,1,Anand,Umreth,0.7,0.0
Rainfall,2023,1,Kheda,Galteshwar,0.0,0.0
Rainfall,2023,1,Kheda,Kapadvanj,3.7,0.0
Rainfall,2023,1,Kheda,Kathlal,0.4,0.0
Rainfall,2023,1,Kheda,Kheda,1.4,0.0
Rainfall,2023,1,Kheda,Mahudha,0.0,0.0
Rainfall,2023,1,Kheda,Matar,1.0,0.0
Rainfall,2023,1,Kheda,Mehmedabad,0.0,0.0
Rainfall,2023,1,Kheda,Nadiad,1.2,0.0
Rainfall,2023,1,Kheda,Thasra,1.5,0.0
Rainfall,2023,1,Kheda,Vaso,0.6,0.0
Rainfall,2023,1,Mahisagar,Balasinor,2.5,0.0
Rainfall,2023,1,Mahisagar,Kadana,1.1,0.0
Rainfall,2023,1,Mahisagar,Khanpur,1.4,0.0
Rainfall,2023,1,Mahisagar,Lunawada,4.0,0.0
Rainfall,2023,1,Mahisagar,Santrampur,3.6,0.0
Rainfall,2023,1,Mahisagar,Virpur,2.7,0.0
Rainfall,2023,2,Anand,Anand,0.0,0.0
Rainfall,2023,2,Anand,Anklav,0.0,0.0
Rainfall,2023,2,Anand,Borsad,0.0,0.0
Rainfall,2023,2,Anand,Khambhat,0.0,0.0
Rainfall,2023,2,Anand,Petlad,0.0,0.0
Rainfall,2023,2,Anand,Sojitra,0.0,0.0
Rainfall,2023,2,Anand,Tarapur,0.0,0.0
Rainfall,2023,2,Anand,Umreth,0.0,0.0
Rainfall,2023,2,Kheda,Galteshwar,0.0,0.0
Rainfall,2023,2,Kheda,Kapadvanj,0.0,0.0
Rainfall,2023,2,Kheda,Kathlal,0.0,0.0
Rainfall,2023,2,Kheda,Kheda,0.0,0.0
Rainfall,2023,2,Kheda,Mahudha,0.0,0.0
Rainfall,2023,2,Kheda,Matar,0.0,0.0
Rainfall,2023,2,Kheda,Mehmedabad,0.0,0.0
Rainfall,2023,2,Kheda,Nadiad,0.0,0.0
Rainfall,2023,2,Kheda,Thasra,0.0,0.0
Rainfall,2023,2,Kheda,Vaso,0.0,0.0
Rainfall,2023,2,Mahisagar,Balasinor,0.0,0.0
Rainfall,2023,2,Mahisagar,Kadana,0.0,0.0
Rainfall,2023,2,Mahisagar,Khanpur,0.0,0.0
Rainfall,2023,2,Mahisagar,Lunawada,0.0,0.0
Rainfall,2023,2,Mahisagar,Santrampur,0.0,0.0
Rainfall,2023,2,Mahisagar,Virpur,0.0,0.0
Rainfall,2023,3,Anand,Anand,5.3,13.0
Rainfall,2023,3,Anand,Anklav,2.3,13.0
Rainfall,2023,3,Anand,Borsad,5.1,13.0
Rainfall,2023,3,Anand,Khambhat,9.0,13.0
Rainfall,2023,3,Anand,Petlad,7.1,13.0
Rainfall,2023,3,Anand,Sojitra,7.9,13.0
Rainfall,2023,3,Anand,Tarapur,10.7,13.0
Rainfall,2023,3,Anand,Umreth,4.1,13.0
Rainfall,2023,3,Kheda,Galteshwar,4.8,13.0
Rainfall,2023,3,Kheda,Kapadvanj,8.0,13.0
Rainfall,2023,3,Kheda,Kathlal,3.7,13.0
Rainfall,2023,3,Kheda,Kheda,5.2,13.0
Rainfall,2023,3,Kheda,Mahudha,5.7,13.0
Rainfall,2023,3,Kheda,Matar,6.1,13.0
Rainfall,2023,3,Kheda,Mehmedabad,4.3,13.0
Rainfall,2023,3,Kheda,Nadiad,5.6,13.0
Rainfall,2023,3,Kheda,Thasra,5.8,13.0
Rainfall,2023,3,Kheda,Vaso,6.5,13.0
Rainfall,2023,3,Mahisagar,Balasinor,6.4,23.0
Rainfall,2023,3,Mahisagar,Kadana,6.3,23.0
Rainfall,2023,3,Mahisagar,Khanpur,5.5,23.0
Rainfall,2023,3,Mahisagar,Lunawada,4.6,23.0
Rainfall,2023,3,Mahisagar,Santrampur,7.8,23.0
Rainfall,2023,3,Mahisagar,Virpur,4.6,23.0
Rainfall,2023,4,Anand,Anand,3.8,10.0
Rainfall,2023,4,Anand,Anklav,0.3,10.0
Rainfall,2023,4,Anand,Borsad,2.8,10.0
Rainfall,2023,4,Anand,Khambhat,1.5,10.0
Rainfall,2023,4,Anand,Petlad,3.5,10.0
Rainfall,2023,4,Anand,Sojitra,4.2,10.0
Rainfall,2023,4,Anand,Tarapur,3.5,10.0
Rainfall,2023,4,Anand,Umreth,2.3,10.0
Rainfall,2023,4,Kheda,Galteshwar,0.0,14.0
Rainfall,2023,4,Kheda,Kapadvanj,7.3,14.0
Rainfall,2023,4,Kheda,Kathlal,10.2,14.0
Rainfall,2023,4,Kheda,Kheda,9.1,14.0
Rainfall,2023,4,Kheda,Mahudha,6.1,14.0
Rainfall,2023,4,Kheda,Matar,7.8,14.0
Rainfall,2023,4,Kheda,Mehmedabad,13.0,14.0
Rainfall,2023,4,Kheda,Nadiad,9.8,14.0
Rainfall,2023,4,Kheda,Thasra,1.6,14.0
Rainfall,2023,4,Kheda,Vaso,5.4,14.0
Rainfall,2023,4,Mahisagar,Balasinor,4.4,18.0
Rainfall,2023,4,Mahisagar,Kadana,3.2,18.0
Rainfall,2023,4,Mahisagar,Khanpur,2.9,18.0
Rainfall,2023,4,Mahisagar,Lunawada,1.1,18.0
Rainfall,2023,4,Mahisagar,Santrampur,3.1,18.0
Rainfall,2023,4,Mahisagar,Virpur,2.8,18.0
Rainfall,2023,5,Anand,Anand,2.0,16.0
Rainfall,2023,5,Anand,Anklav,0.3,16.0
Rainfall,2023,5,Anand,Borsad,1.3,16.0
Rainfall,2023,5,Anand,Khambhat,0.5,16.0
Rainfall,2023,5,Anand,Petlad,1.7,16.0
Rainfall,2023,5,Anand,Sojitra,2.5,16.0
Rainfall,2023,5,Anand,Tarapur,2.2,16.0
Rainfall,2023,5,Anand,Umreth,1.3,16.0
Rainfall,2023,5,Kheda,Galteshwar,0.7,12.0
Rainfall,2023,5,Kheda,Kapadvanj,3.3,12.0
Rainfall,2023,5,Kheda,Kathlal,0.6,12.0
Rainfall,2023,5,Kheda,Kheda,4.2,12.0
Rainfall,2023,5,Kheda,Mahudha,2.5,12.0
Rainfall,2023,5,Kheda,Matar,4.5,12.0
Rainfall,2023,5,Kheda,Mehmedabad,5.0,12.0
Rainfall,2023,5,Kheda,Nadiad,2.6,12.0
Rainfall,2023,5,Kheda,Thasra,0.6,12.0
Rainfall,2023,5,Kheda,Vaso,3.7,12.0
Rainfall,2023,5,Mahisagar,Balasinor,0.7,7.0
Rainfall,2023,5,Mahisagar,Kadana,0.5,7.0
Rainfall,2023,5,Mahisagar,Khanpur,0.2,7.0
Rainfall,2023,5,Mahisagar,Lunawada,0.6,7.0
Rainfall,2023,5,Mahisagar,Santrampur,2.0,7.0
Rainfall,2023,5,Mahisagar,Virpur,0.3,7.0
Rainfall,2023,6,Anand,Anand,82.0,198.0
Rainfall,2023,6,Anand,Anklav,96.3,198.0
Rainfall,2023,6,Anand,Borsad,86.6,198.0
Rainfall,2023,6,Anand,Khambhat,73.8,198.0
Rainfall,2023,6,Anand,Petlad,86.4,198.0
Rainfall,2023,6,Anand,Sojitra,82.5,198.0
Rainfall,2023,6,Anand,Tarapur,72.2,198.0
Rainfall,2023,6,Anand,Umreth,68.6,198.0
Rainfall,2023,6,Kheda,Galteshwar,51.1,178.0
Rainfall,2023,6,Kheda,Kapadvanj,81.5,178.0
Rainfall,2023,6,Kheda,Kathlal,66.0,178.0
Rainfall,2023,6,Kheda,Kheda,71.4,178.0
Rainfall,2023,6,Kheda,Mahudha,64.3,178.0
Rainfall,2023,6,Kheda,Matar,71.2,178.0
Rainfall,2023,6,Kheda,Mehmedabad,70.8,178.0
Rainfall,2023,6,Kheda,Nadiad,84.5,178.0
Rainfall,2023,6,Kheda,Thasra,62.5,178.0
Rainfall,2023,6,Kheda,Vaso,83.6,178.0
Rainfall,2023,6,Mahisagar,Balasinor,62.9,158.0
Rainfall,2023,6,Mahisagar,Kadana,93.9,158.0
Rainfall,2023,6,Mahisagar,Khanpur,78.4,158.0
Rainfall,2023,6,Mahisagar,Lunawada,70.3,158.0
Rainfall,2023,6,Mahisagar,Santrampur,118.7,158.0
Rainfall,2023,6,Mahisagar,Virpur,67.9,158.0
Rainfall,2023,7,Anand,Anand,453.6,894.0
Rainfall,2023,7,Anand,Anklav,448.6,894.0
Rainfall,2023,7,Anand,Borsad,523.4,894.0
Rainfall,2023,7,Anand,Khambhat,714.6,894.0
Rainfall,2023,7,Anand,Petlad,607.3,894.0
Rainfall,2023,7,Anand,Sojitra,620.5,894.0
Rainfall,2023,7,Anand,Tarapur,651.8,894.0
Rainfall,2023,7,Anand,Umreth,301.2,894.0
Rainfall,2023,7,Kheda,Galteshwar,203.0,797.0
Rainfall,2023,7,Kheda,Kapadvanj,446.2,797.0
Rainfall,2023,7,Kheda,Kathlal,275.2,797.0
Rainfall,2023,7,Kheda,Kheda,478.3,797.0
Rainfall,2023,7,Kheda,Mahudha,232.6,797.0
Rainfall,2023,7,Kheda,Matar,496.3,797.0
Rainfall,2023,7,Kheda,Mehmedabad,444.0,797.0
Rainfall,2023,7,Kheda,Nadiad,522.3,797.0
Rainfall,2023,7,Kheda,Thasra,283.6,797.0
Rainfall,2023,7,Kheda,Vaso,582.2,797.0
Rainfall,2023,7,Mahisagar,Balasinor,344.7,618.0
Rainfall,2023,7,Mahisagar,Kadana,335.5,618.0
Rainfall,2023,7,Mahisagar,Khanpur,264.7,618.0
Rainfall,2023,7,Mahisagar,Lunawada,337.0,618.0
Rainfall,2023,7,Mahisagar,Santrampur,452.6,618.0
Rainfall,2023,7,Mahisagar,Virpur,317.1,618.0
Rainfall,2023,8,Anand,Anand,30.1,58.0
Rainfall,2023,8,Anand,Anklav,36.2,58.0
Rainfall,2023,8,Anand,Borsad,33.1,58.0
Rainfall,2023,8,Anand,Khambhat,26.0,58.0
Rainfall,2023,8,Anand,Petlad,28.9,58.0
Rainfall,2023,8,Anand,Sojitra,25.2,58.0
Rainfall,2023,8,Anand,Tarapur,21.9,58.0
Rainfall,2023,8,Anand,Umreth,29.1,58.0
Rainfall,2023,8,Kheda,Galteshwar,22.0,64.0
Rainfall,2023,8,Kheda,Kapadvanj,40.5,64.0
Rainfall,2023,8,Kheda,Kathlal,53.8,64.0
Rainfall,2023,8,Kheda,Kheda,22.1,64.0
Rainfall,2023,8,Kheda,Mahudha,33.7,64.0
Rainfall,2023,8,Kheda,Matar,22.0,64.0
Rainfall,2023,8,Kheda,Mehmedabad,25.1,64.0
Rainfall,2023,8,Kheda,Nadiad,28.3,64.0
Rainfall,2023,8,Kheda,Thasra,30.6,64.0
Rainfall,2023,8,Kheda,Vaso,24.6,64.0
Rainfall,2023,8,Mahisagar,Balasinor,39.5,71.0
Rainfall,2023,8,Mahisagar,Kadana,33.7,71.0
Rainfall,2023,8,Mahisagar,Khanpur,34.7,71.0
Rainfall,2023,8,Mahisagar,Lunawada,39.9,71.0
Rainfall,2023,8,Mahisagar,Santrampur,41.3,71.0
Rainfall,2023,8,Mahisagar,Virpur,41.3,71.0
Rainfall,2023,9,Anand,Anand,119.4,311.0
Rainfall,2023,9,Anand,Anklav,124.7,311.0
Rainfall,2023,9,Anand,Borsad,143.3,311.0
Rainfall,2023,9,Anand,Khambhat,196.0,311.0
Rainfall,2023,9,Anand,Petlad,164.4,311.0
Rainfall,2023,9,Anand,Sojitra,170.4,311.0
Rainfall,2023,9,Anand,Tarapur,176.7,311.0
Rainfall,2023,9,Anand,Umreth,100.5,311.0
Rainfall,2023,9,Kheda,Galteshwar,115.2,448.0
Rainfall,2023,9,Kheda,Kapadvanj,168.3,448.0
Rainfall,2023,9,Kheda,Kathlal,110.0,448.0
Rainfall,2023,9,Kheda,Kheda,154.5,448.0
Rainfall,2023,9,Kheda,Mahudha,141.4,448.0
Rainfall,2023,9,Kheda,Matar,157.8,448.0
Rainfall,2023,9,Kheda,Mehmedabad,149.2,448.0
Rainfall,2023,9,Kheda,Nadiad,137.5,448.0
Rainfall,2023,9,Kheda,Thasra,132.0,448.0
Rainfall,2023,9,Kheda,Vaso,160.3,448.0
Rainfall,2023,9,Mahisagar,Balasinor,189.9,353.0
Rainfall,2023,9,Mahisagar,Kadana,252.9,353.0
Rainfall,2023,9,Mahisagar,Khanpur,212.5,353.0
Rainfall,2023,9,Mahisagar,Lunawada,258.3,353.0
Rainfall,2023,9,Mahisagar,Santrampur,327.2,353.0
Rainfall,2023,9,Mahisagar,Virpur,215.1,353.0
Rainfall,2023,10,Anand,Anand,0.0,2.0
Rainfall,2023,10,Anand,Anklav,0.0,2.0
Rainfall,2023,10,Anand,Borsad,0.0,2.0
Rainfall,2023,10,Anand,Khambhat,0.0,2.0
Rainfall,2023,10,Anand,Petlad,0.0,2.0
Rainfall,2023,10,Anand,Sojitra,0.0,2.0
Rainfall,2023,10,Anand,Tarapur,0.0,2.0
Rainfall,2023,10,Anand,Umreth,0.0,2.0
Rainfall,2023,10,Kheda,Galteshwar,0.0,0.0
Rainfall,2023,10,Kheda,Kapadvanj,0.0,0.0
Rainfall,2023,10,Kheda,Kathlal,0.0,0.0
Rainfall,2023,10,Kheda,Kheda,0.1,0.0
Rainfall,2023,10,Kheda,Mahudha,0.0,0.0
Rainfall,2023,10,Kheda,Matar,0.1,0.0
Rainfall,2023,10,Kheda,Mehmedabad,0.0,0.0
Rainfall,2023,10,Kheda,Nadiad,0.0,0.0
Rainfall,2023,10,Kheda,Thasra,0.0,0.0
Rainfall,2023,10,Kheda,Vaso,0.0,0.0
Rainfall,2023,10,Mahisagar,Balasinor,0.0,0.0
Rainfall,2023,10,Mahisagar,Kadana,0.0,0.0
Rainfall,2023,10,Mahisagar,Khanpur,0.0,0.0
Rainfall,2023,10,Mahisagar,Lunawada,0.0,0.0
Rainfall,2023,10,Mahisagar,Santrampur,0.0,0.0
Rainfall,2023,10,Mahisagar,Virpur,0.0,0.0
Rainfall,2023,11,Anand,Anand,4.6,17.0
Rainfall,2023,11,Anand,Anklav,15.6,17.0
Rainfall,2023,11,Anand,Borsad,11.4,17.0
Rainfall,2023,11,Anand,Khambhat,12.0,17.0
Rainfall,2023,11,Anand,Petlad,5.8,17.0
Rainfall,2023,11,Anand,Sojitra,3.4,17.0
Rainfall,2023,11,Anand,Tarapur,3.6,17.0
Rainfall,2023,11,Anand,Umreth,2.2,17.0
Rainfall,2023,11,Kheda,Galteshwar,1.2,12.0
Rainfall,2023,11,Kheda,Kapadvanj,0.8,12.0
Rainfall,2023,11,Kheda,Kathlal,1.0,12.0
Rainfall,2023,11,Kheda,Kheda,2.2,12.0
Rainfall,2023,11,Kheda,Mahudha,2.6,12.0
Rainfall,2023,11,Kheda,Matar,2.2,12.0
Rainfall,2023,11,Kheda,Mehmedabad,1.4,12.0
Rainfall,2023,11,Kheda,Nadiad,1.6,12.0
Rainfall,2023,11,Kheda,Thasra,1.0,12.0
Rainfall,2023,11,Kheda,Vaso,1.8,12.0
Rainfall,2023,11,Mahisagar,Balasinor,0.4,20.0
Rainfall,2023,11,Mahisagar,Kadana,0.4,20.0
Rainfall,2023,11,Mahisagar,Khanpur,0.2,20.0
Rainfall,2023,11,Mahisagar,Lunawada,0.0,20.0
Rainfall,2023,11,Mahisagar,Santrampur,2.2,20.0
Rainfall,2023,11,Mahisagar,Virpur,0.8,20.0
Rainfall,2023,12,Anand,Anand,0.0,0.0
Rainfall,2023,12,Anand,Anklav,0.0,0.0
Rainfall,2023,12,Anand,Borsad,0.0,0.0
Rainfall,2023,12,Anand,Khambhat,0.0,0.0
Rainfall,2023,12,Anand,Petlad,0.0,0.0
Rainfall,2023,12,Anand,Sojitra,0.0,0.0
Rainfall,2023,12,Anand,Tarapur,0.0,0.0
Rainfall,2023,12,Anand,Umreth,0.0,0.0
Rainfall,2023,12,Kheda,Galteshwar,0.0,1.0
Rainfall,2023,12,Kheda,Kapadvanj,0.0,1.0
Rainfall,2023,12,Kheda,Kathlal,0.3,1.0
Rainfall,2023,12,Kheda,Kheda,0.0,1.0
Rainfall,2023,12,Kheda,Mahudha,0.0,1.0
Rainfall,2023,12,Kheda,Matar,0.0,1.0
Rainfall,2023,12,Kheda,Mehmedabad,0.0,1.0
Rainfall,2023,12,Kheda,Nadiad,0.0,1.0
Rainfall,2023,12,Kheda,Thasra,0.0,1.0
Rainfall,2023,12,Kheda,Vaso,0.0,1.0
Rainfall,2023,12,Mahisagar,Balasinor,0.2,2.0
Rainfall,2023,12,Mahisagar,Kadana,0.2,2.0
Rainfall,2023,12,Mahisagar,Khanpur,0.1,2.0
Rainfall,2023,12,Mahisagar,Lunawada,0.4,2.0
Rainfall,2023,12,Mahisagar,Santrampur,0.4,2.0
Rainfall,2023,12,Mahisagar,Virpur,0.1,2.0
Tmax,2021,1,Anand,Anand,28.639,28.677
Tmax,2021,1,Anand,Anklav,28.458,28.677
Tmax,2021,1,Anand,Borsad,28.529,28.677
Tmax,2021,1,Anand,Khambhat,28.319,28.677
Tmax,2021,1,Anand,Petlad,28.61,28.677
Tmax,2021,1,Anand,Sojitra,28.623,28.677
Tmax,2021,1,Anand,Tarapur,28.561,28.677
Tmax,2021,1,Anand,Umreth,28.729,28.677
Tmax,2021,1,Kheda,Galteshwar,28.555,28.355
Tmax,2021,1,Kheda,Kapadvanj,28.555,28.355
Tmax,2021,1,Kheda,Kathlal,28.555,28.355
Tmax,2021,1,Kheda,Kheda,28.555,28.355
Tmax,2021,1,Kheda,Mahudha,28.555,28.355
Tmax,2021,1,Kheda,Matar,28.555,28.355
Tmax,2021,1,Kheda,Mehmedabad,28.555,28.355
Tmax,2021,1,Kheda,Nadiad,28.555,28.355
Tmax,2021,1,Kheda,Thasra,28.555,28.355
Tmax,2021,1,Kheda,Vaso,28.555,28.355
Tmax,2021,1,Mahisagar,Balasinor,28.555,28.677
Tmax,2021,1,Mahisagar,Kadana,28.555,28.677
Tmax,2021,1,Mahisagar,Khanpur,28.555,28.677
Tmax,2021,1,Mahisagar,Lunawada,28.555,28.677
Tmax,2021,1,Mahisagar,Santrampur,28.555,28.677
Tmax,2021,1,Mahisagar,Virpur,28.555,28.677
Tmax,2021,2,Anand,Anand,32.511,33.036
Tmax,2021,2,Anand,Anklav,32.264,33.036
Tmax,2021,2,Anand,Borsad,32.339,33.036
Tmax,2021,2,Anand,Khambhat,32.046,33.036
Tmax,2021,2,Anand,Petlad,32.429,33.036
Tmax,2021,2,Anand,Sojitra,32.521,33.036
Tmax,2021,2,Anand,Tarapur,32.446,33.036
Tmax,2021,2,Anand,Umreth,32.725,33.036
Tmax,2021,2,Kheda,Galteshwar,32.436,32.839
Tmax,2021,2,Kheda,Kapadvanj,32.464,32.839
Tmax,2021,2,Kheda,Kathlal,32.221,32.839
Tmax,2021,2,Kheda,Kheda,32.432,32.839
Tmax,2021,2,Kheda,Mahudha,32.404,32.839
Tmax,2021,2,Kheda,Matar,32.432,32.839
Tmax,2021,2,Kheda,Mehmedabad,32.439,32.839
Tmax,2021,2,Kheda,Nadiad,32.429,32.839
Tmax,2021,2,Kheda,Thasra,32.443,32.839
Tmax,2021,2,Kheda,Vaso,32.432,32.839
Tmax,2021,2,Mahisagar,Balasinor,32.454,32.804
Tmax,2021,2,Mahisagar,Kadana,32.432,32.804
Tmax,2021,2,Mahisagar,Khanpur,32.439,32.804
Tmax,2021,2,Mahisagar,Lunawada,32.443,32.804
Tmax,2021,2,Mahisagar,Santrampur,32.429,32.804
Tmax,2021,2,Mahisagar,Virpur,32.457,32.804
Tmax,2021,3,Anand,Anand,37.794,37.452
Tmax,2021,3,Anand,Anklav,37.577,37.452
Tmax,2021,3,Anand,Borsad,37.632,37.452
Tmax,2021,3,Anand,Khambhat,37.377,37.452
Tmax,2021,3,Anand,Petlad,37.719,37.452
Tmax,2021,3,Anand,Sojitra,37.816,37.452
Tmax,2021,3,Anand,Tarapur,37.752,37.452
Tmax,2021,3,Anand,Umreth,37.971,37.452
Tmax,2021,3,Kheda,Galteshwar,37.89,37.661
Tmax,2021,3,Kheda,Kapadvanj,38.265,37.661
Tmax,2021,3,Kheda,Kathlal,35.655,37.661
Tmax,2021,3,Kheda,Kheda,38.058,37.661
Tmax,2021,3,Kheda,Mahudha,37.965,37.661
Tmax,2021,3,Kheda,Matar,38.01,37.661
Tmax,2021,3,Kheda,Mehmedabad,38.152,37.661
Tmax,2021,3,Kheda,Nadiad,37.987,37.661
Tmax,2021,3,Kheda,Thasra,38.048,37.661
Tmax,2021,3,Kheda,Vaso,37.913,37.661
Tmax,2021,3,Mahisagar,Balasinor,38.09,37.452
Tmax,2021,3,Mahisagar,Kadana,37.445,37.452
Tmax,2021,3,Mahisagar,Khanpur,37.639,37.452
Tmax,2021,3,Mahisagar,Lunawada,37.829,37.452
Tmax,2021,3,Mahisagar,Santrampur,37.406,37.452
Tmax,2021,3,Mahisagar,Virpur,37.923,37.452
Tmax,2021,4,Anand,Anand,39.887,40.133
Tmax,2021,4,Anand,Anklav,39.64,40.133
Tmax,2021,4,Anand,Borsad,39.717,40.133
Tmax,2021,4,Anand,Khambhat,39.59,40.133
Tmax,2021,4,Anand,Petlad,39.837,40.133
Tmax,2021,4,Anand,Sojitra,39.927,40.133
Tmax,2021,4,Anand,Tarapur,39.88,40.133
Tmax,2021,4,Anand,Umreth,39.947,40.133
Tmax,2021,4,Kheda,Galteshwar,39.903,40.133
Tmax,2021,4,Kheda,Kapadvanj,40.187,40.133
Tmax,2021,4,Kheda,Kathlal,38.123,40.133
Tmax,2021,4,Kheda,Kheda,40.15,40.133
Tmax,2021,4,Kheda,Mahudha,40.367,40.133
Tmax,2021,4,Kheda,Matar,40.133,40.133
Tmax,2021,4,Kheda,Mehmedabad,40.213,40.133
Tmax,2021,4,Kheda,Nadiad,40.07,40.133
Tmax,2021,4,Kheda,Thasra,39.947,40.133
Tmax,2021,4,Kheda,Vaso,40.03,40.133
Tmax,2021,4,Mahisagar,Balasinor,39.943,40.133
Tmax,2021,4,Mahisagar,Kadana,39.823,40.133
Tmax,2021,4,Mahisagar,Khanpur,39.937,40.133
Tmax,2021,4,Mahisagar,Lunawada,39.907,40.133
Tmax,2021,4,Mahisagar,Santrampur,39.763,40.133
Tmax,2021,4,Mahisagar,Virpur,40.0,40.133
Tmax,2021,5,Anand,Anand,38.884,38.71
Tmax,2021,5,Anand,Anklav,38.694,38.71
Tmax,2021,5,Anand,Borsad,38.768,38.71
Tmax,2021,5,Anand,Khambhat,38.874,38.71
Tmax,2021,5,Anand,Petlad,38.877,38.71
Tmax,2021,5,Anand,Sojitra,38.994,38.71
Tmax,2021,5,Anand,Tarapur,39.029,38.71
Tmax,2021,5,Anand,Umreth,38.961,38.71
Tmax,2021,5,Kheda,Galteshwar,38.881,39.381
Tmax,2021,5,Kheda,Kapadvanj,39.358,39.381
Tmax,2021,5,Kheda,Kathlal,37.287,39.381
Tmax,2021,5,Kheda,Kheda,39.31,39.381
Tmax,2021,5,Kheda,Mahudha,39.681,39.381
Tmax,2021,5,Kheda,Matar,39.294,39.381
Tmax,2021,5,Kheda,Mehmedabad,39.342,39.381
Tmax,2021,5,Kheda,Nadiad,39.065,39.381
Tmax,2021,5,Kheda,Thasra,38.99,39.381
Tmax,2021,5,Kheda,Vaso,39.061,39.381
Tmax,2021,5,Mahisagar,Balasinor,39.065,38.71
Tmax,2021,5,Mahisagar,Kadana,39.239,38.71
Tmax,2021,5,Mahisagar,Khanpur,39.316,38.71
Tmax,2021,5,Mahisagar,Lunawada,39.123,38.71
Tmax,2021,5,Mahisagar,Santrampur,39.097,38.71
Tmax,2021,5,Mahisagar,Virpur,39.306,38.71
Tmax,2021,6,Anand,Anand,36.423,35.883
Tmax,2021,6,Anand,Anklav,36.46,35.883
Tmax,2021,6,Anand,Borsad,36.493,35.883
Tmax,2021,6,Anand,Khambhat,36.75,35.883
Tmax,2021,6,Anand,Petlad,36.467,35.883
Tmax,2021,6,Anand,Sojitra,36.437,35.883
Tmax,2021,6,Anand,Tarapur,36.44,35.883
Tmax,2021,6,Anand,Umreth,36.24,35.883
Tmax,2021,6,Kheda,Galteshwar,36.113,37.3
Tmax,2021,6,Kheda,Kapadvanj,36.33,37.3
Tmax,2021,6,Kheda,Kathlal,34.87,37.3
Tmax,2021,6,Kheda,Kheda,36.51,37.3
Tmax,2021,6,Kheda,Mahudha,36.983,37.3
Tmax,2021,6,Kheda,Matar,36.517,37.3
Tmax,2021,6,Kheda,Mehmedabad,36.513,37.3
Tmax,2021,6,Kheda,Nadiad,36.457,37.3
Tmax,2021,6,Kheda,Thasra,36.16,37.3
Tmax,2021,6,Kheda,Vaso,36.493,37.3
Tmax,2021,6,Mahisagar,Balasinor,35.86,35.883
Tmax,2021,6,Mahisagar,Kadana,35.56,35.883
Tmax,2021,6,Mahisagar,Khanpur,35.653,35.883
Tmax,2021,6,Mahisagar,Lunawada,35.563,35.883
Tmax,2021,6,Mahisagar,Santrampur,35.377,35.883
Tmax,2021,6,Mahisagar,Virpur,35.783,35.883
Tmax,2021,7,Anand,Anand,33.994,34.355
Tmax,2021,7,Anand,Anklav,34.068,34.355
Tmax,2021,7,Anand,Borsad,34.1,34.355
Tmax,2021,7,Anand,Khambhat,34.268,34.355
Tmax,2021,7,Anand,Petlad,34.042,34.355
Tmax,2021,7,Anand,Sojitra,33.997,34.355
Tmax,2021,7,Anand,Tarapur,33.974,34.355
Tmax,2021,7,Anand,Umreth,33.919,34.355
Tmax,2021,7,Kheda,Galteshwar,33.877,34.826
Tmax,2021,7,Kheda,Kapadvanj,34.055,34.826
Tmax,2021,7,Kheda,Kathlal,32.697,34.826
Tmax,2021,7,Kheda,Kheda,33.939,34.826
Tmax,2021,7,Kheda,Mahudha,34.874,34.826
Tmax,2021,7,Kheda,Matar,33.952,34.826
Tmax,2021,7,Kheda,Mehmedabad,33.968,34.826
Tmax,2021,7,Kheda,Nadiad,33.945,34.826
Tmax,2021,7,Kheda,Thasra,33.913,34.826
Tmax,2021,7,Kheda,Vaso,33.926,34.826
Tmax,2021,7,Mahisagar,Balasinor,33.897,34.552
Tmax,2021,7,Mahisagar,Kadana,33.303,34.552
Tmax,2021,7,Mahisagar,Khanpur,33.584,34.552
Tmax,2021,7,Mahisagar,Lunawada,33.658,34.552
Tmax,2021,7,Mahisagar,Santrampur,33.2,34.552
Tmax,2021,7,Mahisagar,Virpur,33.919,34.552
Tmax,2021,8,Anand,Anand,32.832,32.855
Tmax,2021,8,Anand,Anklav,32.803,32.855
Tmax,2021,8,Anand,Borsad,32.839,32.855
Tmax,2021,8,Anand,Khambhat,32.71,32.855
Tmax,2021,8,Anand,Petlad,32.848,32.855
Tmax,2021,8,Anand,Sojitra,32.858,32.855
Tmax,2021,8,Anand,Tarapur,32.852,32.855
Tmax,2021,8,Anand,Umreth,32.726,32.855
Tmax,2021,8,Kheda,Galteshwar,32.523,33.326
Tmax,2021,8,Kheda,Kapadvanj,32.894,33.326
Tmax,2021,8,Kheda,Kathlal,30.871,33.326
Tmax,2021,8,Kheda,Kheda,33.016,33.326
Tmax,2021,8,Kheda,Mahudha,33.371,33.326
Tmax,2021,8,Kheda,Matar,33.006,33.326
Tmax,2021,8,Kheda,Mehmedabad,32.984,33.326
Tmax,2021,8,Kheda,Nadiad,32.868,33.326
Tmax,2021,8,Kheda,Thasra,32.574,33.326
Tmax,2021,8,Kheda,Vaso,32.865,33.326
Tmax,2021,8,Mahisagar,Balasinor,32.432,32.855
Tmax,2021,8,Mahisagar,Kadana,31.568,32.855
Tmax,2021,8,Mahisagar,Khanpur,32.045,32.855
Tmax,2021,8,Mahisagar,Lunawada,32.039,32.855
Tmax,2021,8,Mahisagar,Santrampur,31.335,32.855
Tmax,2021,8,Mahisagar,Virpur,32.413,32.855
Tmax,2021,9,Anand,Anand,31.94,32.1
Tmax,2021,9,Anand,Anklav,31.903,32.1
Tmax,2021,9,Anand,Borsad,31.92,32.1
Tmax,2021,9,Anand,Khambhat,31.927,32.1
Tmax,2021,9,Anand,Petlad,31.91,32.1
Tmax,2021,9,Anand,Sojitra,31.847,32.1
Tmax,2021,9,Anand,Tarapur,31.857,32.1
Tmax,2021,9,Anand,Umreth,31.81,32.1
Tmax,2021,9,Kheda,Galteshwar,31.703,32.917
Tmax,2021,9,Kheda,Kapadvanj,31.94,32.917
Tmax,2021,9,Kheda,Kathlal,30.56,32.917
Tmax,2021,9,Kheda,Kheda,31.79,32.917
Tmax,2021,9,Kheda,Mahudha,32.457,32.917
Tmax,2021,9,Kheda,Matar,31.79,32.917
Tmax,2021,9,Kheda,Mehmedabad,31.813,32.917
Tmax,2021,9,Kheda,Nadiad,31.857,32.917
Tmax,2021,9,Kheda,Thasra,31.73,32.917
Tmax,2021,9,Kheda,Vaso,31.8,32.917
Tmax,2021,9,Mahisagar,Balasinor,31.6,32.1
Tmax,2021,9,Mahisagar,Kadana,30.857,32.1
Tmax,2021,9,Mahisagar,Khanpur,31.077,32.1
Tmax,2021,9,Mahisagar,Lunawada,31.15,32.1
Tmax,2021,9,Mahisagar,Santrampur,30.717,32.1
Tmax,2021,9,Mahisagar,Virpur,31.45,32.1
Tmax,2021,10,Anand,Anand,33.558,33.926
Tmax,2021,10,Anand,Anklav,33.626,33.926
Tmax,2021,10,Anand,Borsad,33.645,33.926
Tmax,2021,10,Anand,Khambhat,33.565,33.926
Tmax,2021,10,Anand,Petlad,33.697,33.926
Tmax,2021,10,Anand,Sojitra,33.713,33.926
Tmax,2021,10,Anand,Tarapur,33.671,33.926
Tmax,2021,10,Anand,Umreth,33.597,33.926
Tmax,2021,10,Kheda,Galteshwar,33.565,34.139
Tmax,2021,10,Kheda,Kapadvanj,33.81,34.139
Tmax,2021,10,Kheda,Kathlal,32.358,34.139
Tmax,2021,10,Kheda,Kheda,33.742,34.139
Tmax,2021,10,Kheda,Mahudha,34.174,34.139
Tmax,2021,10,Kheda,Matar,33.726,34.139
Tmax,2021,10,Kheda,Mehmedabad,33.752,34.139
Tmax,2021,10,Kheda,Nadiad,33.729,34.139
Tmax,2021,10,Kheda,Thasra,33.619,34.139
Tmax,2021,10,Kheda,Vaso,33.732,34.139
Tmax,2021,10,Mahisagar,Balasinor,33.697,33.971
Tmax,2021,10,Mahisagar,Kadana,33.168,33.971
Tmax,2021,10,Mahisagar,Khanpur,33.439,33.971
Tmax,2021,10,Mahisagar,Lunawada,33.539,33.971
Tmax,2021,10,Mahisagar,Santrampur,33.071,33.971
Tmax,2021,10,Mahisagar,Virpur,33.79,33.971
Tmax,2021,11,Anand,Anand,32.76,33.217
Tmax,2021,11,Anand,Anklav,32.707,33.217
Tmax,2021,11,Anand,Borsad,32.727,33.217
Tmax,2021,11,Anand,Khambhat,32.64,33.217
Tmax,2021,11,Anand,Petlad,32.773,33.217
Tmax,2021,11,Anand,Sojitra,32.807,33.217
Tmax,2021,11,Anand,Tarapur,32.787,33.217
Tmax,2021,11,Anand,Umreth,32.747,33.217
Tmax,2021,11,Kheda,Galteshwar,32.683,33.483
Tmax,2021,11,Kheda,Kapadvanj,32.897,33.483
Tmax,2021,11,Kheda,Kathlal,30.26,33.483
Tmax,2021,11,Kheda,Kheda,32.937,33.483
Tmax,2021,11,Kheda,Mahudha,33.027,33.483
Tmax,2021,11,Kheda,Matar,32.933,33.483
Tmax,2021,11,Kheda,Mehmedabad,32.993,33.483
Tmax,2021,11,Kheda,Nadiad,32.87,33.483
Tmax,2021,11,Kheda,Thasra,32.69,33.483
Tmax,2021,11,Kheda,Vaso,32.853,33.483
Tmax,2021,11,Mahisagar,Balasinor,32.6,33.217
Tmax,2021,11,Mahisagar,Kadana,31.993,33.217
Tmax,2021,11,Mahisagar,Khanpur,32.263,33.217
Tmax,2021,11,Mahisagar,Lunawada,32.353,33.217
Tmax,2021,11,Mahisagar,Santrampur,31.9,33.217
Tmax,2021,11,Mahisagar,Virpur,32.603,33.217
Tmax,2021,12,Anand,Anand,28.106,28.758
Tmax,2021,12,Anand,Anklav,28.035,28.758
Tmax,2021,12,Anand,Borsad,28.042,28.758
Tmax,2021,12,Anand,Khambhat,27.968,28.758
Tmax,2021,12,Anand,Petlad,28.029,28.758
Tmax,2021,12,Anand,Sojitra,28.048,28.758
Tmax,2021,12,Anand,Tarapur,28.016,28.758
Tmax,2021,12,Anand,Umreth,28.223,28.758
Tmax,2021,12,Kheda,Galteshwar,28.235,28.935
Tmax,2021,12,Kheda,Kapadvanj,28.297,28.935
Tmax,2021,12,Kheda,Kathlal,25.542,28.935
Tmax,2021,12,Kheda,Kheda,28.145,28.935
Tmax,2021,12,Kheda,Mahudha,27.645,28.935
Tmax,2021,12,Kheda,Matar,28.132,28.935
Tmax,2021,12,Kheda,Mehmedabad,28.213,28.935
Tmax,2021,12,Kheda,Nadiad,28.168,28.935
Tmax,2021,12,Kheda,Thasra,28.258,28.935
Tmax,2021,12,Kheda,Vaso,28.1,28.935
Tmax,2021,12,Mahisagar,Balasinor,28.2,28.758
Tmax,2021,12,Mahisagar,Kadana,27.426,28.758
Tmax,2021,12,Mahisagar,Khanpur,27.739,28.758
Tmax,2021,12,Mahisagar,Lunawada,27.903,28.758
Tmax,2021,12,Mahisagar,Santrampur,27.326,28.758
Tmax,2021,12,Mahisagar,Virpur,28.09,28.758
Tmax,2022,1,Anand,Anand,27.148,27.871
Tmax,2022,1,Anand,Anklav,27.032,27.871
Tmax,2022,1,Anand,Borsad,27.094,27.871
Tmax,2022,1,Anand,Khambhat,26.906,27.871
Tmax,2022,1,Anand,Petlad,27.119,27.871
Tmax,2022,1,Anand,Sojitra,27.126,27.871
Tmax,2022,1,Anand,Tarapur,27.106,27.871
Tmax,2022,1,Anand,Umreth,27.21,27.871
Tmax,2022,1,Kheda,Galteshwar,27.252,27.516
Tmax,2022,1,Kheda,Kapadvanj,27.145,27.516
Tmax,2022,1,Kheda,Kathlal,23.881,27.516
Tmax,2022,1,Kheda,Kheda,27.116,27.516
Tmax,2022,1,Kheda,Mahudha,26.255,27.516
Tmax,2022,1,Kheda,Matar,27.129,27.516
Tmax,2022,1,Kheda,Mehmedabad,27.132,27.516
Tmax,2022,1,Kheda,Nadiad,27.203,27.516
Tmax,2022,1,Kheda,Thasra,27.219,27.516
Tmax,2022,1,Kheda,Vaso,27.161,27.516
Tmax,2022,1,Mahisagar,Balasinor,27.126,27.677
Tmax,2022,1,Mahisagar,Kadana,26.248,27.677
Tmax,2022,1,Mahisagar,Khanpur,26.568,27.677
Tmax,2022,1,Mahisagar,Lunawada,26.781,27.677
Tmax,2022,1,Mahisagar,Santrampur,26.165,27.677
Tmax,2022,1,Mahisagar,Virpur,26.865,27.677
Tmax,2022,2,Anand,Anand,31.611,31.786
Tmax,2022,2,Anand,Anklav,31.343,31.786
Tmax,2022,2,Anand,Borsad,31.414,31.786
Tmax,2022,2,Anand,Khambhat,31.1,31.786
Tmax,2022,2,Anand,Petlad,31.539,31.786
Tmax,2022,2,Anand,Sojitra,31.593,31.786
Tmax,2022,2,Anand,Tarapur,31.518,31.786
Tmax,2022,2,Anand,Umreth,31.732,31.786
Tmax,2022,2,Kheda,Galteshwar,31.696,31.786
Tmax,2022,2,Kheda,Kapadvanj,31.793,31.786
Tmax,2022,2,Kheda,Kathlal,28.807,31.786
Tmax,2022,2,Kheda,Kheda,31.639,31.786
Tmax,2022,2,Kheda,Mahudha,31.164,31.786
Tmax,2022,2,Kheda,Matar,31.607,31.786
Tmax,2022,2,Kheda,Mehmedabad,31.739,31.786
Tmax,2022,2,Kheda,Nadiad,31.696,31.786
Tmax,2022,2,Kheda,Thasra,31.721,31.786
Tmax,2022,2,Kheda,Vaso,31.6,31.786
Tmax,2022,2,Mahisagar,Balasinor,31.861,31.786
Tmax,2022,2,Mahisagar,Kadana,31.396,31.786
Tmax,2022,2,Mahisagar,Khanpur,31.564,31.786
Tmax,2022,2,Mahisagar,Lunawada,31.689,31.786
Tmax,2022,2,Mahisagar,Santrampur,31.282,31.786
Tmax,2022,2,Mahisagar,Virpur,31.746,31.786
Tmax,2022,3,Anand,Anand,37.919,37.774
Tmax,2022,3,Anand,Anklav,37.742,37.774
Tmax,2022,3,Anand,Borsad,37.794,37.774
Tmax,2022,3,Anand,Khambhat,37.574,37.774
Tmax,2022,3,Anand,Petlad,37.884,37.774
Tmax,2022,3,Anand,Sojitra,38.01,37.774
Tmax,2022,3,Anand,Tarapur,37.958,37.774
Tmax,2022,3,Anand,Umreth,38.152,37.774
Tmax,2022,3,Kheda,Galteshwar,38.187,38.065
Tmax,2022,3,Kheda,Kapadvanj,38.355,38.065
Tmax,2022,3,Kheda,Kathlal,35.713,38.065
Tmax,2022,3,Kheda,Kheda,38.181,38.065
Tmax,2022,3,Kheda,Mahudha,37.903,38.065
Tmax,2022,3,Kheda,Matar,38.158,38.065
Tmax,2022,3,Kheda,Mehmedabad,38.277,38.065
Tmax,2022,3,Kheda,Nadiad,38.165,38.065
Tmax,2022,3,Kheda,Thasra,38.252,38.065
Tmax,2022,3,Kheda,Vaso,38.106,38.065
Tmax,2022,3,Mahisagar,Balasinor,38.303,37.774
Tmax,2022,3,Mahisagar,Kadana,37.813,37.774
Tmax,2022,3,Mahisagar,Khanpur,37.906,37.774
Tmax,2022,3,Mahisagar,Lunawada,38.068,37.774
Tmax,2022,3,Mahisagar,Santrampur,37.806,37.774
Tmax,2022,3,Mahisagar,Virpur,38.132,37.774
Tmax,2022,4,Anand,Anand,40.433,40.767
Tmax,2022,4,Anand,Anklav,40.05,40.767
Tmax,2022,4,Anand,Borsad,40.167,40.767
Tmax,2022,4,Anand,Khambhat,40.04,40.767
Tmax,2022,4,Anand,Petlad,40.34,40.767
Tmax,2022,4,Anand,Sojitra,40.44,40.767
Tmax,2022,4,Anand,Tarapur,40.377,40.767
Tmax,2022,4,Anand,Umreth,40.537,40.767
Tmax,2022,4,Kheda,Galteshwar,40.54,40.767
Tmax,2022,4,Kheda,Kapadvanj,40.82,40.767
Tmax,2022,4,Kheda,Kathlal,39.397,40.767
Tmax,2022,4,Kheda,Kheda,40.697,40.767
Tmax,2022,4,Kheda,Mahudha,40.803,40.767
Tmax,2022,4,Kheda,Matar,40.663,40.767
Tmax,2022,4,Kheda,Mehmedabad,40.763,40.767
Tmax,2022,4,Kheda,Nadiad,40.62,40.767
Tmax,2022,4,Kheda,Thasra,40.613,40.767
Tmax,2022,4,Kheda,Vaso,40.56,40.767
Tmax,2022,4,Mahisagar,Balasinor,40.763,40.767
Tmax,2022,4,Mahisagar,Kadana,40.91,40.767
Tmax,2022,4,Mahisagar,Khanpur,40.96,40.767
Tmax,2022,4,Mahisagar,Lunawada,40.87,40.767
Tmax,2022,4,Mahisagar,Santrampur,40.79,40.767
Tmax,2022,4,Mahisagar,Virpur,41.003,40.767
Tmax,2022,5,Anand,Anand,40.787,40.855
Tmax,2022,5,Anand,Anklav,40.506,40.855
Tmax,2022,5,Anand,Borsad,40.548,40.855
Tmax,2022,5,Anand,Khambhat,40.381,40.855
Tmax,2022,5,Anand,Petlad,40.677,40.855
Tmax,2022,5,Anand,Sojitra,40.79,40.855
Tmax,2022,5,Anand,Tarapur,40.748,40.855
Tmax,2022,5,Anand,Umreth,40.797,40.855
Tmax,2022,5,Kheda,Galteshwar,40.755,40.532
Tmax,2022,5,Kheda,Kapadvanj,40.91,40.532
Tmax,2022,5,Kheda,Kathlal,39.606,40.532
Tmax,2022,5,Kheda,Kheda,41.084,40.532
Tmax,2022,5,Kheda,Mahudha,41.239,40.532
Tmax,2022,5,Kheda,Matar,41.061,40.532
Tmax,2022,5,Kheda,Mehmedabad,41.09,40.532
Tmax,2022,5,Kheda,Nadiad,40.939,40.532
Tmax,2022,5,Kheda,Thasra,40.787,40.532
Tmax,2022,5,Kheda,Vaso,40.916,40.532
Tmax,2022,5,Mahisagar,Balasinor,40.781,40.532
Tmax,2022,5,Mahisagar,Kadana,40.971,40.532
Tmax,2022,5,Mahisagar,Khanpur,41.035,40.532
Tmax,2022,5,Mahisagar,Lunawada,40.897,40.532
Tmax,2022,5,Mahisagar,Santrampur,40.823,40.532
Tmax,2022,5,Mahisagar,Virpur,40.981,40.532
Tmax,2022,6,Anand,Anand,38.607,37.667
Tmax,2022,6,Anand,Anklav,38.53,37.667
Tmax,2022,6,Anand,Borsad,38.53,37.667
Tmax,2022,6,Anand,Khambhat,38.483,37.667
Tmax,2022,6,Anand,Petlad,38.48,37.667
Tmax,2022,6,Anand,Sojitra,38.49,37.667
Tmax,2022,6,Anand,Tarapur,38.417,37.667
Tmax,2022,6,Anand,Umreth,38.643,37.667
Tmax,2022,6,Kheda,Galteshwar,38.58,37.667
Tmax,2022,6,Kheda,Kapadvanj,38.773,37.667
Tmax,2022,6,Kheda,Kathlal,38.23,37.667
Tmax,2022,6,Kheda,Kheda,38.677,37.667
Tmax,2022,6,Kheda,Mahudha,39.873,37.667
Tmax,2022,6,Kheda,Matar,38.64,37.667
Tmax,2022,6,Kheda,Mehmedabad,38.76,37.667
Tmax,2022,6,Kheda,Nadiad,38.627,37.667
Tmax,2022,6,Kheda,Thasra,38.627,37.667
Tmax,2022,6,Kheda,Vaso,38.543,37.667
Tmax,2022,6,Mahisagar,Balasinor,38.57,37.667
Tmax,2022,6,Mahisagar,Kadana,38.833,37.667
Tmax,2022,6,Mahisagar,Khanpur,38.897,37.667
Tmax,2022,6,Mahisagar,Lunawada,38.69,37.667
Tmax,2022,6,Mahisagar,Santrampur,38.537,37.667
Tmax,2022,6,Mahisagar,Virpur,38.877,37.667
Tmax,2022,7,Anand,Anand,32.245,32.452
Tmax,2022,7,Anand,Anklav,32.165,32.452
Tmax,2022,7,Anand,Borsad,32.216,32.452
Tmax,2022,7,Anand,Khambhat,32.616,32.452
Tmax,2022,7,Anand,Petlad,32.277,32.452
Tmax,2022,7,Anand,Sojitra,32.323,32.452
Tmax,2022,7,Anand,Tarapur,32.4,32.452
Tmax,2022,7,Anand,Umreth,32.177,32.452
Tmax,2022,7,Kheda,Galteshwar,32.781,32.452
Tmax,2022,7,Kheda,Kapadvanj,33.006,32.452
Tmax,2022,7,Kheda,Kathlal,31.745,32.452
Tmax,2022,7,Kheda,Kheda,32.894,32.452
Tmax,2022,7,Kheda,Mahudha,33.41,32.452
Tmax,2022,7,Kheda,Matar,32.89,32.452
Tmax,2022,7,Kheda,Mehmedabad,32.881,32.452
Tmax,2022,7,Kheda,Nadiad,32.916,32.452
Tmax,2022,7,Kheda,Thasra,32.81,32.452
Tmax,2022,7,Kheda,Vaso,32.861,32.452
Tmax,2022,7,Mahisagar,Balasinor,32.674,32.452
Tmax,2022,7,Mahisagar,Kadana,32.481,32.452
Tmax,2022,7,Mahisagar,Khanpur,32.726,32.452
Tmax,2022,7,Mahisagar,Lunawada,32.519,32.452
Tmax,2022,7,Mahisagar,Santrampur,32.229,32.452
Tmax,2022,7,Mahisagar,Virpur,32.784,32.452
Tmax,2022,8,Anand,Anand,31.952,31.097
Tmax,2022,8,Anand,Anklav,32.087,31.097
Tmax,2022,8,Anand,Borsad,32.103,31.097
Tmax,2022,8,Anand,Khambhat,32.294,31.097
Tmax,2022,8,Anand,Petlad,32.097,31.097
Tmax,2022,8,Anand,Sojitra,32.048,31.097
Tmax,2022,8,Anand,Tarapur,32.09,31.097
Tmax,2022,8,Anand,Umreth,31.713,31.097
Tmax,2022,8,Kheda,Galteshwar,31.61,31.097
Tmax,2022,8,Kheda,Kapadvanj,31.69,31.097
Tmax,2022,8,Kheda,Kathlal,29.426,31.097
Tmax,2022,8,Kheda,Kheda,31.8,31.097
Tmax,2022,8,Kheda,Mahudha,32.023,31.097
Tmax,2022,8,Kheda,Matar,31.842,31.097
Tmax,2022,8,Kheda,Mehmedabad,31.732,31.097
Tmax,2022,8,Kheda,Nadiad,31.819,31.097
Tmax,2022,8,Kheda,Thasra,31.629,31.097
Tmax,2022,8,Kheda,Vaso,31.926,31.097
Tmax,2022,8,Mahisagar,Balasinor,31.616,31.097
Tmax,2022,8,Mahisagar,Kadana,30.903,31.097
Tmax,2022,8,Mahisagar,Khanpur,31.216,31.097
Tmax,2022,8,Mahisagar,Lunawada,31.394,31.097
Tmax,2022,8,Mahisagar,Santrampur,30.89,31.097
Tmax,2022,8,Mahisagar,Virpur,31.574,31.097
Tmax,2022,9,Anand,Anand,33.923,33.2
Tmax,2022,9,Anand,Anklav,33.82,33.2
Tmax,2022,9,Anand,Borsad,33.89,33.2
Tmax,2022,9,Anand,Khambhat,33.89,33.2
Tmax,2022,9,Anand,Petlad,33.967,33.2
Tmax,2022,9,Anand,Sojitra,33.987,33.2
Tmax,2022,9,Anand,Tarapur,34.013,33.2
Tmax,2022,9,Anand,Umreth,33.83,33.2
Tmax,2022,9,Kheda,Galteshwar,33.727,33.2
Tmax,2022,9,Kheda,Kapadvanj,33.99,33.2
Tmax,2022,9,Kheda,Kathlal,32.22,33.2
Tmax,2022,9,Kheda,Kheda,33.99,33.2
Tmax,2022,9,Kheda,Mahudha,34.237,33.2
Tmax,2022,9,Kheda,Matar,34.0,33.2
Tmax,2022,9,Kheda,Mehmedabad,33.963,33.2
Tmax,2022,9,Kheda,Nadiad,33.963,33.2
Tmax,2022,9,Kheda,Thasra,33.81,33.2
Tmax,2022,9,Kheda,Vaso,33.993,33.2
Tmax,2022,9,Mahisagar,Balasinor,33.85,33.2
Tmax,2022,9,Mahisagar,Kadana,33.3,33.2
Tmax,2022,9,Mahisagar,Khanpur,33.583,33.2
Tmax,2022,9,Mahisagar,Lunawada,33.67,33.2
Tmax,2022,9,Mahisagar,Santrampur,33.11,33.2
Tmax,2022,9,Mahisagar,Virpur,33.913,33.2
Tmax,2022,10,Anand,Anand,34.91,34.803
Tmax,2022,10,Anand,Anklav,34.91,34.803
Tmax,2022,10,Anand,Borsad,34.91,34.803
Tmax,2022,10,Anand,Khambhat,34.742,34.803
Tmax,2022,10,Anand,Petlad,34.903,34.803
Tmax,2022,10,Anand,Sojitra,34.894,34.803
Tmax,2022,10,Anand,Tarapur,34.868,34.803
Tmax,2022,10,Anand,Umreth,34.929,34.803
Tmax,2022,10,Kheda,Galteshwar,34.877,34.803
Tmax,2022,10,Kheda,Kapadvanj,35.016,34.803
Tmax,2022,10,Kheda,Kathlal,33.206,34.803
Tmax,2022,10,Kheda,Kheda,34.842,34.803
Tmax,2022,10,Kheda,Mahudha,35.165,34.803
Tmax,2022,10,Kheda,Matar,34.848,34.803
Tmax,2022,10,Kheda,Mehmedabad,34.855,34.803
Tmax,2022,10,Kheda,Nadiad,34.877,34.803
Tmax,2022,10,Kheda,Thasra,34.9,34.803
Tmax,2022,10,Kheda,Vaso,34.881,34.803
Tmax,2022,10,Mahisagar,Balasinor,34.929,34.803
Tmax,2022,10,Mahisagar,Kadana,34.555,34.803
Tmax,2022,10,Mahisagar,Khanpur,34.8,34.803
Tmax,2022,10,Mahisagar,Lunawada,34.877,34.803
Tmax,2022,10,Mahisagar,Santrampur,34.448,34.803
Tmax,2022,10,Mahisagar,Virpur,35.052,34.803
Tmax,2022,11,Anand,Anand,33.55,33.737
Tmax,2022,11,Anand,Anklav,33.48,33.737
Tmax,2022,11,Anand,Borsad,33.51,33.737
Tmax,2022,11,Anand,Khambhat,33.44,33.737
Tmax,2022,11,Anand,Petlad,33.55,33.737
Tmax,2022,11,Anand,Sojitra,33.563,33.737
Tmax,2022,11,Anand,Tarapur,33.567,33.737
Tmax,2022,11,Anand,Umreth,33.6,33.737
Tmax,2022,11,Kheda,Galteshwar,33.567,33.87
Tmax,2022,11,Kheda,Kapadvanj,33.667,33.87
Tmax,2022,11,Kheda,Kathlal,31.263,33.87
Tmax,2022,11,Kheda,Kheda,33.597,33.87
Tmax,2022,11,Kheda,Mahudha,33.523,33.87
Tmax,2022,11,Kheda,Matar,33.593,33.87
Tmax,2022,11,Kheda,Mehmedabad,33.617,33.87
Tmax,2022,11,Kheda,Nadiad,33.59,33.87
Tmax,2022,11,Kheda,Thasra,33.58,33.87
Tmax,2022,11,Kheda,Vaso,33.58,33.87
Tmax,2022,11,Mahisagar,Balasinor,33.507,33.57
Tmax,2022,11,Mahisagar,Kadana,32.937,33.57
Tmax,2022,11,Mahisagar,Khanpur,33.223,33.57
Tmax,2022,11,Mahisagar,Lunawada,33.3,33.57
Tmax,2022,11,Mahisagar,Santrampur,32.81,33.57
Tmax,2022,11,Mahisagar,Virpur,33.53,33.57
Tmax,2022,12,Anand,Anand,30.848,31.0
Tmax,2022,12,Anand,Anklav,30.774,31.0
Tmax,2022,12,Anand,Borsad,30.787,31.0
Tmax,2022,12,Anand,Khambhat,30.652,31.0
Tmax,2022,12,Anand,Petlad,30.813,31.0
Tmax,2022,12,Anand,Sojitra,30.829,31.0
Tmax,2022,12,Anand,Tarapur,30.797,31.0
Tmax,2022,12,Anand,Umreth,30.965,31.0
Tmax,2022,12,Kheda,Galteshwar,30.987,30.968
Tmax,2022,12,Kheda,Kapadvanj,30.965,30.968
Tmax,2022,12,Kheda,Kathlal,27.787,30.968
Tmax,2022,12,Kheda,Kheda,30.871,30.968
Tmax,2022,12,Kheda,Mahudha,30.258,30.968
Tmax,2022,12,Kheda,Matar,30.881,30.968
Tmax,2022,12,Kheda,Mehmedabad,30.935,30.968
Tmax,2022,12,Kheda,Nadiad,30.916,30.968
Tmax,2022,12,Kheda,Thasra,30.984,30.968
Tmax,2022,12,Kheda,Vaso,30.877,30.968
Tmax,2022,12,Mahisagar,Balasinor,30.894,31.0
Tmax,2022,12,Mahisagar,Kadana,30.165,31.0
Tmax,2022,12,Mahisagar,Khanpur,30.455,31.0
Tmax,2022,12,Mahisagar,Lunawada,30.603,31.0
Tmax,2022,12,Mahisagar,Santrampur,30.055,31.0
Tmax,2022,12,Mahisagar,Virpur,30.765,31.0
Tmax,2023,1,Anand,Anand,27.742,28.484
Tmax,2023,1,Anand,Anklav,27.642,28.484
Tmax,2023,1,Anand,Borsad,27.652,28.484
Tmax,2023,1,Anand,Khambhat,27.513,28.484
Tmax,2023,1,Anand,Petlad,27.703,28.484
Tmax,2023,1,Anand,Sojitra,27.739,28.484
Tmax,2023,1,Anand,Tarapur,27.703,28.484
Tmax,2023,1,Anand,Umreth,27.852,28.484
Tmax,2023,1,Kheda,Galteshwar,27.942,28.323
Tmax,2023,1,Kheda,Kapadvanj,27.823,28.323
Tmax,2023,1,Kheda,Kathlal,24.645,28.323
Tmax,2023,1,Kheda,Kheda,27.784,28.323
Tmax,2023,1,Kheda,Mahudha,27.006,28.323
Tmax,2023,1,Kheda,Matar,27.781,28.323
Tmax,2023,1,Kheda,Mehmedabad,27.684,28.323
Tmax,2023,1,Kheda,Nadiad,27.819,28.323
Tmax,2023,1,Kheda,Thasra,27.89,28.323
Tmax,2023,1,Kheda,Vaso,27.774,28.323
Tmax,2023,1,Mahisagar,Balasinor,27.829,28.613
Tmax,2023,1,Mahisagar,Kadana,27.103,28.613
Tmax,2023,1,Mahisagar,Khanpur,27.294,28.613
Tmax,2023,1,Mahisagar,Lunawada,27.5,28.613
Tmax,2023,1,Mahisagar,Santrampur,27.048,28.613
Tmax,2023,1,Mahisagar,Virpur,27.594,28.613
Tmax,2023,2,Anand,Anand,33.15,33.679
Tmax,2023,2,Anand,Anklav,32.986,33.679
Tmax,2023,2,Anand,Borsad,33.054,33.679
Tmax,2023,2,Anand,Khambhat,32.821,33.679
Tmax,2023,2,Anand,Petlad,33.125,33.679
Tmax,2023,2,Anand,Sojitra,33.182,33.679
Tmax,2023,2,Anand,Tarapur,33.157,33.679
Tmax,2023,2,Anand,Umreth,33.25,33.679
Tmax,2023,2,Kheda,Galteshwar,33.257,33.786
Tmax,2023,2,Kheda,Kapadvanj,33.4,33.786
Tmax,2023,2,Kheda,Kathlal,30.121,33.786
Tmax,2023,2,Kheda,Kheda,33.329,33.786
Tmax,2023,2,Kheda,Mahudha,32.8,33.786
Tmax,2023,2,Kheda,Matar,33.311,33.786
Tmax,2023,2,Kheda,Mehmedabad,33.382,33.786
Tmax,2023,2,Kheda,Nadiad,33.307,33.786
Tmax,2023,2,Kheda,Thasra,33.311,33.786
Tmax,2023,2,Kheda,Vaso,33.268,33.786
Tmax,2023,2,Mahisagar,Balasinor,33.307,34.0
Tmax,2023,2,Mahisagar,Kadana,32.639,34.0
Tmax,2023,2,Mahisagar,Khanpur,32.9,34.0
Tmax,2023,2,Mahisagar,Lunawada,33.032,34.0
Tmax,2023,2,Mahisagar,Santrampur,32.507,34.0
Tmax,2023,2,Mahisagar,Virpur,33.211,34.0
Tmax,2023,3,Anand,Anand,35.203,35.774
Tmax,2023,3,Anand,Anklav,35.074,35.774
Tmax,2023,3,Anand,Borsad,35.071,35.774
Tmax,2023,3,Anand,Khambhat,35.132,35.774
Tmax,2023,3,Anand,Petlad,35.123,35.774
Tmax,2023,3,Anand,Sojitra,35.171,35.774
Tmax,2023,3,Anand,Tarapur,35.19,35.774
Tmax,2023,3,Anand,Umreth,35.426,35.774
Tmax,2023,3,Kheda,Galteshwar,35.481,35.806
Tmax,2023,3,Kheda,Kapadvanj,35.423,35.806
Tmax,2023,3,Kheda,Kathlal,32.126,35.806
Tmax,2023,3,Kheda,Kheda,35.268,35.806
Tmax,2023,3,Kheda,Mahudha,34.742,35.806
Tmax,2023,3,Kheda,Matar,35.255,35.806
Tmax,2023,3,Kheda,Mehmedabad,35.3,35.806
Tmax,2023,3,Kheda,Nadiad,35.258,35.806
Tmax,2023,3,Kheda,Thasra,35.494,35.806
Tmax,2023,3,Kheda,Vaso,35.194,35.806
Tmax,2023,3,Mahisagar,Balasinor,35.494,35.774
Tmax,2023,3,Mahisagar,Kadana,34.916,35.774
Tmax,2023,3,Mahisagar,Khanpur,35.068,35.774
Tmax,2023,3,Mahisagar,Lunawada,35.281,35.774
Tmax,2023,3,Mahisagar,Santrampur,34.955,35.774
Tmax,2023,3,Mahisagar,Virpur,35.303,35.774
Tmax,2023,4,Anand,Anand,38.077,38.233
Tmax,2023,4,Anand,Anklav,38.013,38.233
Tmax,2023,4,Anand,Borsad,38.03,38.233
Tmax,2023,4,Anand,Khambhat,37.923,38.233
Tmax,2023,4,Anand,Petlad,38.053,38.233
Tmax,2023,4,Anand,Sojitra,38.063,38.233
Tmax,2023,4,Anand,Tarapur,38.07,38.233
Tmax,2023,4,Anand,Umreth,38.09,38.233
Tmax,2023,4,Kheda,Galteshwar,38.077,38.233
Tmax,2023,4,Kheda,Kapadvanj,38.113,38.233
Tmax,2023,4,Kheda,Kathlal,35.297,38.233
Tmax,2023,4,Kheda,Kheda,38.08,38.233
Tmax,2023,4,Kheda,Mahudha,37.91,38.233
Tmax,2023,4,Kheda,Matar,38.09,38.233
Tmax,2023,4,Kheda,Mehmedabad,38.06,38.233
Tmax,2023,4,Kheda,Nadiad,38.077,38.233
Tmax,2023,4,Kheda,Thasra,38.117,38.233
Tmax,2023,4,Kheda,Vaso,38.073,38.233
Tmax,2023,4,Mahisagar,Balasinor,38.183,38.233
Tmax,2023,4,Mahisagar,Kadana,38.31,38.233
Tmax,2023,4,Mahisagar,Khanpur,38.383,38.233
Tmax,2023,4,Mahisagar,Lunawada,38.333,38.233
Tmax,2023,4,Mahisagar,Santrampur,38.193,38.233
Tmax,2023,4,Mahisagar,Virpur,38.397,38.233
Tmax,2023,5,Anand,Anand,39.942,39.581
Tmax,2023,5,Anand,Anklav,39.771,39.581
Tmax,2023,5,Anand,Borsad,39.852,39.581
Tmax,2023,5,Anand,Khambhat,39.99,39.581
Tmax,2023,5,Anand,Petlad,39.965,39.581
Tmax,2023,5,Anand,Sojitra,40.019,39.581
Tmax,2023,5,Anand,Tarapur,40.032,39.581
Tmax,2023,5,Anand,Umreth,39.942,39.581
Tmax,2023,5,Kheda,Galteshwar,39.865,39.742
Tmax,2023,5,Kheda,Kapadvanj,40.161,39.742
Tmax,2023,5,Kheda,Kathlal,37.374,39.742
Tmax,2023,5,Kheda,Kheda,40.168,39.742
Tmax,2023,5,Kheda,Mahudha,40.323,39.742
Tmax,2023,5,Kheda,Matar,40.158,39.742
Tmax,2023,5,Kheda,Mehmedabad,40.203,39.742
Tmax,2023,5,Kheda,Nadiad,40.081,39.742
Tmax,2023,5,Kheda,Thasra,39.942,39.742
Tmax,2023,5,Kheda,Vaso,40.087,39.742
Tmax,2023,5,Mahisagar,Balasinor,39.952,39.581
Tmax,2023,5,Mahisagar,Kadana,39.974,39.581
Tmax,2023,5,Mahisagar,Khanpur,40.074,39.581
Tmax,2023,5,Mahisagar,Lunawada,40.013,39.581
Tmax,2023,5,Mahisagar,Santrampur,39.903,39.581
Tmax,2023,5,Mahisagar,Virpur,40.106,39.581
Tmax,2023,6,Anand,Anand,35.837,36.813
Tmax,2023,6,Anand,Anklav,36.157,36.813
Tmax,2023,6,Anand,Borsad,36.06,36.813
Tmax,2023,6,Anand,Khambhat,36.793,36.813
Tmax,2023,6,Anand,Petlad,35.84,36.813
Tmax,2023,6,Anand,Sojitra,35.697,36.813
Tmax,2023,6,Anand,Tarapur,35.783,36.813
Tmax,2023,6,Anand,Umreth,35.783,36.813
Tmax,2023,6,Kheda,Galteshwar,35.79,36.85
Tmax,2023,6,Kheda,Kapadvanj,35.693,36.85
Tmax,2023,6,Kheda,Kathlal,33.273,36.85
Tmax,2023,6,Kheda,Kheda,35.563,36.85
Tmax,2023,6,Kheda,Mahudha,36.213,36.85
Tmax,2023,6,Kheda,Matar,35.557,36.85
Tmax,2023,6,Kheda,Mehmedabad,35.6,36.85
Tmax,2023,6,Kheda,Nadiad,35.597,36.85
Tmax,2023,6,Kheda,Thasra,35.753,36.85
Tmax,2023,6,Kheda,Vaso,35.55,36.85
Tmax,2023,6,Mahisagar,Balasinor,35.753,36.98
Tmax,2023,6,Mahisagar,Kadana,35.677,36.98
Tmax,2023,6,Mahisagar,Khanpur,35.797,36.98
Tmax,2023,6,Mahisagar,Lunawada,35.733,36.98
Tmax,2023,6,Mahisagar,Santrampur,35.513,36.98
Tmax,2023,6,Mahisagar,Virpur,35.89,36.98
Tmax,2023,7,Anand,Anand,33.026,32.129
Tmax,2023,7,Anand,Anklav,33.071,32.129
Tmax,2023,7,Anand,Borsad,33.11,32.129
Tmax,2023,7,Anand,Khambhat,33.326,32.129
Tmax,2023,7,Anand,Petlad,33.145,32.129
Tmax,2023,7,Anand,Sojitra,33.206,32.129
Tmax,2023,7,Anand,Tarapur,33.268,32.129
Tmax,2023,7,Anand,Umreth,32.8,32.129
Tmax,2023,7,Kheda,Galteshwar,32.626,32.129
Tmax,2023,7,Kheda,Kapadvanj,32.952,32.129
Tmax,2023,7,Kheda,Kathlal,31.539,32.129
Tmax,2023,7,Kheda,Kheda,33.226,32.129
Tmax,2023,7,Kheda,Mahudha,33.706,32.129
Tmax,2023,7,Kheda,Matar,33.232,32.129
Tmax,2023,7,Kheda,Mehmedabad,33.145,32.129
Tmax,2023,7,Kheda,Nadiad,33.061,32.129
Tmax,2023,7,Kheda,Thasra,32.652,32.129
Tmax,2023,7,Kheda,Vaso,33.187,32.129
Tmax,2023,7,Mahisagar,Balasinor,32.587,32.129
Tmax,2023,7,Mahisagar,Kadana,32.274,32.129
Tmax,2023,7,Mahisagar,Khanpur,32.542,32.129
Tmax,2023,7,Mahisagar,Lunawada,32.419,32.129
Tmax,2023,7,Mahisagar,Santrampur,32.026,32.129
Tmax,2023,7,Mahisagar,Virpur,32.771,32.129
Tmax,2023,8,Anand,Anand,32.403,32.468
Tmax,2023,8,Anand,Anklav,32.248,32.468
Tmax,2023,8,Anand,Borsad,32.432,32.468
Tmax,2023,8,Anand,Khambhat,32.519,32.468
Tmax,2023,8,Anand,Petlad,32.561,32.468
Tmax,2023,8,Anand,Sojitra,32.645,32.468
Tmax,2023,8,Anand,Tarapur,32.635,32.468
Tmax,2023,8,Anand,Umreth,32.068,32.468
Tmax,2023,8,Kheda,Galteshwar,31.977,32.468
Tmax,2023,8,Kheda,Kapadvanj,32.055,32.468
Tmax,2023,8,Kheda,Kathlal,29.365,32.468
Tmax,2023,8,Kheda,Kheda,32.639,32.468
Tmax,2023,8,Kheda,Mahudha,32.277,32.468
Tmax,2023,8,Kheda,Matar,32.687,32.468
Tmax,2023,8,Kheda,Mehmedabad,32.497,32.468
Tmax,2023,8,Kheda,Nadiad,32.468,32.468
Tmax,2023,8,Kheda,Thasra,31.99,32.468
Tmax,2023,8,Kheda,Vaso,32.616,32.468
Tmax,2023,8,Mahisagar,Balasinor,31.903,32.468
Tmax,2023,8,Mahisagar,Kadana,31.029,32.468
Tmax,2023,8,Mahisagar,Khanpur,31.319,32.468
Tmax,2023,8,Mahisagar,Lunawada,31.658,32.468
Tmax,2023,8,Mahisagar,Santrampur,31.197,32.468
Tmax,2023,8,Mahisagar,Virpur,31.8,32.468
Tmax,2023,9,Anand,Anand,33.843,33.533
Tmax,2023,9,Anand,Anklav,33.713,33.533
Tmax,2023,9,Anand,Borsad,33.803,33.533
Tmax,2023,9,Anand,Khambhat,33.817,33.533
Tmax,2023,9,Anand,Petlad,33.88,33.533
Tmax,2023,9,Anand,Sojitra,33.863,33.533
Tmax,2023,9,Anand,Tarapur,33.857,33.533
Tmax,2023,9,Anand,Umreth,33.66,33.533
Tmax,2023,9,Kheda,Galteshwar,33.507,33.533
Tmax,2023,9,Kheda,Kapadvanj,33.59,33.533
Tmax,2023,9,Kheda,Kathlal,32.423,33.533
Tmax,2023,9,Kheda,Kheda,33.79,33.533
Tmax,2023,9,Kheda,Mahudha,34.003,33.533
Tmax,2023,9,Kheda,Matar,33.79,33.533
Tmax,2023,9,Kheda,Mehmedabad,33.743,33.533
Tmax,2023,9,Kheda,Nadiad,33.827,33.533
Tmax,2023,9,Kheda,Thasra,33.553,33.533
Tmax,2023,9,Kheda,Vaso,33.863,33.533
Tmax,2023,9,Mahisagar,Balasinor,33.473,33.567
Tmax,2023,9,Mahisagar,Kadana,32.703,33.567
Tmax,2023,9,Mahisagar,Khanpur,33.067,33.567
Tmax,2023,9,Mahisagar,Lunawada,33.197,33.567
Tmax,2023,9,Mahisagar,Santrampur,32.507,33.567
Tmax,2023,9,Mahisagar,Virpur,33.51,33.567
Tmax,2023,10,Anand,Anand,35.661,35.613
Tmax,2023,10,Anand,Anklav,35.655,35.613
Tmax,2023,10,Anand,Borsad,35.677,35.613
Tmax,2023,10,Anand,Khambhat,35.619,35.613
Tmax,2023,10,Anand,Petlad,35.674,35.613
Tmax,2023,10,Anand,Sojitra,35.655,35.613
Tmax,2023,10,Anand,Tarapur,35.606,35.613
Tmax,2023,10,Anand,Umreth,35.545,35.613
Tmax,2023,10,Kheda,Galteshwar,35.519,35.613
Tmax,2023,10,Kheda,Kapadvanj,35.548,35.613
Tmax,2023,10,Kheda,Kathlal,33.739,35.613
Tmax,2023,10,Kheda,Kheda,35.61,35.613
Tmax,2023,10,Kheda,Mahudha,35.79,35.613
Tmax,2023,10,Kheda,Matar,35.616,35.613
Tmax,2023,10,Kheda,Mehmedabad,35.587,35.613
Tmax,2023,10,Kheda,Nadiad,35.626,35.613
Tmax,2023,10,Kheda,Thasra,35.535,35.613
Tmax,2023,10,Kheda,Vaso,35.671,35.613
Tmax,2023,10,Mahisagar,Balasinor,35.574,35.387
Tmax,2023,10,Mahisagar,Kadana,35.258,35.387
Tmax,2023,10,Mahisagar,Khanpur,35.452,35.387
Tmax,2023,10,Mahisagar,Lunawada,35.552,35.387
Tmax,2023,10,Mahisagar,Santrampur,35.145,35.387
Tmax,2023,10,Mahisagar,Virpur,35.713,35.387
Tmax,2023,11,Anand,Anand,33.93,34.367
Tmax,2023,11,Anand,Anklav,33.897,34.367
Tmax,2023,11,Anand,Borsad,33.943,34.367
Tmax,2023,11,Anand,Khambhat,34.033,34.367
Tmax,2023,11,Anand,Petlad,33.973,34.367
Tmax,2023,11,Anand,Sojitra,33.97,34.367
Tmax,2023,11,Anand,Tarapur,33.973,34.367
Tmax,2023,11,Anand,Umreth,33.907,34.367
Tmax,2023,11,Kheda,Galteshwar,33.637,34.6
Tmax,2023,11,Kheda,Kapadvanj,33.587,34.6
Tmax,2023,11,Kheda,Kathlal,30.89,34.6
Tmax,2023,11,Kheda,Kheda,33.58,34.6
Tmax,2023,11,Kheda,Mahudha,33.377,34.6
Tmax,2023,11,Kheda,Matar,33.59,34.6
Tmax,2023,11,Kheda,Mehmedabad,33.543,34.6
Tmax,2023,11,Kheda,Nadiad,33.59,34.6
Tmax,2023,11,Kheda,Thasra,33.617,34.6
Tmax,2023,11,Kheda,Vaso,33.6,34.6
Tmax,2023,11,Mahisagar,Balasinor,33.853,34.367
Tmax,2023,11,Mahisagar,Kadana,33.26,34.367
Tmax,2023,11,Mahisagar,Khanpur,33.52,34.367
Tmax,2023,11,Mahisagar,Lunawada,33.663,34.367
Tmax,2023,11,Mahisagar,Santrampur,33.147,34.367
Tmax,2023,11,Mahisagar,Virpur,33.833,34.367
Tmax,2023,12,Anand,Anand,28.181,31.032
Tmax,2023,12,Anand,Anklav,28.158,31.032
Tmax,2023,12,Anand,Borsad,28.113,31.032
Tmax,2023,12,Anand,Khambhat,28.139,31.032
Tmax,2023,12,Anand,Petlad,28.135,31.032
Tmax,2023,12,Anand,Sojitra,28.216,31.032
Tmax,2023,12,Anand,Tarapur,28.223,31.032
Tmax,2023,12,Anand,Umreth,28.271,31.032
Tmax,2023,12,Kheda,Galteshwar,28.223,30.968
Tmax,2023,12,Kheda,Kapadvanj,28.481,30.968
Tmax,2023,12,Kheda,Kathlal,25.474,30.968
Tmax,2023,12,Kheda,Kheda,28.29,30.968
Tmax,2023,12,Kheda,Mahudha,28.023,30.968
Tmax,2023,12,Kheda,Matar,28.29,30.968
Tmax,2023,12,Kheda,Mehmedabad,28.294,30.968
Tmax,2023,12,Kheda,Nadiad,28.271,30.968
Tmax,2023,12,Kheda,Thasra,28.242,30.968
Tmax,2023,12,Kheda,Vaso,28.268,30.968
Tmax,2023,12,Mahisagar,Balasinor,28.177,30.968
Tmax,2023,12,Mahisagar,Kadana,27.168,30.968
Tmax,2023,12,Mahisagar,Khanpur,27.61,30.968
Tmax,2023,12,Mahisagar,Lunawada,27.881,30.968
Tmax,2023,12,Mahisagar,Santrampur,27.081,30.968
Tmax,2023,12,Mahisagar,Virpur,28.042,30.968
Tmin,2021,1,Anand,Anand,13.977,14.597
Tmin,2021,1,Anand,Anklav,14.055,14.597
Tmin,2021,1,Anand,Borsad,14.048,14.597
Tmin,2021,1,Anand,Khambhat,14.197,14.597
Tmin,2021,1,Anand,Petlad,13.958,14.597
Tmin,2021,1,Anand,Sojitra,13.955,14.597
Tmin,2021,1,Anand,Tarapur,13.916,14.597
Tmin,2021,1,Anand,Umreth,14.016,14.597
Tmin,2021,1,Kheda,Galteshwar,14.01,14.065
Tmin,2021,1,Kheda,Kapadvanj,14.01,14.065
Tmin,2021,1,Kheda,Kathlal,14.01,14.065
Tmin,2021,1,Kheda,Kheda,14.01,14.065
Tmin,2021,1,Kheda,Mahudha,14.01,14.065
Tmin,2021,1,Kheda,Matar,14.01,14.065
Tmin,2021,1,Kheda,Mehmedabad,14.01,14.065
Tmin,2021,1,Kheda,Nadiad,14.01,14.065
Tmin,2021,1,Kheda,Thasra,14.01,14.065
Tmin,2021,1,Kheda,Vaso,14.01,14.065
Tmin,2021,1,Mahisagar,Balasinor,14.01,14.597
Tmin,2021,1,Mahisagar,Kadana,14.01,14.597
Tmin,2021,1,Mahisagar,Khanpur,14.01,14.597
Tmin,2021,1,Mahisagar,Lunawada,14.01,14.597
Tmin,2021,1,Mahisagar,Santrampur,14.01,14.597
Tmin,2021,1,Mahisagar,Virpur,14.01,14.597
Tmin,2021,2,Anand,Anand,15.496,15.589
Tmin,2021,2,Anand,Anklav,15.504,15.589
Tmin,2021,2,Anand,Borsad,15.546,15.589
Tmin,2021,2,Anand,Khambhat,15.607,15.589
Tmin,2021,2,Anand,Petlad,15.564,15.589
Tmin,2021,2,Anand,Sojitra,15.629,15.589
Tmin,2021,2,Anand,Tarapur,15.632,15.589
Tmin,2021,2,Anand,Umreth,15.532,15.589
Tmin,2021,2,Kheda,Galteshwar,15.525,14.643
Tmin,2021,2,Kheda,Kapadvanj,15.536,14.643
Tmin,2021,2,Kheda,Kathlal,15.189,14.643
Tmin,2021,2,Kheda,Kheda,15.586,14.643
Tmin,2021,2,Kheda,Mahudha,15.439,14.643
Tmin,2021,2,Kheda,Matar,15.586,14.643
Tmin,2021,2,Kheda,Mehmedabad,15.589,14.643
Tmin,2021,2,Kheda,Nadiad,15.564,14.643
Tmin,2021,2,Kheda,Thasra,15.525,14.643
Tmin,2021,2,Kheda,Vaso,15.575,14.643
Tmin,2021,2,Mahisagar,Balasinor,15.507,15.107
Tmin,2021,2,Mahisagar,Kadana,15.504,15.107
Tmin,2021,2,Mahisagar,Khanpur,15.511,15.107
Tmin,2021,2,Mahisagar,Lunawada,15.479,15.107
Tmin,2021,2,Mahisagar,Santrampur,15.471,15.107
Tmin,2021,2,Mahisagar,Virpur,15.5,15.107
Tmin,2021,3,Anand,Anand,20.526,20.145
Tmin,2021,3,Anand,Anklav,20.581,20.145
Tmin,2021,3,Anand,Borsad,20.555,20.145
Tmin,2021,3,Anand,Khambhat,20.474,20.145
Tmin,2021,3,Anand,Petlad,20.465,20.145
Tmin,2021,3,Anand,Sojitra,20.51,20.145
Tmin,2021,3,Anand,Tarapur,20.468,20.145
Tmin,2021,3,Anand,Umreth,20.548,20.145
Tmin,2021,3,Kheda,Galteshwar,20.374,20.5
Tmin,2021,3,Kheda,Kapadvanj,20.745,20.5
Tmin,2021,3,Kheda,Kathlal,17.168,20.5
Tmin,2021,3,Kheda,Kheda,20.81,20.5
Tmin,2021,3,Kheda,Mahudha,19.745,20.5
Tmin,2021,3,Kheda,Matar,20.777,20.5
Tmin,2021,3,Kheda,Mehmedabad,20.903,20.5
Tmin,2021,3,Kheda,Nadiad,20.7,20.5
Tmin,2021,3,Kheda,Thasra,20.452,20.5
Tmin,2021,3,Kheda,Vaso,20.629,20.5
Tmin,2021,3,Mahisagar,Balasinor,20.3,20.145
Tmin,2021,3,Mahisagar,Kadana,20.11,20.145
Tmin,2021,3,Mahisagar,Khanpur,20.416,20.145
Tmin,2021,3,Mahisagar,Lunawada,20.035,20.145
Tmin,2021,3,Mahisagar,Santrampur,19.642,20.145
Tmin,2021,3,Mahisagar,Virpur,20.497,20.145
Tmin,2021,4,Anand,Anand,24.373,24.827
Tmin,2021,4,Anand,Anklav,24.307,24.827
Tmin,2021,4,Anand,Borsad,24.367,24.827
Tmin,2021,4,Anand,Khambhat,24.377,24.827
Tmin,2021,4,Anand,Petlad,24.39,24.827
Tmin,2021,4,Anand,Sojitra,24.447,24.827
Tmin,2021,4,Anand,Tarapur,24.397,24.827
Tmin,2021,4,Anand,Umreth,24.42,24.827
Tmin,2021,4,Kheda,Galteshwar,24.293,24.827
Tmin,2021,4,Kheda,Kapadvanj,24.693,24.827
Tmin,2021,4,Kheda,Kathlal,21.837,24.827
Tmin,2021,4,Kheda,Kheda,24.737,24.827
Tmin,2021,4,Kheda,Mahudha,24.327,24.827
Tmin,2021,4,Kheda,Matar,24.703,24.827
Tmin,2021,4,Kheda,Mehmedabad,24.813,24.827
Tmin,2021,4,Kheda,Nadiad,24.587,24.827
Tmin,2021,4,Kheda,Thasra,24.357,24.827
Tmin,2021,4,Kheda,Vaso,24.557,24.827
Tmin,2021,4,Mahisagar,Balasinor,24.143,24.91
Tmin,2021,4,Mahisagar,Kadana,23.89,24.91
Tmin,2021,4,Mahisagar,Khanpur,24.103,24.91
Tmin,2021,4,Mahisagar,Lunawada,23.857,24.91
Tmin,2021,4,Mahisagar,Santrampur,23.58,24.91
Tmin,2021,4,Mahisagar,Virpur,24.213,24.91
Tmin,2021,5,Anand,Anand,27.184,27.123
Tmin,2021,5,Anand,Anklav,26.955,27.123
Tmin,2021,5,Anand,Borsad,27.065,27.123
Tmin,2021,5,Anand,Khambhat,27.068,27.123
Tmin,2021,5,Anand,Petlad,27.168,27.123
Tmin,2021,5,Anand,Sojitra,27.213,27.123
Tmin,2021,5,Anand,Tarapur,27.181,27.123
Tmin,2021,5,Anand,Umreth,27.213,27.123
Tmin,2021,5,Kheda,Galteshwar,26.977,27.429
Tmin,2021,5,Kheda,Kapadvanj,27.303,27.429
Tmin,2021,5,Kheda,Kathlal,24.326,27.429
Tmin,2021,5,Kheda,Kheda,27.374,27.429
Tmin,2021,5,Kheda,Mahudha,26.835,27.429
Tmin,2021,5,Kheda,Matar,27.348,27.429
Tmin,2021,5,Kheda,Mehmedabad,27.439,27.429
Tmin,2021,5,Kheda,Nadiad,27.332,27.429
Tmin,2021,5,Kheda,Thasra,27.042,27.429
Tmin,2021,5,Kheda,Vaso,27.294,27.429
Tmin,2021,5,Mahisagar,Balasinor,26.632,27.123
Tmin,2021,5,Mahisagar,Kadana,25.723,27.123
Tmin,2021,5,Mahisagar,Khanpur,25.868,27.123
Tmin,2021,5,Mahisagar,Lunawada,25.894,27.123
Tmin,2021,5,Mahisagar,Santrampur,25.661,27.123
Tmin,2021,5,Mahisagar,Virpur,26.168,27.123
Tmin,2021,6,Anand,Anand,26.957,27.117
Tmin,2021,6,Anand,Anklav,26.867,27.117
Tmin,2021,6,Anand,Borsad,26.907,27.117
Tmin,2021,6,Anand,Khambhat,26.967,27.117
Tmin,2021,6,Anand,Petlad,26.9,27.117
Tmin,2021,6,Anand,Sojitra,26.873,27.117
Tmin,2021,6,Anand,Tarapur,26.837,27.117
Tmin,2021,6,Anand,Umreth,27.01,27.117
Tmin,2021,6,Kheda,Galteshwar,26.827,26.917
Tmin,2021,6,Kheda,Kapadvanj,27.14,26.917
Tmin,2021,6,Kheda,Kathlal,24.71,26.917
Tmin,2021,6,Kheda,Kheda,26.9,26.917
Tmin,2021,6,Kheda,Mahudha,26.77,26.917
Tmin,2021,6,Kheda,Matar,26.86,26.917
Tmin,2021,6,Kheda,Mehmedabad,27.06,26.917
Tmin,2021,6,Kheda,Nadiad,26.983,26.917
Tmin,2021,6,Kheda,Thasra,26.907,26.917
Tmin,2021,6,Kheda,Vaso,26.87,26.917
Tmin,2021,6,Mahisagar,Balasinor,26.717,27.117
Tmin,2021,6,Mahisagar,Kadana,25.48,27.117
Tmin,2021,6,Mahisagar,Khanpur,25.763,27.117
Tmin,2021,6,Mahisagar,Lunawada,25.967,27.117
Tmin,2021,6,Mahisagar,Santrampur,25.39,27.117
Tmin,2021,6,Mahisagar,Virpur,26.237,27.117
Tmin,2021,7,Anand,Anand,26.487,26.29
Tmin,2021,7,Anand,Anklav,26.429,26.29
Tmin,2021,7,Anand,Borsad,26.474,26.29
Tmin,2021,7,Anand,Khambhat,26.639,26.29
Tmin,2021,7,Anand,Petlad,26.468,26.29
Tmin,2021,7,Anand,Sojitra,26.497,26.29
Tmin,2021,7,Anand,Tarapur,26.5,26.29
Tmin,2021,7,Anand,Umreth,26.519,26.29
Tmin,2021,7,Kheda,Galteshwar,26.4,26.729
Tmin,2021,7,Kheda,Kapadvanj,26.642,26.729
Tmin,2021,7,Kheda,Kathlal,24.381,26.729
Tmin,2021,7,Kheda,Kheda,26.59,26.729
Tmin,2021,7,Kheda,Mahudha,26.345,26.729
Tmin,2021,7,Kheda,Matar,26.584,26.729
Tmin,2021,7,Kheda,Mehmedabad,26.661,26.729
Tmin,2021,7,Kheda,Nadiad,26.548,26.729
Tmin,2021,7,Kheda,Thasra,26.439,26.729
Tmin,2021,7,Kheda,Vaso,26.529,26.729
Tmin,2021,7,Mahisagar,Balasinor,26.265,26.271
Tmin,2021,7,Mahisagar,Kadana,24.858,26.271
Tmin,2021,7,Mahisagar,Khanpur,25.21,26.271
Tmin,2021,7,Mahisagar,Lunawada,25.406,26.271
Tmin,2021,7,Mahisagar,Santrampur,24.681,26.271
Tmin,2021,7,Mahisagar,Virpur,25.8,26.271
Tmin,2021,8,Anand,Anand,25.571,26.065
Tmin,2021,8,Anand,Anklav,25.481,26.065
Tmin,2021,8,Anand,Borsad,25.558,26.065
Tmin,2021,8,Anand,Khambhat,25.606,26.065
Tmin,2021,8,Anand,Petlad,25.584,26.065
Tmin,2021,8,Anand,Sojitra,25.639,26.065
Tmin,2021,8,Anand,Tarapur,25.642,26.065
Tmin,2021,8,Anand,Umreth,25.613,26.065
Tmin,2021,8,Kheda,Galteshwar,25.497,25.89
Tmin,2021,8,Kheda,Kapadvanj,25.803,25.89
Tmin,2021,8,Kheda,Kathlal,22.51,25.89
Tmin,2021,8,Kheda,Kheda,25.677,25.89
Tmin,2021,8,Kheda,Mahudha,24.597,25.89
Tmin,2021,8,Kheda,Matar,25.674,25.89
Tmin,2021,8,Kheda,Mehmedabad,25.739,25.89
Tmin,2021,8,Kheda,Nadiad,25.703,25.89
Tmin,2021,8,Kheda,Thasra,25.561,25.89
Tmin,2021,8,Kheda,Vaso,25.668,25.89
Tmin,2021,8,Mahisagar,Balasinor,25.394,26.065
Tmin,2021,8,Mahisagar,Kadana,24.097,26.065
Tmin,2021,8,Mahisagar,Khanpur,24.523,26.065
Tmin,2021,8,Mahisagar,Lunawada,24.616,26.065
Tmin,2021,8,Mahisagar,Santrampur,23.845,26.065
Tmin,2021,8,Mahisagar,Virpur,25.055,26.065
Tmin,2021,9,Anand,Anand,25.463,25.05
Tmin,2021,9,Anand,Anklav,25.23,25.05
Tmin,2021,9,Anand,Borsad,25.323,25.05
Tmin,2021,9,Anand,Khambhat,25.337,25.05
Tmin,2021,9,Anand,Petlad,25.41,25.05
Tmin,2021,9,Anand,Sojitra,25.453,25.05
Tmin,2021,9,Anand,Tarapur,25.41,25.05
Tmin,2021,9,Anand,Umreth,25.543,25.05
Tmin,2021,9,Kheda,Galteshwar,25.45,25.6
Tmin,2021,9,Kheda,Kapadvanj,25.7,25.6
Tmin,2021,9,Kheda,Kathlal,23.03,25.6
Tmin,2021,9,Kheda,Kheda,25.603,25.6
Tmin,2021,9,Kheda,Mahudha,24.933,25.6
Tmin,2021,9,Kheda,Matar,25.577,25.6
Tmin,2021,9,Kheda,Mehmedabad,25.703,25.6
Tmin,2021,9,Kheda,Nadiad,25.62,25.6
Tmin,2021,9,Kheda,Thasra,25.51,25.6
Tmin,2021,9,Kheda,Vaso,25.527,25.6
Tmin,2021,9,Mahisagar,Balasinor,25.317,25.05
Tmin,2021,9,Mahisagar,Kadana,24.267,25.05
Tmin,2021,9,Mahisagar,Khanpur,24.583,25.05
Tmin,2021,9,Mahisagar,Lunawada,24.66,25.05
Tmin,2021,9,Mahisagar,Santrampur,24.067,25.05
Tmin,2021,9,Mahisagar,Virpur,25.03,25.05
Tmin,2021,10,Anand,Anand,23.171,22.903
Tmin,2021,10,Anand,Anklav,23.348,22.903
Tmin,2021,10,Anand,Borsad,23.306,22.903
Tmin,2021,10,Anand,Khambhat,23.574,22.903
Tmin,2021,10,Anand,Petlad,23.271,22.903
Tmin,2021,10,Anand,Sojitra,23.274,22.903
Tmin,2021,10,Anand,Tarapur,23.271,22.903
Tmin,2021,10,Anand,Umreth,23.294,22.903
Tmin,2021,10,Kheda,Galteshwar,23.229,22.961
Tmin,2021,10,Kheda,Kapadvanj,23.548,22.961
Tmin,2021,10,Kheda,Kathlal,21.1,22.961
Tmin,2021,10,Kheda,Kheda,23.432,22.961
Tmin,2021,10,Kheda,Mahudha,23.1,22.961
Tmin,2021,10,Kheda,Matar,23.41,22.961
Tmin,2021,10,Kheda,Mehmedabad,23.532,22.961
Tmin,2021,10,Kheda,Nadiad,23.387,22.961
Tmin,2021,10,Kheda,Thasra,23.261,22.961
Tmin,2021,10,Kheda,Vaso,23.284,22.961
Tmin,2021,10,Mahisagar,Balasinor,23.171,22.939
Tmin,2021,10,Mahisagar,Kadana,22.494,22.939
Tmin,2021,10,Mahisagar,Khanpur,22.79,22.939
Tmin,2021,10,Mahisagar,Lunawada,22.771,22.939
Tmin,2021,10,Mahisagar,Santrampur,22.232,22.939
Tmin,2021,10,Mahisagar,Virpur,23.177,22.939
Tmin,2021,11,Anand,Anand,18.38,18.917
Tmin,2021,11,Anand,Anklav,18.587,18.917
Tmin,2021,11,Anand,Borsad,18.46,18.917
Tmin,2021,11,Anand,Khambhat,18.527,18.917
Tmin,2021,11,Anand,Petlad,18.327,18.917
Tmin,2021,11,Anand,Sojitra,18.323,18.917
Tmin,2021,11,Anand,Tarapur,18.25,18.917
Tmin,2021,11,Anand,Umreth,18.377,18.917
Tmin,2021,11,Kheda,Galteshwar,18.157,18.783
Tmin,2021,11,Kheda,Kapadvanj,18.567,18.783
Tmin,2021,11,Kheda,Kathlal,15.927,18.783
Tmin,2021,11,Kheda,Kheda,18.623,18.783
Tmin,2021,11,Kheda,Mahudha,18.727,18.783
Tmin,2021,11,Kheda,Matar,18.567,18.783
Tmin,2021,11,Kheda,Mehmedabad,18.71,18.783
Tmin,2021,11,Kheda,Nadiad,18.473,18.783
Tmin,2021,11,Kheda,Thasra,18.227,18.783
Tmin,2021,11,Kheda,Vaso,18.417,18.783
Tmin,2021,11,Mahisagar,Balasinor,17.967,18.917
Tmin,2021,11,Mahisagar,Kadana,17.37,18.917
Tmin,2021,11,Mahisagar,Khanpur,17.727,18.917
Tmin,2021,11,Mahisagar,Lunawada,17.523,18.917
Tmin,2021,11,Mahisagar,Santrampur,17.06,18.917
Tmin,2021,11,Mahisagar,Virpur,18.043,18.917
Tmin,2021,12,Anand,Anand,14.955,15.661
Tmin,2021,12,Anand,Anklav,14.994,15.661
Tmin,2021,12,Anand,Borsad,15.003,15.661
Tmin,2021,12,Anand,Khambhat,15.035,15.661
Tmin,2021,12,Anand,Petlad,14.99,15.661
Tmin,2021,12,Anand,Sojitra,14.997,15.661
Tmin,2021,12,Anand,Tarapur,14.955,15.661
Tmin,2021,12,Anand,Umreth,14.894,15.661
Tmin,2021,12,Kheda,Galteshwar,14.868,15.823
Tmin,2021,12,Kheda,Kapadvanj,15.103,15.823
Tmin,2021,12,Kheda,Kathlal,11.81,15.823
Tmin,2021,12,Kheda,Kheda,15.142,15.823
Tmin,2021,12,Kheda,Mahudha,14.523,15.823
Tmin,2021,12,Kheda,Matar,15.126,15.823
Tmin,2021,12,Kheda,Mehmedabad,15.21,15.823
Tmin,2021,12,Kheda,Nadiad,15.077,15.823
Tmin,2021,12,Kheda,Thasra,14.919,15.823
Tmin,2021,12,Kheda,Vaso,15.055,15.823
Tmin,2021,12,Mahisagar,Balasinor,14.726,15.661
Tmin,2021,12,Mahisagar,Kadana,13.913,15.661
Tmin,2021,12,Mahisagar,Khanpur,14.358,15.661
Tmin,2021,12,Mahisagar,Lunawada,14.245,15.661
Tmin,2021,12,Mahisagar,Santrampur,13.513,15.661
Tmin,2021,12,Mahisagar,Virpur,14.726,15.661
Tmin,2022,1,Anand,Anand,13.326,13.613
Tmin,2022,1,Anand,Anklav,13.387,13.613
Tmin,2022,1,Anand,Borsad,13.377,13.613
Tmin,2022,1,Anand,Khambhat,13.465,13.613
Tmin,2022,1,Anand,Petlad,13.319,13.613
Tmin,2022,1,Anand,Sojitra,13.352,13.613
Tmin,2022,1,Anand,Tarapur,13.326,13.613
Tmin,2022,1,Anand,Umreth,13.365,13.613
Tmin,2022,1,Kheda,Galteshwar,13.306,14.161
Tmin,2022,1,Kheda,Kapadvanj,13.435,14.161
Tmin,2022,1,Kheda,Kathlal,10.59,14.161
Tmin,2022,1,Kheda,Kheda,13.526,14.161
Tmin,2022,1,Kheda,Mahudha,12.939,14.161
Tmin,2022,1,Kheda,Matar,13.497,14.161
Tmin,2022,1,Kheda,Mehmedabad,13.574,14.161
Tmin,2022,1,Kheda,Nadiad,13.426,14.161
Tmin,2022,1,Kheda,Thasra,13.313,14.161
Tmin,2022,1,Kheda,Vaso,13.39,14.161
Tmin,2022,1,Mahisagar,Balasinor,13.077,13.581
Tmin,2022,1,Mahisagar,Kadana,12.577,13.581
Tmin,2022,1,Mahisagar,Khanpur,12.89,13.581
Tmin,2022,1,Mahisagar,Lunawada,12.681,13.581
Tmin,2022,1,Mahisagar,Santrampur,12.203,13.581
Tmin,2022,1,Mahisagar,Virpur,13.077,13.581
Tmin,2022,2,Anand,Anand,15.014,15.643
Tmin,2022,2,Anand,Anklav,15.007,15.643
Tmin,2022,2,Anand,Borsad,15.004,15.643
Tmin,2022,2,Anand,Khambhat,15.018,15.643
Tmin,2022,2,Anand,Petlad,15.014,15.643
Tmin,2022,2,Anand,Sojitra,15.075,15.643
Tmin,2022,2,Anand,Tarapur,15.05,15.643
Tmin,2022,2,Anand,Umreth,15.046,15.643
Tmin,2022,2,Kheda,Galteshwar,15.136,15.571
Tmin,2022,2,Kheda,Kapadvanj,15.4,15.571
Tmin,2022,2,Kheda,Kathlal,12.754,15.571
Tmin,2022,2,Kheda,Kheda,15.45,15.571
Tmin,2022,2,Kheda,Mahudha,14.9,15.571
Tmin,2022,2,Kheda,Matar,15.425,15.571
Tmin,2022,2,Kheda,Mehmedabad,15.529,15.571
Tmin,2022,2,Kheda,Nadiad,15.35,15.571
Tmin,2022,2,Kheda,Thasra,15.157,15.571
Tmin,2022,2,Kheda,Vaso,15.311,15.571
Tmin,2022,2,Mahisagar,Balasinor,14.743,15.643
Tmin,2022,2,Mahisagar,Kadana,14.279,15.643
Tmin,2022,2,Mahisagar,Khanpur,14.636,15.643
Tmin,2022,2,Mahisagar,Lunawada,14.389,15.643
Tmin,2022,2,Mahisagar,Santrampur,13.882,15.643
Tmin,2022,2,Mahisagar,Virpur,14.818,15.643
Tmin,2022,3,Anand,Anand,21.213,21.194
Tmin,2022,3,Anand,Anklav,21.187,21.194
Tmin,2022,3,Anand,Borsad,21.219,21.194
Tmin,2022,3,Anand,Khambhat,21.3,21.194
Tmin,2022,3,Anand,Petlad,21.252,21.194
Tmin,2022,3,Anand,Sojitra,21.413,21.194
Tmin,2022,3,Anand,Tarapur,21.448,21.194
Tmin,2022,3,Anand,Umreth,21.219,21.194
Tmin,2022,3,Kheda,Galteshwar,21.097,21.548
Tmin,2022,3,Kheda,Kapadvanj,21.458,21.548
Tmin,2022,3,Kheda,Kathlal,18.984,21.548
Tmin,2022,3,Kheda,Kheda,21.697,21.548
Tmin,2022,3,Kheda,Mahudha,21.206,21.548
Tmin,2022,3,Kheda,Matar,21.658,21.548
Tmin,2022,3,Kheda,Mehmedabad,21.739,21.548
Tmin,2022,3,Kheda,Nadiad,21.487,21.548
Tmin,2022,3,Kheda,Thasra,21.148,21.548
Tmin,2022,3,Kheda,Vaso,21.516,21.548
Tmin,2022,3,Mahisagar,Balasinor,20.974,21.194
Tmin,2022,3,Mahisagar,Kadana,20.861,21.194
Tmin,2022,3,Mahisagar,Khanpur,21.119,21.194
Tmin,2022,3,Mahisagar,Lunawada,20.726,21.194
Tmin,2022,3,Mahisagar,Santrampur,20.355,21.194
Tmin,2022,3,Mahisagar,Virpur,21.142,21.194
Tmin,2022,4,Anand,Anand,24.593,24.367
Tmin,2022,4,Anand,Anklav,24.46,24.367
Tmin,2022,4,Anand,Borsad,24.527,24.367
Tmin,2022,4,Anand,Khambhat,24.663,24.367
Tmin,2022,4,Anand,Petlad,24.547,24.367
Tmin,2022,4,Anand,Sojitra,24.62,24.367
Tmin,2022,4,Anand,Tarapur,24.587,24.367
Tmin,2022,4,Anand,Umreth,24.67,24.367
Tmin,2022,4,Kheda,Galteshwar,24.58,24.367
Tmin,2022,4,Kheda,Kapadvanj,24.88,24.367
Tmin,2022,4,Kheda,Kathlal,23.163,24.367
Tmin,2022,4,Kheda,Kheda,24.887,24.367
Tmin,2022,4,Kheda,Mahudha,24.857,24.367
Tmin,2022,4,Kheda,Matar,24.86,24.367
Tmin,2022,4,Kheda,Mehmedabad,24.973,24.367
Tmin,2022,4,Kheda,Nadiad,24.773,24.367
Tmin,2022,4,Kheda,Thasra,24.637,24.367
Tmin,2022,4,Kheda,Vaso,24.733,24.367
Tmin,2022,4,Mahisagar,Balasinor,24.567,24.367
Tmin,2022,4,Mahisagar,Kadana,24.337,24.367
Tmin,2022,4,Mahisagar,Khanpur,24.497,24.367
Tmin,2022,4,Mahisagar,Lunawada,24.31,24.367
Tmin,2022,4,Mahisagar,Santrampur,24.08,24.367
Tmin,2022,4,Mahisagar,Virpur,24.613,24.367
Tmin,2022,5,Anand,Anand,27.635,27.632
Tmin,2022,5,Anand,Anklav,27.471,27.632
Tmin,2022,5,Anand,Borsad,27.539,27.632
Tmin,2022,5,Anand,Khambhat,27.194,27.632
Tmin,2022,5,Anand,Petlad,27.568,27.632
Tmin,2022,5,Anand,Sojitra,27.526,27.632
Tmin,2022,5,Anand,Tarapur,27.439,27.632
Tmin,2022,5,Anand,Umreth,27.674,27.632
Tmin,2022,5,Kheda,Galteshwar,27.603,27.839
Tmin,2022,5,Kheda,Kapadvanj,27.5,27.839
Tmin,2022,5,Kheda,Kathlal,25.648,27.839
Tmin,2022,5,Kheda,Kheda,27.523,27.839
Tmin,2022,5,Kheda,Mahudha,26.981,27.839
Tmin,2022,5,Kheda,Matar,27.523,27.839
Tmin,2022,5,Kheda,Mehmedabad,27.558,27.839
Tmin,2022,5,Kheda,Nadiad,27.645,27.839
Tmin,2022,5,Kheda,Thasra,27.577,27.839
Tmin,2022,5,Kheda,Vaso,27.568,27.839
Tmin,2022,5,Mahisagar,Balasinor,27.235,27.839
Tmin,2022,5,Mahisagar,Kadana,26.548,27.839
Tmin,2022,5,Mahisagar,Khanpur,26.619,27.839
Tmin,2022,5,Mahisagar,Lunawada,26.668,27.839
Tmin,2022,5,Mahisagar,Santrampur,26.487,27.839
Tmin,2022,5,Mahisagar,Virpur,26.819,27.839
Tmin,2022,6,Anand,Anand,28.423,27.367
Tmin,2022,6,Anand,Anklav,28.22,27.367
Tmin,2022,6,Anand,Borsad,28.307,27.367
Tmin,2022,6,Anand,Khambhat,28.197,27.367
Tmin,2022,6,Anand,Petlad,28.393,27.367
Tmin,2022,6,Anand,Sojitra,28.423,27.367
Tmin,2022,6,Anand,Tarapur,28.363,27.367
Tmin,2022,6,Anand,Umreth,28.46,27.367
Tmin,2022,6,Kheda,Galteshwar,28.333,27.367
Tmin,2022,6,Kheda,Kapadvanj,28.683,27.367
Tmin,2022,6,Kheda,Kathlal,26.893,27.367
Tmin,2022,6,Kheda,Kheda,28.537,27.367
Tmin,2022,6,Kheda,Mahudha,28.5,27.367
Tmin,2022,6,Kheda,Matar,28.52,27.367
Tmin,2022,6,Kheda,Mehmedabad,28.627,27.367
Tmin,2022,6,Kheda,Nadiad,28.58,27.367
Tmin,2022,6,Kheda,Thasra,28.433,27.367
Tmin,2022,6,Kheda,Vaso,28.51,27.367
Tmin,2022,6,Mahisagar,Balasinor,28.267,27.367
Tmin,2022,6,Mahisagar,Kadana,27.173,27.367
Tmin,2022,6,Mahisagar,Khanpur,27.423,27.367
Tmin,2022,6,Mahisagar,Lunawada,27.55,27.367
Tmin,2022,6,Mahisagar,Santrampur,26.973,27.367
Tmin,2022,6,Mahisagar,Virpur,27.857,27.367
Tmin,2022,7,Anand,Anand,24.945,25.677
Tmin,2022,7,Anand,Anklav,24.923,25.677
Tmin,2022,7,Anand,Borsad,24.919,25.677
Tmin,2022,7,Anand,Khambhat,25.019,25.677
Tmin,2022,7,Anand,Petlad,24.89,25.677
Tmin,2022,7,Anand,Sojitra,24.852,25.677
Tmin,2022,7,Anand,Tarapur,24.832,25.677
Tmin,2022,7,Anand,Umreth,25.013,25.677
Tmin,2022,7,Kheda,Galteshwar,25.248,25.677
Tmin,2022,7,Kheda,Kapadvanj,25.374,25.677
Tmin,2022,7,Kheda,Kathlal,23.468,25.677
Tmin,2022,7,Kheda,Kheda,25.052,25.677
Tmin,2022,7,Kheda,Mahudha,25.048,25.677
Tmin,2022,7,Kheda,Matar,25.039,25.677
Tmin,2022,7,Kheda,Mehmedabad,25.168,25.677
Tmin,2022,7,Kheda,Nadiad,25.161,25.677
Tmin,2022,7,Kheda,Thasra,25.281,25.677
Tmin,2022,7,Kheda,Vaso,25.074,25.677
Tmin,2022,7,Mahisagar,Balasinor,25.123,25.677
Tmin,2022,7,Mahisagar,Kadana,23.926,25.677
Tmin,2022,7,Mahisagar,Khanpur,24.261,25.677
Tmin,2022,7,Mahisagar,Lunawada,24.335,25.677
Tmin,2022,7,Mahisagar,Santrampur,23.655,25.677
Tmin,2022,7,Mahisagar,Virpur,24.729,25.677
Tmin,2022,8,Anand,Anand,25.129,25.29
Tmin,2022,8,Anand,Anklav,25.148,25.29
Tmin,2022,8,Anand,Borsad,25.19,25.29
Tmin,2022,8,Anand,Khambhat,25.306,25.29
Tmin,2022,8,Anand,Petlad,25.168,25.29
Tmin,2022,8,Anand,Sojitra,25.139,25.29
Tmin,2022,8,Anand,Tarapur,25.165,25.29
Tmin,2022,8,Anand,Umreth,25.077,25.29
Tmin,2022,8,Kheda,Galteshwar,24.948,25.29
Tmin,2022,8,Kheda,Kapadvanj,25.061,25.29
Tmin,2022,8,Kheda,Kathlal,22.81,25.29
Tmin,2022,8,Kheda,Kheda,25.081,25.29
Tmin,2022,8,Kheda,Mahudha,24.606,25.29
Tmin,2022,8,Kheda,Matar,25.077,25.29
Tmin,2022,8,Kheda,Mehmedabad,25.087,25.29
Tmin,2022,8,Kheda,Nadiad,25.129,25.29
Tmin,2022,8,Kheda,Thasra,24.974,25.29
Tmin,2022,8,Kheda,Vaso,25.113,25.29
Tmin,2022,8,Mahisagar,Balasinor,24.758,25.29
Tmin,2022,8,Mahisagar,Kadana,23.387,25.29
Tmin,2022,8,Mahisagar,Khanpur,23.768,25.29
Tmin,2022,8,Mahisagar,Lunawada,23.932,25.29
Tmin,2022,8,Mahisagar,Santrampur,23.174,25.29
Tmin,2022,8,Mahisagar,Virpur,24.319,25.29
Tmin,2022,9,Anand,Anand,25.437,25.467
Tmin,2022,9,Anand,Anklav,25.327,25.467
Tmin,2022,9,Anand,Borsad,25.383,25.467
Tmin,2022,9,Anand,Khambhat,25.383,25.467
Tmin,2022,9,Anand,Petlad,25.437,25.467
Tmin,2022,9,Anand,Sojitra,25.457,25.467
Tmin,2022,9,Anand,Tarapur,25.42,25.467
Tmin,2022,9,Anand,Umreth,25.433,25.467
Tmin,2022,9,Kheda,Galteshwar,25.33,25.467
Tmin,2022,9,Kheda,Kapadvanj,25.613,25.467
Tmin,2022,9,Kheda,Kathlal,23.457,25.467
Tmin,2022,9,Kheda,Kheda,25.55,25.467
Tmin,2022,9,Kheda,Mahudha,25.327,25.467
Tmin,2022,9,Kheda,Matar,25.533,25.467
Tmin,2022,9,Kheda,Mehmedabad,25.607,25.467
Tmin,2022,9,Kheda,Nadiad,25.567,25.467
Tmin,2022,9,Kheda,Thasra,25.4,25.467
Tmin,2022,9,Kheda,Vaso,25.52,25.467
Tmin,2022,9,Mahisagar,Balasinor,25.287,25.467
Tmin,2022,9,Mahisagar,Kadana,24.133,25.467
Tmin,2022,9,Mahisagar,Khanpur,24.503,25.467
Tmin,2022,9,Mahisagar,Lunawada,24.6,25.467
Tmin,2022,9,Mahisagar,Santrampur,23.903,25.467
Tmin,2022,9,Mahisagar,Virpur,25.013,25.467
Tmin,2022,10,Anand,Anand,22.606,23.465
Tmin,2022,10,Anand,Anklav,22.745,23.465
Tmin,2022,10,Anand,Borsad,22.684,23.465
Tmin,2022,10,Anand,Khambhat,22.939,23.465
Tmin,2022,10,Anand,Petlad,22.565,23.465
Tmin,2022,10,Anand,Sojitra,22.581,23.465
Tmin,2022,10,Anand,Tarapur,22.587,23.465
Tmin,2022,10,Anand,Umreth,22.632,23.465
Tmin,2022,10,Kheda,Galteshwar,22.471,23.465
Tmin,2022,10,Kheda,Kapadvanj,22.994,23.465
Tmin,2022,10,Kheda,Kathlal,20.69,23.465
Tmin,2022,10,Kheda,Kheda,22.826,23.465
Tmin,2022,10,Kheda,Mahudha,22.729,23.465
Tmin,2022,10,Kheda,Matar,22.8,23.465
Tmin,2022,10,Kheda,Mehmedabad,22.952,23.465
Tmin,2022,10,Kheda,Nadiad,22.742,23.465
Tmin,2022,10,Kheda,Thasra,22.545,23.465
Tmin,2022,10,Kheda,Vaso,22.658,23.465
Tmin,2022,10,Mahisagar,Balasinor,22.394,23.465
Tmin,2022,10,Mahisagar,Kadana,21.406,23.465
Tmin,2022,10,Mahisagar,Khanpur,21.774,23.465
Tmin,2022,10,Mahisagar,Lunawada,21.835,23.465
Tmin,2022,10,Mahisagar,Santrampur,21.261,23.465
Tmin,2022,10,Mahisagar,Virpur,22.297,23.465
Tmin,2022,11,Anand,Anand,17.353,17.42
Tmin,2022,11,Anand,Anklav,17.503,17.42
Tmin,2022,11,Anand,Borsad,17.403,17.42
Tmin,2022,11,Anand,Khambhat,17.493,17.42
Tmin,2022,11,Anand,Petlad,17.273,17.42
Tmin,2022,11,Anand,Sojitra,17.27,17.42
Tmin,2022,11,Anand,Tarapur,17.22,17.42
Tmin,2022,11,Anand,Umreth,17.363,17.42
Tmin,2022,11,Kheda,Galteshwar,17.257,17.453
Tmin,2022,11,Kheda,Kapadvanj,17.667,17.453
Tmin,2022,11,Kheda,Kathlal,15.597,17.453
Tmin,2022,11,Kheda,Kheda,17.593,17.453
Tmin,2022,11,Kheda,Mahudha,17.97,17.453
Tmin,2022,11,Kheda,Matar,17.553,17.453
Tmin,2022,11,Kheda,Mehmedabad,17.773,17.453
Tmin,2022,11,Kheda,Nadiad,17.483,17.453
Tmin,2022,11,Kheda,Thasra,17.303,17.453
Tmin,2022,11,Kheda,Vaso,17.357,17.453
Tmin,2022,11,Mahisagar,Balasinor,17.17,17.72
Tmin,2022,11,Mahisagar,Kadana,16.503,17.72
Tmin,2022,11,Mahisagar,Khanpur,16.797,17.72
Tmin,2022,11,Mahisagar,Lunawada,16.647,17.72
Tmin,2022,11,Mahisagar,Santrampur,16.183,17.72
Tmin,2022,11,Mahisagar,Virpur,17.143,17.72
Tmin,2022,12,Anand,Anand,15.761,17.29
Tmin,2022,12,Anand,Anklav,15.861,17.29
Tmin,2022,12,Anand,Borsad,15.806,17.29
Tmin,2022,12,Anand,Khambhat,15.832,17.29
Tmin,2022,12,Anand,Petlad,15.739,17.29
Tmin,2022,12,Anand,Sojitra,15.732,17.29
Tmin,2022,12,Anand,Tarapur,15.677,17.29
Tmin,2022,12,Anand,Umreth,15.755,17.29
Tmin,2022,12,Kheda,Galteshwar,15.642,17.258
Tmin,2022,12,Kheda,Kapadvanj,15.813,17.258
Tmin,2022,12,Kheda,Kathlal,12.455,17.258
Tmin,2022,12,Kheda,Kheda,15.874,17.258
Tmin,2022,12,Kheda,Mahudha,15.229,17.258
Tmin,2022,12,Kheda,Matar,15.852,17.258
Tmin,2022,12,Kheda,Mehmedabad,15.955,17.258
Tmin,2022,12,Kheda,Nadiad,15.842,17.258
Tmin,2022,12,Kheda,Thasra,15.677,17.258
Tmin,2022,12,Kheda,Vaso,15.806,17.258
Tmin,2022,12,Mahisagar,Balasinor,15.448,17.29
Tmin,2022,12,Mahisagar,Kadana,14.558,17.29
Tmin,2022,12,Mahisagar,Khanpur,14.952,17.29
Tmin,2022,12,Mahisagar,Lunawada,14.948,17.29
Tmin,2022,12,Mahisagar,Santrampur,14.255,17.29
Tmin,2022,12,Mahisagar,Virpur,15.406,17.29
Tmin,2023,1,Anand,Anand,12.352,12.677
Tmin,2023,1,Anand,Anklav,12.345,12.677
Tmin,2023,1,Anand,Borsad,12.329,12.677
Tmin,2023,1,Anand,Khambhat,12.265,12.677
Tmin,2023,1,Anand,Petlad,12.316,12.677
Tmin,2023,1,Anand,Sojitra,12.313,12.677
Tmin,2023,1,Anand,Tarapur,12.268,12.677
Tmin,2023,1,Anand,Umreth,12.452,12.677
Tmin,2023,1,Kheda,Galteshwar,12.381,13.194
Tmin,2023,1,Kheda,Kapadvanj,12.652,13.194
Tmin,2023,1,Kheda,Kathlal,9.571,13.194
Tmin,2023,1,Kheda,Kheda,12.503,13.194
Tmin,2023,1,Kheda,Mahudha,11.855,13.194
Tmin,2023,1,Kheda,Matar,12.468,13.194
Tmin,2023,1,Kheda,Mehmedabad,12.539,13.194
Tmin,2023,1,Kheda,Nadiad,12.477,13.194
Tmin,2023,1,Kheda,Thasra,12.442,13.194
Tmin,2023,1,Kheda,Vaso,12.384,13.194
Tmin,2023,1,Mahisagar,Balasinor,12.31,13.065
Tmin,2023,1,Mahisagar,Kadana,11.661,13.065
Tmin,2023,1,Mahisagar,Khanpur,11.971,13.065
Tmin,2023,1,Mahisagar,Lunawada,11.858,13.065
Tmin,2023,1,Mahisagar,Santrampur,11.355,13.065
Tmin,2023,1,Mahisagar,Virpur,12.232,13.065
Tmin,2023,2,Anand,Anand,15.593,16.071
Tmin,2023,2,Anand,Anklav,15.7,16.071
Tmin,2023,2,Anand,Borsad,15.689,16.071
Tmin,2023,2,Anand,Khambhat,15.864,16.071
Tmin,2023,2,Anand,Petlad,15.664,16.071
Tmin,2023,2,Anand,Sojitra,15.7,16.071
Tmin,2023,2,Anand,Tarapur,15.704,16.071
Tmin,2023,2,Anand,Umreth,15.632,16.071
Tmin,2023,2,Kheda,Galteshwar,15.543,16.321
Tmin,2023,2,Kheda,Kapadvanj,15.911,16.321
Tmin,2023,2,Kheda,Kathlal,13.639,16.321
Tmin,2023,2,Kheda,Kheda,15.9,16.321
Tmin,2023,2,Kheda,Mahudha,15.679,16.321
Tmin,2023,2,Kheda,Matar,15.879,16.321
Tmin,2023,2,Kheda,Mehmedabad,15.964,16.321
Tmin,2023,2,Kheda,Nadiad,15.75,16.321
Tmin,2023,2,Kheda,Thasra,15.596,16.321
Tmin,2023,2,Kheda,Vaso,15.746,16.321
Tmin,2023,2,Mahisagar,Balasinor,15.389,16.214
Tmin,2023,2,Mahisagar,Kadana,15.343,16.214
Tmin,2023,2,Mahisagar,Khanpur,15.621,16.214
Tmin,2023,2,Mahisagar,Lunawada,15.225,16.214
Tmin,2023,2,Mahisagar,Santrampur,14.779,16.214
Tmin,2023,2,Mahisagar,Virpur,15.654,16.214
Tmin,2023,3,Anand,Anand,20.11,19.548
Tmin,2023,3,Anand,Anklav,19.981,19.548
Tmin,2023,3,Anand,Borsad,20.071,19.548
Tmin,2023,3,Anand,Khambhat,20.223,19.548
Tmin,2023,3,Anand,Petlad,20.097,19.548
Tmin,2023,3,Anand,Sojitra,20.171,19.548
Tmin,2023,3,Anand,Tarapur,20.155,19.548
Tmin,2023,3,Anand,Umreth,20.158,19.548
Tmin,2023,3,Kheda,Galteshwar,20.01,19.581
Tmin,2023,3,Kheda,Kapadvanj,20.381,19.581
Tmin,2023,3,Kheda,Kathlal,17.345,19.581
Tmin,2023,3,Kheda,Kheda,20.439,19.581
Tmin,2023,3,Kheda,Mahudha,19.952,19.581
Tmin,2023,3,Kheda,Matar,20.403,19.581
Tmin,2023,3,Kheda,Mehmedabad,20.523,19.581
Tmin,2023,3,Kheda,Nadiad,20.326,19.581
Tmin,2023,3,Kheda,Thasra,20.097,19.581
Tmin,2023,3,Kheda,Vaso,20.258,19.581
Tmin,2023,3,Mahisagar,Balasinor,19.887,19.548
Tmin,2023,3,Mahisagar,Kadana,19.571,19.548
Tmin,2023,3,Mahisagar,Khanpur,19.777,19.548
Tmin,2023,3,Mahisagar,Lunawada,19.458,19.548
Tmin,2023,3,Mahisagar,Santrampur,19.181,19.548
Tmin,2023,3,Mahisagar,Virpur,19.848,19.548
Tmin,2023,4,Anand,Anand,24.587,24.3
Tmin,2023,4,Anand,Anklav,24.637,24.3
Tmin,2023,4,Anand,Borsad,24.633,24.3
Tmin,2023,4,Anand,Khambhat,24.623,24.3
Tmin,2023,4,Anand,Petlad,24.6,24.3
Tmin,2023,4,Anand,Sojitra,24.627,24.3
Tmin,2023,4,Anand,Tarapur,24.593,24.3
Tmin,2023,4,Anand,Umreth,24.55,24.3
Tmin,2023,4,Kheda,Galteshwar,24.44,24.3
Tmin,2023,4,Kheda,Kapadvanj,24.557,24.3
Tmin,2023,4,Kheda,Kathlal,21.59,24.3
Tmin,2023,4,Kheda,Kheda,24.78,24.3
Tmin,2023,4,Kheda,Mahudha,24.207,24.3
Tmin,2023,4,Kheda,Matar,24.767,24.3
Tmin,2023,4,Kheda,Mehmedabad,24.803,24.3
Tmin,2023,4,Kheda,Nadiad,24.697,24.3
Tmin,2023,4,Kheda,Thasra,24.447,24.3
Tmin,2023,4,Kheda,Vaso,24.697,24.3
Tmin,2023,4,Mahisagar,Balasinor,24.237,24.3
Tmin,2023,4,Mahisagar,Kadana,23.98,24.3
Tmin,2023,4,Mahisagar,Khanpur,24.203,24.3
Tmin,2023,4,Mahisagar,Lunawada,24.067,24.3
Tmin,2023,4,Mahisagar,Santrampur,23.727,24.3
Tmin,2023,4,Mahisagar,Virpur,24.303,24.3
Tmin,2023,5,Anand,Anand,27.016,26.903
Tmin,2023,5,Anand,Anklav,26.89,26.903
Tmin,2023,5,Anand,Borsad,26.968,26.903
Tmin,2023,5,Anand,Khambhat,26.987,26.903
Tmin,2023,5,Anand,Petlad,27.01,26.903
Tmin,2023,5,Anand,Sojitra,27.055,26.903
Tmin,2023,5,Anand,Tarapur,27.019,26.903
Tmin,2023,5,Anand,Umreth,27.029,26.903
Tmin,2023,5,Kheda,Galteshwar,26.842,26.742
Tmin,2023,5,Kheda,Kapadvanj,27.335,26.742
Tmin,2023,5,Kheda,Kathlal,23.874,26.742
Tmin,2023,5,Kheda,Kheda,27.197,26.742
Tmin,2023,5,Kheda,Mahudha,26.832,26.742
Tmin,2023,5,Kheda,Matar,27.165,26.742
Tmin,2023,5,Kheda,Mehmedabad,27.313,26.742
Tmin,2023,5,Kheda,Nadiad,27.2,26.742
Tmin,2023,5,Kheda,Thasra,26.952,26.742
Tmin,2023,5,Kheda,Vaso,27.145,26.742
Tmin,2023,5,Mahisagar,Balasinor,26.694,26.903
Tmin,2023,5,Mahisagar,Kadana,25.919,26.903
Tmin,2023,5,Mahisagar,Khanpur,26.148,26.903
Tmin,2023,5,Mahisagar,Lunawada,26.139,26.903
Tmin,2023,5,Mahisagar,Santrampur,25.784,26.903
Tmin,2023,5,Mahisagar,Virpur,26.432,26.903
Tmin,2023,6,Anand,Anand,27.423,26.743
Tmin,2023,6,Anand,Anklav,27.347,26.743
Tmin,2023,6,Anand,Borsad,27.457,26.743
Tmin,2023,6,Anand,Khambhat,27.443,26.743
Tmin,2023,6,Anand,Petlad,27.43,26.743
Tmin,2023,6,Anand,Sojitra,27.353,26.743
Tmin,2023,6,Anand,Tarapur,27.197,26.743
Tmin,2023,6,Anand,Umreth,27.28,26.743
Tmin,2023,6,Kheda,Galteshwar,27.013,26.633
Tmin,2023,6,Kheda,Kapadvanj,27.143,26.633
Tmin,2023,6,Kheda,Kathlal,23.613,26.633
Tmin,2023,6,Kheda,Kheda,27.253,26.633
Tmin,2023,6,Kheda,Mahudha,27.06,26.633
Tmin,2023,6,Kheda,Matar,27.223,26.633
Tmin,2023,6,Kheda,Mehmedabad,27.303,26.633
Tmin,2023,6,Kheda,Nadiad,27.453,26.633
Tmin,2023,6,Kheda,Thasra,27.05,26.633
Tmin,2023,6,Kheda,Vaso,27.383,26.633
Tmin,2023,6,Mahisagar,Balasinor,26.503,26.197
Tmin,2023,6,Mahisagar,Kadana,24.803,26.197
Tmin,2023,6,Mahisagar,Khanpur,25.177,26.197
Tmin,2023,6,Mahisagar,Lunawada,25.393,26.197
Tmin,2023,6,Mahisagar,Santrampur,24.703,26.197
Tmin,2023,6,Mahisagar,Virpur,25.793,26.197
Tmin,2023,7,Anand,Anand,26.123,25.581
Tmin,2023,7,Anand,Anklav,26.113,25.581
Tmin,2023,7,Anand,Borsad,26.123,25.581
Tmin,2023,7,Anand,Khambhat,26.177,25.581
Tmin,2023,7,Anand,Petlad,26.097,25.581
Tmin,2023,7,Anand,Sojitra,26.103,25.581
Tmin,2023,7,Anand,Tarapur,26.061,25.581
Tmin,2023,7,Anand,Umreth,26.187,25.581
Tmin,2023,7,Kheda,Galteshwar,26.055,25.581
Tmin,2023,7,Kheda,Kapadvanj,26.329,25.581
Tmin,2023,7,Kheda,Kathlal,24.235,25.581
Tmin,2023,7,Kheda,Kheda,26.206,25.581
Tmin,2023,7,Kheda,Mahudha,26.261,25.581
Tmin,2023,7,Kheda,Matar,26.174,25.581
Tmin,2023,7,Kheda,Mehmedabad,26.294,25.581
Tmin,2023,7,Kheda,Nadiad,26.216,25.581
Tmin,2023,7,Kheda,Thasra,26.103,25.581
Tmin,2023,7,Kheda,Vaso,26.158,25.581
Tmin,2023,7,Mahisagar,Balasinor,25.881,25.581
Tmin,2023,7,Mahisagar,Kadana,24.5,25.581
Tmin,2023,7,Mahisagar,Khanpur,24.919,25.581
Tmin,2023,7,Mahisagar,Lunawada,25.039,25.581
Tmin,2023,7,Mahisagar,Santrampur,24.255,25.581
Tmin,2023,7,Mahisagar,Virpur,25.468,25.581
Tmin,2023,8,Anand,Anand,25.874,26.323
Tmin,2023,8,Anand,Anklav,25.829,26.323
Tmin,2023,8,Anand,Borsad,25.868,26.323
Tmin,2023,8,Anand,Khambhat,25.906,26.323
Tmin,2023,8,Anand,Petlad,25.897,26.323
Tmin,2023,8,Anand,Sojitra,25.89,26.323
Tmin,2023,8,Anand,Tarapur,25.887,26.323
Tmin,2023,8,Anand,Umreth,25.79,26.323
Tmin,2023,8,Kheda,Galteshwar,25.6,26.323
Tmin,2023,8,Kheda,Kapadvanj,25.819,26.323
Tmin,2023,8,Kheda,Kathlal,22.819,26.323
Tmin,2023,8,Kheda,Kheda,25.861,26.323
Tmin,2023,8,Kheda,Mahudha,25.203,26.323
Tmin,2023,8,Kheda,Matar,25.861,26.323
Tmin,2023,8,Kheda,Mehmedabad,25.887,26.323
Tmin,2023,8,Kheda,Nadiad,25.91,26.323
Tmin,2023,8,Kheda,Thasra,25.642,26.323
Tmin,2023,8,Kheda,Vaso,25.91,26.323
Tmin,2023,8,Mahisagar,Balasinor,25.387,26.323
Tmin,2023,8,Mahisagar,Kadana,23.981,26.323
Tmin,2023,8,Mahisagar,Khanpur,24.439,26.323
Tmin,2023,8,Mahisagar,Lunawada,24.565,26.323
Tmin,2023,8,Mahisagar,Santrampur,23.739,26.323
Tmin,2023,8,Mahisagar,Virpur,24.974,26.323
Tmin,2023,9,Anand,Anand,26.337,26.033
Tmin,2023,9,Anand,Anklav,26.24,26.033
Tmin,2023,9,Anand,Borsad,26.307,26.033
Tmin,2023,9,Anand,Khambhat,26.35,26.033
Tmin,2023,9,Anand,Petlad,26.357,26.033
Tmin,2023,9,Anand,Sojitra,26.35,26.033
Tmin,2023,9,Anand,Tarapur,26.34,26.033
Tmin,2023,9,Anand,Umreth,26.26,26.033
Tmin,2023,9,Kheda,Galteshwar,26.033,26.033
Tmin,2023,9,Kheda,Kapadvanj,26.323,26.033
Tmin,2023,9,Kheda,Kathlal,24.31,26.033
Tmin,2023,9,Kheda,Kheda,26.37,26.033
Tmin,2023,9,Kheda,Mahudha,26.13,26.033
Tmin,2023,9,Kheda,Matar,26.363,26.033
Tmin,2023,9,Kheda,Mehmedabad,26.397,26.033
Tmin,2023,9,Kheda,Nadiad,26.41,26.033
Tmin,2023,9,Kheda,Thasra,26.103,26.033
Tmin,2023,9,Kheda,Vaso,26.353,26.033
Tmin,2023,9,Mahisagar,Balasinor,25.847,26.067
Tmin,2023,9,Mahisagar,Kadana,24.767,26.067
Tmin,2023,9,Mahisagar,Khanpur,25.19,26.067
Tmin,2023,9,Mahisagar,Lunawada,25.2,26.067
Tmin,2023,9,Mahisagar,Santrampur,24.52,26.067
Tmin,2023,9,Mahisagar,Virpur,25.653,26.067
Tmin,2023,10,Anand,Anand,24.052,23.581
Tmin,2023,10,Anand,Anklav,24.181,23.581
Tmin,2023,10,Anand,Borsad,24.142,23.581
Tmin,2023,10,Anand,Khambhat,24.287,23.581
Tmin,2023,10,Anand,Petlad,24.039,23.581
Tmin,2023,10,Anand,Sojitra,23.99,23.581
Tmin,2023,10,Anand,Tarapur,23.939,23.581
Tmin,2023,10,Anand,Umreth,24.019,23.581
Tmin,2023,10,Kheda,Galteshwar,23.906,23.581
Tmin,2023,10,Kheda,Kapadvanj,24.071,23.581
Tmin,2023,10,Kheda,Kathlal,20.971,23.581
Tmin,2023,10,Kheda,Kheda,24.061,23.581
Tmin,2023,10,Kheda,Mahudha,23.835,23.581
Tmin,2023,10,Kheda,Matar,24.045,23.581
Tmin,2023,10,Kheda,Mehmedabad,24.106,23.581
Tmin,2023,10,Kheda,Nadiad,24.042,23.581
Tmin,2023,10,Kheda,Thasra,23.919,23.581
Tmin,2023,10,Kheda,Vaso,24.0,23.581
Tmin,2023,10,Mahisagar,Balasinor,23.674,23.484
Tmin,2023,10,Mahisagar,Kadana,22.645,23.484
Tmin,2023,10,Mahisagar,Khanpur,23.013,23.484
Tmin,2023,10,Mahisagar,Lunawada,23.123,23.484
Tmin,2023,10,Mahisagar,Santrampur,22.413,23.484
Tmin,2023,10,Mahisagar,Virpur,23.487,23.484
Tmin,2023,11,Anand,Anand,19.557,20.1
Tmin,2023,11,Anand,Anklav,19.553,20.1
Tmin,2023,11,Anand,Borsad,19.54,20.1
Tmin,2023,11,Anand,Khambhat,19.553,20.1
Tmin,2023,11,Anand,Petlad,19.493,20.1
Tmin,2023,11,Anand,Sojitra,19.517,20.1
Tmin,2023,11,Anand,Tarapur,19.423,20.1
Tmin,2023,11,Anand,Umreth,19.59,20.1
Tmin,2023,11,Kheda,Galteshwar,19.057,20.567
Tmin,2023,11,Kheda,Kapadvanj,19.363,20.567
Tmin,2023,11,Kheda,Kathlal,16.59,20.567
Tmin,2023,11,Kheda,Kheda,19.37,20.567
Tmin,2023,11,Kheda,Mahudha,19.437,20.567
Tmin,2023,11,Kheda,Matar,19.323,20.567
Tmin,2023,11,Kheda,Mehmedabad,19.533,20.567
Tmin,2023,11,Kheda,Nadiad,19.3,20.567
Tmin,2023,11,Kheda,Thasra,19.103,20.567
Tmin,2023,11,Kheda,Vaso,19.193,20.567
Tmin,2023,11,Mahisagar,Balasinor,19.32,20.1
Tmin,2023,11,Mahisagar,Kadana,18.733,20.1
Tmin,2023,11,Mahisagar,Khanpur,19.013,20.1
Tmin,2023,11,Mahisagar,Lunawada,18.81,20.1
Tmin,2023,11,Mahisagar,Santrampur,18.343,20.1
Tmin,2023,11,Mahisagar,Virpur,19.227,20.1
Tmin,2023,12,Anand,Anand,16.803,17.935
Tmin,2023,12,Anand,Anklav,16.787,17.935
Tmin,2023,12,Anand,Borsad,16.8,17.935
Tmin,2023,12,Anand,Khambhat,17.065,17.935
Tmin,2023,12,Anand,Petlad,16.752,17.935
Tmin,2023,12,Anand,Sojitra,16.771,17.935
Tmin,2023,12,Anand,Tarapur,16.829,17.935
Tmin,2023,12,Anand,Umreth,16.865,17.935
Tmin,2023,12,Kheda,Galteshwar,16.89,17.645
Tmin,2023,12,Kheda,Kapadvanj,16.919,17.645
Tmin,2023,12,Kheda,Kathlal,14.529,17.645
Tmin,2023,12,Kheda,Kheda,16.994,17.645
Tmin,2023,12,Kheda,Mahudha,17.219,17.645
Tmin,2023,12,Kheda,Matar,16.984,17.645
Tmin,2023,12,Kheda,Mehmedabad,17.068,17.645
Tmin,2023,12,Kheda,Nadiad,16.865,17.645
Tmin,2023,12,Kheda,Thasra,16.845,17.645
Tmin,2023,12,Kheda,Vaso,16.871,17.645
Tmin,2023,12,Mahisagar,Balasinor,16.71,17.645
Tmin,2023,12,Mahisagar,Kadana,16.587,17.645
Tmin,2023,12,Mahisagar,Khanpur,16.919,17.645
Tmin,2023,12,Mahisagar,Lunawada,16.513,17.645
Tmin,2023,12,Mahisagar,Santrampur,16.158,17.645
Tmin,2023,12,Mahisagar,Virpur,16.942,17.645
RH-I,2021,1,Anand,Anand,45.226,43.677
RH-I,2021,1,Anand,Anklav,42.677,43.677
RH-I,2021,1,Anand,Borsad,44.29,43.677
RH-I,2021,1,Anand,Khambhat,47.0,43.677
RH-I,2021,1,Anand,Petlad,45.742,43.677
RH-I,2021,1,Anand,Sojitra,46.032,43.677
RH-I,2021,1,Anand,Tarapur,45.71,43.677
RH-I,2021,1,Anand,Umreth,44.935,43.677
RH-I,2021,1,Kheda,Galteshwar,45.194,43.613
RH-I,2021,1,Kheda,Kapadvanj,45.194,43.613
RH-I,2021,1,Kheda,Kathlal,45.194,43.613
RH-I,2021,1,Kheda,Kheda,45.194,43.613
RH-I,2021,1,Kheda,Mahudha,45.194,43.613
RH-I,2021,1,Kheda,Matar,45.194,43.613
RH-I,2021,1,Kheda,Mehmedabad,45.194,43.613
RH-I,2021,1,Kheda,Nadiad,45.194,43.613
RH-I,2021,1,Kheda,Thasra,45.194,43.613
RH-I,2021,1,Kheda,Vaso,45.194,43.613
RH-I,2021,1,Mahisagar,Balasinor,45.194,41.935
RH-I,2021,1,Mahisagar,Kadana,45.194,41.935
RH-I,2021,1,Mahisagar,Khanpur,45.194,41.935
RH-I,2021,1,Mahisagar,Lunawada,45.194,41.935
RH-I,2021,1,Mahisagar,Santrampur,45.194,41.935
RH-I,2021,1,Mahisagar,Virpur,45.194,41.935
RH-I,2021,2,Anand,Anand,31.036,33.5
RH-I,2021,2,Anand,Anklav,29.321,33.5
RH-I,2021,2,Anand,Borsad,30.357,33.5
RH-I,2021,2,Anand,Khambhat,37.464,33.5
RH-I,2021,2,Anand,Petlad,31.429,33.5
RH-I,2021,2,Anand,Sojitra,31.964,33.5
RH-I,2021,2,Anand,Tarapur,32.571,33.5
RH-I,2021,2,Anand,Umreth,31.0,33.5
RH-I,2021,2,Kheda,Galteshwar,31.607,31.893
RH-I,2021,2,Kheda,Kapadvanj,31.929,31.893
RH-I,2021,2,Kheda,Kathlal,32.286,31.893
RH-I,2021,2,Kheda,Kheda,32.143,31.893
RH-I,2021,2,Kheda,Mahudha,32.714,31.893
RH-I,2021,2,Kheda,Matar,32.143,31.893
RH-I,2021,2,Kheda,Mehmedabad,32.143,31.893
RH-I,2021,2,Kheda,Nadiad,31.964,31.893
RH-I,2021,2,Kheda,Thasra,31.679,31.893
RH-I,2021,2,Kheda,Vaso,32.107,31.893
RH-I,2021,2,Mahisagar,Balasinor,31.643,30.036
RH-I,2021,2,Mahisagar,Kadana,31.321,30.036
RH-I,2021,2,Mahisagar,Khanpur,31.321,30.036
RH-I,2021,2,Mahisagar,Lunawada,31.393,30.036
RH-I,2021,2,Mahisagar,Santrampur,31.321,30.036
RH-I,2021,2,Mahisagar,Virpur,31.5,30.036
RH-I,2021,3,Anand,Anand,28.194,28.645
RH-I,2021,3,Anand,Anklav,27.29,28.645
RH-I,2021,3,Anand,Borsad,27.935,28.645
RH-I,2021,3,Anand,Khambhat,36.29,28.645
RH-I,2021,3,Anand,Petlad,28.839,28.645
RH-I,2021,3,Anand,Sojitra,29.032,28.645
RH-I,2021,3,Anand,Tarapur,29.419,28.645
RH-I,2021,3,Anand,Umreth,27.935,28.645
RH-I,2021,3,Kheda,Galteshwar,27.097,26.774
RH-I,2021,3,Kheda,Kapadvanj,27.29,26.774
RH-I,2021,3,Kheda,Kathlal,26.065,26.774
RH-I,2021,3,Kheda,Kheda,28.935,26.774
RH-I,2021,3,Kheda,Mahudha,30.903,26.774
RH-I,2021,3,Kheda,Matar,29.097,26.774
RH-I,2021,3,Kheda,Mehmedabad,28.839,26.774
RH-I,2021,3,Kheda,Nadiad,28.548,26.774
RH-I,2021,3,Kheda,Thasra,27.194,26.774
RH-I,2021,3,Kheda,Vaso,29.097,26.774
RH-I,2021,3,Mahisagar,Balasinor,25.29,22.323
RH-I,2021,3,Mahisagar,Kadana,21.129,22.323
RH-I,2021,3,Mahisagar,Khanpur,21.129,22.323
RH-I,2021,3,Mahisagar,Lunawada,22.032,22.323
RH-I,2021,3,Mahisagar,Santrampur,21.968,22.323
RH-I,2021,3,Mahisagar,Virpur,22.484,22.323
RH-I,2021,4,Anand,Anand,44.433,40.6
RH-I,2021,4,Anand,Anklav,43.933,40.6
RH-I,2021,4,Anand,Borsad,44.733,40.6
RH-I,2021,4,Anand,Khambhat,49.167,40.6
RH-I,2021,4,Anand,Petlad,44.767,40.6
RH-I,2021,4,Anand,Sojitra,43.867,40.6
RH-I,2021,4,Anand,Tarapur,43.333,40.6
RH-I,2021,4,Anand,Umreth,42.467,40.6
RH-I,2021,4,Kheda,Galteshwar,40.333,36.2
RH-I,2021,4,Kheda,Kapadvanj,38.167,36.2
RH-I,2021,4,Kheda,Kathlal,28.867,36.2
RH-I,2021,4,Kheda,Kheda,41.067,36.2
RH-I,2021,4,Kheda,Mahudha,37.467,36.2
RH-I,2021,4,Kheda,Matar,41.233,36.2
RH-I,2021,4,Kheda,Mehmedabad,40.9,36.2
RH-I,2021,4,Kheda,Nadiad,43.5,36.2
RH-I,2021,4,Kheda,Thasra,40.267,36.2
RH-I,2021,4,Kheda,Vaso,43.533,36.2
RH-I,2021,4,Mahisagar,Balasinor,36.467,28.0
RH-I,2021,4,Mahisagar,Kadana,26.233,28.0
RH-I,2021,4,Mahisagar,Khanpur,27.167,28.0
RH-I,2021,4,Mahisagar,Lunawada,30.633,28.0
RH-I,2021,4,Mahisagar,Santrampur,28.3,28.0
RH-I,2021,4,Mahisagar,Virpur,30.4,28.0
RH-I,2021,5,Anand,Anand,53.903,57.935
RH-I,2021,5,Anand,Anklav,53.226,57.935
RH-I,2021,5,Anand,Borsad,53.645,57.935
RH-I,2021,5,Anand,Khambhat,58.645,57.935
RH-I,2021,5,Anand,Petlad,54.129,57.935
RH-I,2021,5,Anand,Sojitra,54.258,57.935
RH-I,2021,5,Anand,Tarapur,54.194,57.935
RH-I,2021,5,Anand,Umreth,53.29,57.935
RH-I,2021,5,Kheda,Galteshwar,52.613,56.355
RH-I,2021,5,Kheda,Kapadvanj,53.097,56.355
RH-I,2021,5,Kheda,Kathlal,55.452,56.355
RH-I,2021,5,Kheda,Kheda,53.806,56.355
RH-I,2021,5,Kheda,Mahudha,59.452,56.355
RH-I,2021,5,Kheda,Matar,53.839,56.355
RH-I,2021,5,Kheda,Mehmedabad,54.032,56.355
RH-I,2021,5,Kheda,Nadiad,54.323,56.355
RH-I,2021,5,Kheda,Thasra,52.742,56.355
RH-I,2021,5,Kheda,Vaso,54.355,56.355
RH-I,2021,5,Mahisagar,Balasinor,51.387,52.548
RH-I,2021,5,Mahisagar,Kadana,47.581,52.548
RH-I,2021,5,Mahisagar,Khanpur,48.129,52.548
RH-I,2021,5,Mahisagar,Lunawada,48.871,52.548
RH-I,2021,5,Mahisagar,Santrampur,48.613,52.548
RH-I,2021,5,Mahisagar,Virpur,49.742,52.548
RH-I,2021,6,Anand,Anand,66.133,65.933
RH-I,2021,6,Anand,Anklav,66.733,65.933
RH-I,2021,6,Anand,Borsad,66.733,65.933
RH-I,2021,6,Anand,Khambhat,68.467,65.933
RH-I,2021,6,Anand,Petlad,66.4,65.933
RH-I,2021,6,Anand,Sojitra,65.867,65.933
RH-I,2021,6,Anand,Tarapur,65.367,65.933
RH-I,2021,6,Anand,Umreth,65.333,65.933
RH-I,2021,6,Kheda,Galteshwar,64.833,64.533
RH-I,2021,6,Kheda,Kapadvanj,64.967,64.533
RH-I,2021,6,Kheda,Kathlal,66.867,64.533
RH-I,2021,6,Kheda,Kheda,65.1,64.533
RH-I,2021,6,Kheda,Mahudha,66.5,64.533
RH-I,2021,6,Kheda,Matar,65.1,64.533
RH-I,2021,6,Kheda,Mehmedabad,65.033,64.533
RH-I,2021,6,Kheda,Nadiad,66.267,64.533
RH-I,2021,6,Kheda,Thasra,64.767,64.533
RH-I,2021,6,Kheda,Vaso,66.5,64.533
RH-I,2021,6,Mahisagar,Balasinor,64.1,63.667
RH-I,2021,6,Mahisagar,Kadana,62.333,63.667
RH-I,2021,6,Mahisagar,Khanpur,62.4,63.667
RH-I,2021,6,Mahisagar,Lunawada,62.633,63.667
RH-I,2021,6,Mahisagar,Santrampur,63.333,63.667
RH-I,2021,6,Mahisagar,Virpur,63.467,63.667
RH-I,2021,7,Anand,Anand,70.903,71.226
RH-I,2021,7,Anand,Anklav,70.968,71.226
RH-I,2021,7,Anand,Borsad,71.194,71.226
RH-I,2021,7,Anand,Khambhat,72.419,71.226
RH-I,2021,7,Anand,Petlad,71.194,71.226
RH-I,2021,7,Anand,Sojitra,70.903,71.226
RH-I,2021,7,Anand,Tarapur,70.516,71.226
RH-I,2021,7,Anand,Umreth,70.387,71.226
RH-I,2021,7,Kheda,Galteshwar,70.032,70.871
RH-I,2021,7,Kheda,Kapadvanj,71.29,70.871
RH-I,2021,7,Kheda,Kathlal,74.839,70.871
RH-I,2021,7,Kheda,Kheda,70.161,70.871
RH-I,2021,7,Kheda,Mahudha,73.065,70.871
RH-I,2021,7,Kheda,Matar,69.871,70.871
RH-I,2021,7,Kheda,Mehmedabad,70.29,70.871
RH-I,2021,7,Kheda,Nadiad,71.032,70.871
RH-I,2021,7,Kheda,Thasra,70.323,70.871
RH-I,2021,7,Kheda,Vaso,71.0,70.871
RH-I,2021,7,Mahisagar,Balasinor,70.581,73.161
RH-I,2021,7,Mahisagar,Kadana,71.871,73.161
RH-I,2021,7,Mahisagar,Khanpur,71.742,73.161
RH-I,2021,7,Mahisagar,Lunawada,71.871,73.161
RH-I,2021,7,Mahisagar,Santrampur,73.129,73.161
RH-I,2021,7,Mahisagar,Virpur,71.645,73.161
RH-I,2021,8,Anand,Anand,78.935,77.742
RH-I,2021,8,Anand,Anklav,78.323,77.742
RH-I,2021,8,Anand,Borsad,78.774,77.742
RH-I,2021,8,Anand,Khambhat,76.806,77.742
RH-I,2021,8,Anand,Petlad,78.742,77.742
RH-I,2021,8,Anand,Sojitra,78.161,77.742
RH-I,2021,8,Anand,Tarapur,76.774,77.742
RH-I,2021,8,Anand,Umreth,78.323,77.742
RH-I,2021,8,Kheda,Galteshwar,77.903,78.548
RH-I,2021,8,Kheda,Kapadvanj,78.452,78.548
RH-I,2021,8,Kheda,Kathlal,81.871,78.548
RH-I,2021,8,Kheda,Kheda,77.355,78.548
RH-I,2021,8,Kheda,Mahudha,78.71,78.548
RH-I,2021,8,Kheda,Matar,77.194,78.548
RH-I,2021,8,Kheda,Mehmedabad,77.774,78.548
RH-I,2021,8,Kheda,Nadiad,79.161,78.548
RH-I,2021,8,Kheda,Thasra,78.194,78.548
RH-I,2021,8,Kheda,Vaso,78.71,78.548
RH-I,2021,8,Mahisagar,Balasinor,78.226,81.581
RH-I,2021,8,Mahisagar,Kadana,81.0,81.581
RH-I,2021,8,Mahisagar,Khanpur,80.129,81.581
RH-I,2021,8,Mahisagar,Lunawada,80.548,81.581
RH-I,2021,8,Mahisagar,Santrampur,82.903,81.581
RH-I,2021,8,Mahisagar,Virpur,79.548,81.581
RH-I,2021,9,Anand,Anand,84.1,87.267
RH-I,2021,9,Anand,Anklav,83.0,87.267
RH-I,2021,9,Anand,Borsad,83.733,87.267
RH-I,2021,9,Anand,Khambhat,82.2,87.267
RH-I,2021,9,Anand,Petlad,84.533,87.267
RH-I,2021,9,Anand,Sojitra,84.667,87.267
RH-I,2021,9,Anand,Tarapur,83.833,87.267
RH-I,2021,9,Anand,Umreth,83.4,87.267
RH-I,2021,9,Kheda,Galteshwar,83.067,89.367
RH-I,2021,9,Kheda,Kapadvanj,85.3,89.367
RH-I,2021,9,Kheda,Kathlal,86.533,89.367
RH-I,2021,9,Kheda,Kheda,84.867,89.367
RH-I,2021,9,Kheda,Mahudha,84.833,89.367
RH-I,2021,9,Kheda,Matar,84.8,89.367
RH-I,2021,9,Kheda,Mehmedabad,85.067,89.367
RH-I,2021,9,Kheda,Nadiad,85.367,89.367
RH-I,2021,9,Kheda,Thasra,83.833,89.367
RH-I,2021,9,Kheda,Vaso,85.4,89.367
RH-I,2021,9,Mahisagar,Balasinor,85.167,91.867
RH-I,2021,9,Mahisagar,Kadana,84.7,91.867
RH-I,2021,9,Mahisagar,Khanpur,85.1,91.867
RH-I,2021,9,Mahisagar,Lunawada,86.8,91.867
RH-I,2021,9,Mahisagar,Santrampur,86.067,91.867
RH-I,2021,9,Mahisagar,Virpur,86.2,91.867
RH-I,2021,10,Anand,Anand,58.129,60.968
RH-I,2021,10,Anand,Anklav,58.742,60.968
RH-I,2021,10,Anand,Borsad,59.161,60.968
RH-I,2021,10,Anand,Khambhat,60.323,60.968
RH-I,2021,10,Anand,Petlad,59.935,60.968
RH-I,2021,10,Anand,Sojitra,60.29,60.968
RH-I,2021,10,Anand,Tarapur,59.935,60.968
RH-I,2021,10,Anand,Umreth,59.29,60.968
RH-I,2021,10,Kheda,Galteshwar,59.194,61.387
RH-I,2021,10,Kheda,Kapadvanj,60.0,61.387
RH-I,2021,10,Kheda,Kathlal,55.935,61.387
RH-I,2021,10,Kheda,Kheda,60.097,61.387
RH-I,2021,10,Kheda,Mahudha,58.935,61.387
RH-I,2021,10,Kheda,Matar,60.194,61.387
RH-I,2021,10,Kheda,Mehmedabad,60.065,61.387
RH-I,2021,10,Kheda,Nadiad,60.516,61.387
RH-I,2021,10,Kheda,Thasra,59.613,61.387
RH-I,2021,10,Kheda,Vaso,59.935,61.387
RH-I,2021,10,Mahisagar,Balasinor,59.71,60.419
RH-I,2021,10,Mahisagar,Kadana,54.387,60.419
RH-I,2021,10,Mahisagar,Khanpur,54.452,60.419
RH-I,2021,10,Mahisagar,Lunawada,56.452,60.419
RH-I,2021,10,Mahisagar,Santrampur,56.129,60.419
RH-I,2021,10,Mahisagar,Virpur,56.129,60.419
RH-I,2021,11,Anand,Anand,37.1,43.6
RH-I,2021,11,Anand,Anklav,35.767,43.6
RH-I,2021,11,Anand,Borsad,36.0,43.6
RH-I,2021,11,Anand,Khambhat,39.0,43.6
RH-I,2021,11,Anand,Petlad,36.3,43.6
RH-I,2021,11,Anand,Sojitra,36.033,43.6
RH-I,2021,11,Anand,Tarapur,34.733,43.6
RH-I,2021,11,Anand,Umreth,38.033,43.6
RH-I,2021,11,Kheda,Galteshwar,37.767,44.9
RH-I,2021,11,Kheda,Kapadvanj,35.733,44.9
RH-I,2021,11,Kheda,Kathlal,32.467,44.9
RH-I,2021,11,Kheda,Kheda,35.5,44.9
RH-I,2021,11,Kheda,Mahudha,34.3,44.9
RH-I,2021,11,Kheda,Matar,35.333,44.9
RH-I,2021,11,Kheda,Mehmedabad,36.0,44.9
RH-I,2021,11,Kheda,Nadiad,37.3,44.9
RH-I,2021,11,Kheda,Thasra,38.167,44.9
RH-I,2021,11,Kheda,Vaso,36.667,44.9
RH-I,2021,11,Mahisagar,Balasinor,36.1,42.467
RH-I,2021,11,Mahisagar,Kadana,34.333,42.467
RH-I,2021,11,Mahisagar,Khanpur,33.833,42.467
RH-I,2021,11,Mahisagar,Lunawada,34.633,42.467
RH-I,2021,11,Mahisagar,Santrampur,35.533,42.467
RH-I,2021,11,Mahisagar,Virpur,33.9,42.467
RH-I,2021,12,Anand,Anand,46.645,49.645
RH-I,2021,12,Anand,Anklav,45.484,49.645
RH-I,2021,12,Anand,Borsad,46.226,49.645
RH-I,2021,12,Anand,Khambhat,47.581,49.645
RH-I,2021,12,Anand,Petlad,46.355,49.645
RH-I,2021,12,Anand,Sojitra,45.774,49.645
RH-I,2021,12,Anand,Tarapur,45.097,49.645
RH-I,2021,12,Anand,Umreth,45.581,49.645
RH-I,2021,12,Kheda,Galteshwar,45.839,48.871
RH-I,2021,12,Kheda,Kapadvanj,42.774,48.871
RH-I,2021,12,Kheda,Kathlal,41.097,48.871
RH-I,2021,12,Kheda,Kheda,44.323,48.871
RH-I,2021,12,Kheda,Mahudha,43.806,48.871
RH-I,2021,12,Kheda,Matar,44.29,48.871
RH-I,2021,12,Kheda,Mehmedabad,44.355,48.871
RH-I,2021,12,Kheda,Nadiad,46.29,48.871
RH-I,2021,12,Kheda,Thasra,45.613,48.871
RH-I,2021,12,Kheda,Vaso,45.968,48.871
RH-I,2021,12,Mahisagar,Balasinor,42.839,45.613
RH-I,2021,12,Mahisagar,Kadana,39.871,45.613
RH-I,2021,12,Mahisagar,Khanpur,38.774,45.613
RH-I,2021,12,Mahisagar,Lunawada,39.71,45.613
RH-I,2021,12,Mahisagar,Santrampur,41.71,45.613
RH-I,2021,12,Mahisagar,Virpur,38.71,45.613
RH-I,2022,1,Anand,Anand,54.645,53.742
RH-I,2022,1,Anand,Anklav,52.065,53.742
RH-I,2022,1,Anand,Borsad,53.484,53.742
RH-I,2022,1,Anand,Khambhat,55.226,53.742
RH-I,2022,1,Anand,Petlad,54.968,53.742
RH-I,2022,1,Anand,Sojitra,55.161,53.742
RH-I,2022,1,Anand,Tarapur,54.677,53.742
RH-I,2022,1,Anand,Umreth,54.452,53.742
RH-I,2022,1,Kheda,Galteshwar,53.839,53.677
RH-I,2022,1,Kheda,Kapadvanj,53.387,53.677
RH-I,2022,1,Kheda,Kathlal,54.71,53.677
RH-I,2022,1,Kheda,Kheda,55.161,53.677
RH-I,2022,1,Kheda,Mahudha,57.903,53.677
RH-I,2022,1,Kheda,Matar,55.097,53.677
RH-I,2022,1,Kheda,Mehmedabad,55.323,53.677
RH-I,2022,1,Kheda,Nadiad,55.806,53.677
RH-I,2022,1,Kheda,Thasra,53.935,53.677
RH-I,2022,1,Kheda,Vaso,55.71,53.677
RH-I,2022,1,Mahisagar,Balasinor,52.452,52.484
RH-I,2022,1,Mahisagar,Kadana,52.677,52.484
RH-I,2022,1,Mahisagar,Khanpur,51.387,52.484
RH-I,2022,1,Mahisagar,Lunawada,51.323,52.484
RH-I,2022,1,Mahisagar,Santrampur,53.645,52.484
RH-I,2022,1,Mahisagar,Virpur,50.742,52.484
RH-I,2022,2,Anand,Anand,37.214,40.357
RH-I,2022,2,Anand,Anklav,35.25,40.357
RH-I,2022,2,Anand,Borsad,36.429,40.357
RH-I,2022,2,Anand,Khambhat,43.393,40.357
RH-I,2022,2,Anand,Petlad,37.857,40.357
RH-I,2022,2,Anand,Sojitra,38.357,40.357
RH-I,2022,2,Anand,Tarapur,38.964,40.357
RH-I,2022,2,Anand,Umreth,37.286,40.357
RH-I,2022,2,Kheda,Galteshwar,34.821,38.929
RH-I,2022,2,Kheda,Kapadvanj,35.071,38.929
RH-I,2022,2,Kheda,Kathlal,34.429,38.929
RH-I,2022,2,Kheda,Kheda,37.679,38.929
RH-I,2022,2,Kheda,Mahudha,38.536,38.929
RH-I,2022,2,Kheda,Matar,37.643,38.929
RH-I,2022,2,Kheda,Mehmedabad,37.286,38.929
RH-I,2022,2,Kheda,Nadiad,37.143,38.929
RH-I,2022,2,Kheda,Thasra,35.214,38.929
RH-I,2022,2,Kheda,Vaso,37.536,38.929
RH-I,2022,2,Mahisagar,Balasinor,35.571,37.357
RH-I,2022,2,Mahisagar,Kadana,33.571,37.357
RH-I,2022,2,Mahisagar,Khanpur,33.0,37.357
RH-I,2022,2,Mahisagar,Lunawada,33.25,37.357
RH-I,2022,2,Mahisagar,Santrampur,34.321,37.357
RH-I,2022,2,Mahisagar,Virpur,33.536,37.357
RH-I,2022,3,Anand,Anand,24.968,25.387
RH-I,2022,3,Anand,Anklav,23.581,25.387
RH-I,2022,3,Anand,Borsad,24.484,25.387
RH-I,2022,3,Anand,Khambhat,34.419,25.387
RH-I,2022,3,Anand,Petlad,25.71,25.387
RH-I,2022,3,Anand,Sojitra,26.516,25.387
RH-I,2022,3,Anand,Tarapur,27.226,25.387
RH-I,2022,3,Anand,Umreth,24.774,25.387
RH-I,2022,3,Kheda,Galteshwar,24.323,29.452
RH-I,2022,3,Kheda,Kapadvanj,24.935,29.452
RH-I,2022,3,Kheda,Kathlal,23.194,29.452
RH-I,2022,3,Kheda,Kheda,26.806,29.452
RH-I,2022,3,Kheda,Mahudha,28.065,29.452
RH-I,2022,3,Kheda,Matar,26.806,29.452
RH-I,2022,3,Kheda,Mehmedabad,26.645,29.452
RH-I,2022,3,Kheda,Nadiad,25.903,29.452
RH-I,2022,3,Kheda,Thasra,24.613,29.452
RH-I,2022,3,Kheda,Vaso,26.452,29.452
RH-I,2022,3,Mahisagar,Balasinor,23.484,22.452
RH-I,2022,3,Mahisagar,Kadana,21.129,22.452
RH-I,2022,3,Mahisagar,Khanpur,20.71,22.452
RH-I,2022,3,Mahisagar,Lunawada,21.387,22.452
RH-I,2022,3,Mahisagar,Santrampur,21.903,22.452
RH-I,2022,3,Mahisagar,Virpur,21.355,22.452
RH-I,2022,4,Anand,Anand,40.233,54.767
RH-I,2022,4,Anand,Anklav,39.033,54.767
RH-I,2022,4,Anand,Borsad,39.8,54.767
RH-I,2022,4,Anand,Khambhat,44.367,54.767
RH-I,2022,4,Anand,Petlad,40.6,54.767
RH-I,2022,4,Anand,Sojitra,40.333,54.767
RH-I,2022,4,Anand,Tarapur,39.433,54.767
RH-I,2022,4,Anand,Umreth,39.667,54.767
RH-I,2022,4,Kheda,Galteshwar,38.767,54.1
RH-I,2022,4,Kheda,Kapadvanj,39.233,54.1
RH-I,2022,4,Kheda,Kathlal,35.2,54.1
RH-I,2022,4,Kheda,Kheda,39.767,54.1
RH-I,2022,4,Kheda,Mahudha,44.533,54.1
RH-I,2022,4,Kheda,Matar,39.7,54.1
RH-I,2022,4,Kheda,Mehmedabad,40.267,54.1
RH-I,2022,4,Kheda,Nadiad,40.967,54.1
RH-I,2022,4,Kheda,Thasra,38.933,54.1
RH-I,2022,4,Kheda,Vaso,40.867,54.1
RH-I,2022,4,Mahisagar,Balasinor,36.333,55.0
RH-I,2022,4,Mahisagar,Kadana,26.933,55.0
RH-I,2022,4,Mahisagar,Khanpur,27.933,55.0
RH-I,2022,4,Mahisagar,Lunawada,30.4,55.0
RH-I,2022,4,Mahisagar,Santrampur,28.4,55.0
RH-I,2022,4,Mahisagar,Virpur,31.233,55.0
RH-I,2022,5,Anand,Anand,59.032,60.355
RH-I,2022,5,Anand,Anklav,58.323,60.355
RH-I,2022,5,Anand,Borsad,59.129,60.355
RH-I,2022,5,Anand,Khambhat,63.129,60.355
RH-I,2022,5,Anand,Petlad,59.484,60.355
RH-I,2022,5,Anand,Sojitra,58.806,60.355
RH-I,2022,5,Anand,Tarapur,58.032,60.355
RH-I,2022,5,Anand,Umreth,58.677,60.355
RH-I,2022,5,Kheda,Galteshwar,57.032,58.677
RH-I,2022,5,Kheda,Kapadvanj,57.194,58.677
RH-I,2022,5,Kheda,Kathlal,59.581,58.677
RH-I,2022,5,Kheda,Kheda,57.097,58.677
RH-I,2022,5,Kheda,Mahudha,64.226,58.677
RH-I,2022,5,Kheda,Matar,56.839,58.677
RH-I,2022,5,Kheda,Mehmedabad,57.161,58.677
RH-I,2022,5,Kheda,Nadiad,58.323,58.677
RH-I,2022,5,Kheda,Thasra,57.065,58.677
RH-I,2022,5,Kheda,Vaso,58.871,58.677
RH-I,2022,5,Mahisagar,Balasinor,53.968,56.097
RH-I,2022,5,Mahisagar,Kadana,47.161,56.097
RH-I,2022,5,Mahisagar,Khanpur,47.774,56.097
RH-I,2022,5,Mahisagar,Lunawada,49.129,56.097
RH-I,2022,5,Mahisagar,Santrampur,48.484,56.097
RH-I,2022,5,Mahisagar,Virpur,50.839,56.097
RH-I,2022,6,Anand,Anand,64.2,67.933
RH-I,2022,6,Anand,Anklav,65.3,67.933
RH-I,2022,6,Anand,Borsad,65.2,67.933
RH-I,2022,6,Anand,Khambhat,68.467,67.933
RH-I,2022,6,Anand,Petlad,64.5,67.933
RH-I,2022,6,Anand,Sojitra,63.0,67.933
RH-I,2022,6,Anand,Tarapur,62.3,67.933
RH-I,2022,6,Anand,Umreth,63.767,67.933
RH-I,2022,6,Kheda,Galteshwar,63.3,66.333
RH-I,2022,6,Kheda,Kapadvanj,61.3,66.333
RH-I,2022,6,Kheda,Kathlal,60.567,66.333
RH-I,2022,6,Kheda,Kheda,60.6,66.333
RH-I,2022,6,Kheda,Mahudha,63.2,66.333
RH-I,2022,6,Kheda,Matar,60.533,66.333
RH-I,2022,6,Kheda,Mehmedabad,60.767,66.333
RH-I,2022,6,Kheda,Nadiad,62.367,66.333
RH-I,2022,6,Kheda,Thasra,62.967,66.333
RH-I,2022,6,Kheda,Vaso,62.367,66.333
RH-I,2022,6,Mahisagar,Balasinor,61.367,65.4
RH-I,2022,6,Mahisagar,Kadana,58.867,65.4
RH-I,2022,6,Mahisagar,Khanpur,59.1,65.4
RH-I,2022,6,Mahisagar,Lunawada,60.067,65.4
RH-I,2022,6,Mahisagar,Santrampur,60.567,65.4
RH-I,2022,6,Mahisagar,Virpur,59.833,65.4
RH-I,2022,7,Anand,Anand,80.645,83.71
RH-I,2022,7,Anand,Anklav,80.484,83.71
RH-I,2022,7,Anand,Borsad,81.0,83.71
RH-I,2022,7,Anand,Khambhat,80.419,83.71
RH-I,2022,7,Anand,Petlad,81.419,83.71
RH-I,2022,7,Anand,Sojitra,81.097,83.71
RH-I,2022,7,Anand,Tarapur,80.355,83.71
RH-I,2022,7,Anand,Umreth,79.097,83.71
RH-I,2022,7,Kheda,Galteshwar,75.71,83.903
RH-I,2022,7,Kheda,Kapadvanj,77.774,83.903
RH-I,2022,7,Kheda,Kathlal,80.742,83.903
RH-I,2022,7,Kheda,Kheda,78.452,83.903
RH-I,2022,7,Kheda,Mahudha,79.0,83.903
RH-I,2022,7,Kheda,Matar,78.484,83.903
RH-I,2022,7,Kheda,Mehmedabad,77.968,83.903
RH-I,2022,7,Kheda,Nadiad,79.129,83.903
RH-I,2022,7,Kheda,Thasra,76.355,83.903
RH-I,2022,7,Kheda,Vaso,79.419,83.903
RH-I,2022,7,Mahisagar,Balasinor,76.968,83.71
RH-I,2022,7,Mahisagar,Kadana,76.452,83.71
RH-I,2022,7,Mahisagar,Khanpur,76.258,83.71
RH-I,2022,7,Mahisagar,Lunawada,78.032,83.71
RH-I,2022,7,Mahisagar,Santrampur,78.968,83.71
RH-I,2022,7,Mahisagar,Virpur,77.516,83.71
RH-I,2022,8,Anand,Anand,81.161,85.29
RH-I,2022,8,Anand,Anklav,80.065,85.29
RH-I,2022,8,Anand,Borsad,80.742,85.29
RH-I,2022,8,Anand,Khambhat,78.903,85.29
RH-I,2022,8,Anand,Petlad,81.484,85.29
RH-I,2022,8,Anand,Sojitra,81.387,85.29
RH-I,2022,8,Anand,Tarapur,80.323,85.29
RH-I,2022,8,Anand,Umreth,80.323,85.29
RH-I,2022,8,Kheda,Galteshwar,79.677,85.387
RH-I,2022,8,Kheda,Kapadvanj,82.419,85.387
RH-I,2022,8,Kheda,Kathlal,85.161,85.387
RH-I,2022,8,Kheda,Kheda,81.323,85.387
RH-I,2022,8,Kheda,Mahudha,83.484,85.387
RH-I,2022,8,Kheda,Matar,81.29,85.387
RH-I,2022,8,Kheda,Mehmedabad,81.548,85.387
RH-I,2022,8,Kheda,Nadiad,82.323,85.387
RH-I,2022,8,Kheda,Thasra,80.613,85.387
RH-I,2022,8,Kheda,Vaso,82.226,85.387
RH-I,2022,8,Mahisagar,Balasinor,81.839,85.355
RH-I,2022,8,Mahisagar,Kadana,82.355,85.355
RH-I,2022,8,Mahisagar,Khanpur,82.258,85.355
RH-I,2022,8,Mahisagar,Lunawada,84.0,85.355
RH-I,2022,8,Mahisagar,Santrampur,84.419,85.355
RH-I,2022,8,Mahisagar,Virpur,83.226,85.355
RH-I,2022,9,Anand,Anand,76.567,76.267
RH-I,2022,9,Anand,Anklav,75.8,76.267
RH-I,2022,9,Anand,Borsad,76.167,76.267
RH-I,2022,9,Anand,Khambhat,74.667,76.267
RH-I,2022,9,Anand,Petlad,76.4,76.267
RH-I,2022,9,Anand,Sojitra,76.367,76.267
RH-I,2022,9,Anand,Tarapur,75.5,76.267
RH-I,2022,9,Anand,Umreth,76.267,76.267
RH-I,2022,9,Kheda,Galteshwar,76.033,77.9
RH-I,2022,9,Kheda,Kapadvanj,77.1,77.9
RH-I,2022,9,Kheda,Kathlal,78.967,77.9
RH-I,2022,9,Kheda,Kheda,76.5,77.9
RH-I,2022,9,Kheda,Mahudha,79.433,77.9
RH-I,2022,9,Kheda,Matar,76.4,77.9
RH-I,2022,9,Kheda,Mehmedabad,76.467,77.9
RH-I,2022,9,Kheda,Nadiad,77.333,77.9
RH-I,2022,9,Kheda,Thasra,76.6,77.9
RH-I,2022,9,Kheda,Vaso,77.167,77.9
RH-I,2022,9,Mahisagar,Balasinor,76.767,79.467
RH-I,2022,9,Mahisagar,Kadana,75.267,79.467
RH-I,2022,9,Mahisagar,Khanpur,75.133,79.467
RH-I,2022,9,Mahisagar,Lunawada,77.333,79.467
RH-I,2022,9,Mahisagar,Santrampur,77.833,79.467
RH-I,2022,9,Mahisagar,Virpur,76.567,79.467
RH-I,2022,10,Anand,Anand,51.161,51.323
RH-I,2022,10,Anand,Anklav,50.935,51.323
RH-I,2022,10,Anand,Borsad,51.355,51.323
RH-I,2022,10,Anand,Khambhat,53.968,51.323
RH-I,2022,10,Anand,Petlad,51.484,51.323
RH-I,2022,10,Anand,Sojitra,51.065,51.323
RH-I,2022,10,Anand,Tarapur,50.613,51.323
RH-I,2022,10,Anand,Umreth,51.0,51.323
RH-I,2022,10,Kheda,Galteshwar,51.548,51.0
RH-I,2022,10,Kheda,Kapadvanj,50.065,51.0
RH-I,2022,10,Kheda,Kathlal,45.806,51.0
RH-I,2022,10,Kheda,Kheda,50.0,51.0
RH-I,2022,10,Kheda,Mahudha,48.968,51.0
RH-I,2022,10,Kheda,Matar,50.0,51.0
RH-I,2022,10,Kheda,Mehmedabad,50.032,51.0
RH-I,2022,10,Kheda,Nadiad,51.032,51.0
RH-I,2022,10,Kheda,Thasra,51.355,51.0
RH-I,2022,10,Kheda,Vaso,51.258,51.0
RH-I,2022,10,Mahisagar,Balasinor,51.032,49.419
RH-I,2022,10,Mahisagar,Kadana,49.903,49.419
RH-I,2022,10,Mahisagar,Khanpur,48.645,49.419
RH-I,2022,10,Mahisagar,Lunawada,50.323,49.419
RH-I,2022,10,Mahisagar,Santrampur,51.677,49.419
RH-I,2022,10,Mahisagar,Virpur,48.968,49.419
RH-I,2022,11,Anand,Anand,35.7,35.167
RH-I,2022,11,Anand,Anklav,34.233,35.167
RH-I,2022,11,Anand,Borsad,34.867,35.167
RH-I,2022,11,Anand,Khambhat,38.767,35.167
RH-I,2022,11,Anand,Petlad,35.367,35.167
RH-I,2022,11,Anand,Sojitra,35.267,35.167
RH-I,2022,11,Anand,Tarapur,34.767,35.167
RH-I,2022,11,Anand,Umreth,36.167,35.167
RH-I,2022,11,Kheda,Galteshwar,35.833,34.367
RH-I,2022,11,Kheda,Kapadvanj,33.7,34.367
RH-I,2022,11,Kheda,Kathlal,32.033,34.367
RH-I,2022,11,Kheda,Kheda,34.667,34.367
RH-I,2022,11,Kheda,Mahudha,34.033,34.367
RH-I,2022,11,Kheda,Matar,34.6,34.367
RH-I,2022,11,Kheda,Mehmedabad,34.933,34.367
RH-I,2022,11,Kheda,Nadiad,36.2,34.367
RH-I,2022,11,Kheda,Thasra,35.9,34.367
RH-I,2022,11,Kheda,Vaso,35.733,34.367
RH-I,2022,11,Mahisagar,Balasinor,34.0,32.133
RH-I,2022,11,Mahisagar,Kadana,32.233,32.133
RH-I,2022,11,Mahisagar,Khanpur,31.433,32.133
RH-I,2022,11,Mahisagar,Lunawada,32.167,32.133
RH-I,2022,11,Mahisagar,Santrampur,33.233,32.133
RH-I,2022,11,Mahisagar,Virpur,31.633,32.133
RH-I,2022,12,Anand,Anand,38.71,38.032
RH-I,2022,12,Anand,Anklav,37.516,38.032
RH-I,2022,12,Anand,Borsad,38.161,38.032
RH-I,2022,12,Anand,Khambhat,40.065,38.032
RH-I,2022,12,Anand,Petlad,38.097,38.032
RH-I,2022,12,Anand,Sojitra,37.194,38.032
RH-I,2022,12,Anand,Tarapur,36.29,38.032
RH-I,2022,12,Anand,Umreth,38.323,38.032
RH-I,2022,12,Kheda,Galteshwar,37.71,36.161
RH-I,2022,12,Kheda,Kapadvanj,33.355,36.161
RH-I,2022,12,Kheda,Kathlal,30.806,36.161
RH-I,2022,12,Kheda,Kheda,35.323,36.161
RH-I,2022,12,Kheda,Mahudha,34.613,36.161
RH-I,2022,12,Kheda,Matar,35.419,36.161
RH-I,2022,12,Kheda,Mehmedabad,35.452,36.161
RH-I,2022,12,Kheda,Nadiad,37.871,36.161
RH-I,2022,12,Kheda,Thasra,37.323,36.161
RH-I,2022,12,Kheda,Vaso,37.387,36.161
RH-I,2022,12,Mahisagar,Balasinor,33.903,32.839
RH-I,2022,12,Mahisagar,Kadana,32.258,32.839
RH-I,2022,12,Mahisagar,Khanpur,31.065,32.839
RH-I,2022,12,Mahisagar,Lunawada,31.742,32.839
RH-I,2022,12,Mahisagar,Santrampur,33.29,32.839
RH-I,2022,12,Mahisagar,Virpur,30.774,32.839
RH-I,2023,1,Anand,Anand,45.871,46.226
RH-I,2023,1,Anand,Anklav,43.548,46.226
RH-I,2023,1,Anand,Borsad,45.161,46.226
RH-I,2023,1,Anand,Khambhat,48.871,46.226
RH-I,2023,1,Anand,Petlad,46.774,46.226
RH-I,2023,1,Anand,Sojitra,47.323,46.226
RH-I,2023,1,Anand,Tarapur,47.419,46.226
RH-I,2023,1,Anand,Umreth,45.839,46.226
RH-I,2023,1,Kheda,Galteshwar,45.484,45.452
RH-I,2023,1,Kheda,Kapadvanj,44.516,45.452
RH-I,2023,1,Kheda,Kathlal,44.968,45.452
RH-I,2023,1,Kheda,Kheda,47.097,45.452
RH-I,2023,1,Kheda,Mahudha,49.484,45.452
RH-I,2023,1,Kheda,Matar,47.032,45.452
RH-I,2023,1,Kheda,Mehmedabad,44.419,45.452
RH-I,2023,1,Kheda,Nadiad,47.419,45.452
RH-I,2023,1,Kheda,Thasra,45.548,45.452
RH-I,2023,1,Kheda,Vaso,47.645,45.452
RH-I,2023,1,Mahisagar,Balasinor,43.613,42.194
RH-I,2023,1,Mahisagar,Kadana,42.258,42.194
RH-I,2023,1,Mahisagar,Khanpur,41.161,42.194
RH-I,2023,1,Mahisagar,Lunawada,41.806,42.194
RH-I,2023,1,Mahisagar,Santrampur,43.097,42.194
RH-I,2023,1,Mahisagar,Virpur,41.226,42.194
RH-I,2023,2,Anand,Anand,29.357,29.821
RH-I,2023,2,Anand,Anklav,27.179,29.821
RH-I,2023,2,Anand,Borsad,28.5,29.821
RH-I,2023,2,Anand,Khambhat,36.393,29.821
RH-I,2023,2,Anand,Petlad,29.821,29.821
RH-I,2023,2,Anand,Sojitra,30.5,29.821
RH-I,2023,2,Anand,Tarapur,30.893,29.821
RH-I,2023,2,Anand,Umreth,29.571,29.821
RH-I,2023,2,Kheda,Galteshwar,28.964,27.714
RH-I,2023,2,Kheda,Kapadvanj,28.857,27.714
RH-I,2023,2,Kheda,Kathlal,28.607,27.714
RH-I,2023,2,Kheda,Kheda,31.429,27.714
RH-I,2023,2,Kheda,Mahudha,32.964,27.714
RH-I,2023,2,Kheda,Matar,31.321,27.714
RH-I,2023,2,Kheda,Mehmedabad,31.393,27.714
RH-I,2023,2,Kheda,Nadiad,30.75,27.714
RH-I,2023,2,Kheda,Thasra,29.357,27.714
RH-I,2023,2,Kheda,Vaso,30.857,27.714
RH-I,2023,2,Mahisagar,Balasinor,27.5,24.429
RH-I,2023,2,Mahisagar,Kadana,24.893,24.429
RH-I,2023,2,Mahisagar,Khanpur,24.429,24.429
RH-I,2023,2,Mahisagar,Lunawada,24.929,24.429
RH-I,2023,2,Mahisagar,Santrampur,25.464,24.429
RH-I,2023,2,Mahisagar,Virpur,25.0,24.429
RH-I,2023,3,Anand,Anand,37.613,38.613
RH-I,2023,3,Anand,Anklav,37.516,38.613
RH-I,2023,3,Anand,Borsad,37.903,38.613
RH-I,2023,3,Anand,Khambhat,44.806,38.613
RH-I,2023,3,Anand,Petlad,37.806,38.613
RH-I,2023,3,Anand,Sojitra,37.387,38.613
RH-I,2023,3,Anand,Tarapur,37.387,38.613
RH-I,2023,3,Anand,Umreth,36.613,38.613
RH-I,2023,3,Kheda,Galteshwar,35.742,35.065
RH-I,2023,3,Kheda,Kapadvanj,34.903,35.065
RH-I,2023,3,Kheda,Kathlal,34.452,35.065
RH-I,2023,3,Kheda,Kheda,36.613,35.065
RH-I,2023,3,Kheda,Mahudha,38.29,35.065
RH-I,2023,3,Kheda,Matar,36.742,35.065
RH-I,2023,3,Kheda,Mehmedabad,36.581,35.065
RH-I,2023,3,Kheda,Nadiad,37.065,35.065
RH-I,2023,3,Kheda,Thasra,35.581,35.065
RH-I,2023,3,Kheda,Vaso,37.258,35.065
RH-I,2023,3,Mahisagar,Balasinor,33.419,31.258
RH-I,2023,3,Mahisagar,Kadana,30.742,31.258
RH-I,2023,3,Mahisagar,Khanpur,30.258,31.258
RH-I,2023,3,Mahisagar,Lunawada,31.129,31.258
RH-I,2023,3,Mahisagar,Santrampur,31.871,31.258
RH-I,2023,3,Mahisagar,Virpur,31.032,31.258
RH-I,2023,4,Anand,Anand,39.3,40.6
RH-I,2023,4,Anand,Anklav,38.167,40.6
RH-I,2023,4,Anand,Borsad,39.367,40.6
RH-I,2023,4,Anand,Khambhat,46.167,40.6
RH-I,2023,4,Anand,Petlad,40.6,40.6
RH-I,2023,4,Anand,Sojitra,40.833,40.6
RH-I,2023,4,Anand,Tarapur,40.767,40.6
RH-I,2023,4,Anand,Umreth,38.1,40.6
RH-I,2023,4,Kheda,Galteshwar,37.367,36.733
RH-I,2023,4,Kheda,Kapadvanj,36.933,36.733
RH-I,2023,4,Kheda,Kathlal,36.6,36.733
RH-I,2023,4,Kheda,Kheda,40.767,36.733
RH-I,2023,4,Kheda,Mahudha,43.2,36.733
RH-I,2023,4,Kheda,Matar,40.867,36.733
RH-I,2023,4,Kheda,Mehmedabad,40.3,36.733
RH-I,2023,4,Kheda,Nadiad,40.1,36.733
RH-I,2023,4,Kheda,Thasra,37.367,36.733
RH-I,2023,4,Kheda,Vaso,40.933,36.733
RH-I,2023,4,Mahisagar,Balasinor,34.967,31.033
RH-I,2023,4,Mahisagar,Kadana,28.267,31.033
RH-I,2023,4,Mahisagar,Khanpur,28.833,31.033
RH-I,2023,4,Mahisagar,Lunawada,30.5,31.033
RH-I,2023,4,Mahisagar,Santrampur,29.533,31.033
RH-I,2023,4,Mahisagar,Virpur,31.067,31.033
RH-I,2023,5,Anand,Anand,52.355,54.226
RH-I,2023,5,Anand,Anklav,50.935,54.226
RH-I,2023,5,Anand,Borsad,51.516,54.226
RH-I,2023,5,Anand,Khambhat,56.71,54.226
RH-I,2023,5,Anand,Petlad,52.387,54.226
RH-I,2023,5,Anand,Sojitra,52.452,54.226
RH-I,2023,5,Anand,Tarapur,51.839,54.226
RH-I,2023,5,Anand,Umreth,52.645,54.226
RH-I,2023,5,Kheda,Galteshwar,52.032,53.903
RH-I,2023,5,Kheda,Kapadvanj,52.903,53.903
RH-I,2023,5,Kheda,Kathlal,54.323,53.903
RH-I,2023,5,Kheda,Kheda,52.903,53.903
RH-I,2023,5,Kheda,Mahudha,58.387,53.903
RH-I,2023,5,Kheda,Matar,52.774,53.903
RH-I,2023,5,Kheda,Mehmedabad,53.323,53.903
RH-I,2023,5,Kheda,Nadiad,53.129,53.903
RH-I,2023,5,Kheda,Thasra,52.194,53.903
RH-I,2023,5,Kheda,Vaso,52.968,53.903
RH-I,2023,5,Mahisagar,Balasinor,50.645,50.871
RH-I,2023,5,Mahisagar,Kadana,46.097,50.871
RH-I,2023,5,Mahisagar,Khanpur,46.935,50.871
RH-I,2023,5,Mahisagar,Lunawada,47.774,50.871
RH-I,2023,5,Mahisagar,Santrampur,47.032,50.871
RH-I,2023,5,Mahisagar,Virpur,48.774,50.871
RH-I,2023,6,Anand,Anand,65.667,65.933
RH-I,2023,6,Anand,Anklav,66.033,65.933
RH-I,2023,6,Anand,Borsad,66.233,65.933
RH-I,2023,6,Anand,Khambhat,69.167,65.933
RH-I,2023,6,Anand,Petlad,65.867,65.933
RH-I,2023,6,Anand,Sojitra,65.3,65.933
RH-I,2023,6,Anand,Tarapur,65.067,65.933
RH-I,2023,6,Anand,Umreth,64.9,65.933
RH-I,2023,6,Kheda,Galteshwar,64.4,64.967
RH-I,2023,6,Kheda,Kapadvanj,64.5,64.967
RH-I,2023,6,Kheda,Kathlal,68.033,64.967
RH-I,2023,6,Kheda,Kheda,63.333,64.967
RH-I,2023,6,Kheda,Mahudha,67.467,64.967
RH-I,2023,6,Kheda,Matar,63.467,64.967
RH-I,2023,6,Kheda,Mehmedabad,63.5,64.967
RH-I,2023,6,Kheda,Nadiad,65.033,64.967
RH-I,2023,6,Kheda,Thasra,64.467,64.967
RH-I,2023,6,Kheda,Vaso,65.0,64.967
RH-I,2023,6,Mahisagar,Balasinor,63.6,64.333
RH-I,2023,6,Mahisagar,Kadana,63.067,64.333
RH-I,2023,6,Mahisagar,Khanpur,63.3,64.333
RH-I,2023,6,Mahisagar,Lunawada,63.233,64.333
RH-I,2023,6,Mahisagar,Santrampur,63.633,64.333
RH-I,2023,6,Mahisagar,Virpur,63.633,64.333
RH-I,2023,7,Anand,Anand,82.258,81.226
RH-I,2023,7,Anand,Anklav,81.645,81.226
RH-I,2023,7,Anand,Borsad,82.484,81.226
RH-I,2023,7,Anand,Khambhat,82.161,81.226
RH-I,2023,7,Anand,Petlad,83.452,81.226
RH-I,2023,7,Anand,Sojitra,83.258,81.226
RH-I,2023,7,Anand,Tarapur,82.677,81.226
RH-I,2023,7,Anand,Umreth,80.065,81.226
RH-I,2023,7,Kheda,Galteshwar,78.806,80.645
RH-I,2023,7,Kheda,Kapadvanj,80.161,80.645
RH-I,2023,7,Kheda,Kathlal,80.484,80.645
RH-I,2023,7,Kheda,Kheda,81.355,80.645
RH-I,2023,7,Kheda,Mahudha,79.097,80.645
RH-I,2023,7,Kheda,Matar,81.645,80.645
RH-I,2023,7,Kheda,Mehmedabad,80.839,80.645
RH-I,2023,7,Kheda,Nadiad,82.677,80.645
RH-I,2023,7,Kheda,Thasra,79.484,80.645
RH-I,2023,7,Kheda,Vaso,83.258,80.645
RH-I,2023,7,Mahisagar,Balasinor,79.774,82.194
RH-I,2023,7,Mahisagar,Kadana,80.323,82.194
RH-I,2023,7,Mahisagar,Khanpur,79.871,82.194
RH-I,2023,7,Mahisagar,Lunawada,80.968,82.194
RH-I,2023,7,Mahisagar,Santrampur,82.355,82.194
RH-I,2023,7,Mahisagar,Virpur,80.323,82.194
RH-I,2023,8,Anand,Anand,77.548,77.0
RH-I,2023,8,Anand,Anklav,76.871,77.0
RH-I,2023,8,Anand,Borsad,77.484,77.0
RH-I,2023,8,Anand,Khambhat,77.032,77.0
RH-I,2023,8,Anand,Petlad,77.742,77.0
RH-I,2023,8,Anand,Sojitra,77.935,77.0
RH-I,2023,8,Anand,Tarapur,76.774,77.0
RH-I,2023,8,Anand,Umreth,77.194,77.0
RH-I,2023,8,Kheda,Galteshwar,76.613,78.226
RH-I,2023,8,Kheda,Kapadvanj,78.71,78.226
RH-I,2023,8,Kheda,Kathlal,84.581,78.226
RH-I,2023,8,Kheda,Kheda,77.29,78.226
RH-I,2023,8,Kheda,Mahudha,79.935,78.226
RH-I,2023,8,Kheda,Matar,77.194,78.226
RH-I,2023,8,Kheda,Mehmedabad,77.516,78.226
RH-I,2023,8,Kheda,Nadiad,78.29,78.226
RH-I,2023,8,Kheda,Thasra,77.323,78.226
RH-I,2023,8,Kheda,Vaso,78.161,78.226
RH-I,2023,8,Mahisagar,Balasinor,78.129,80.419
RH-I,2023,8,Mahisagar,Kadana,78.258,80.419
RH-I,2023,8,Mahisagar,Khanpur,78.258,80.419
RH-I,2023,8,Mahisagar,Lunawada,79.452,80.419
RH-I,2023,8,Mahisagar,Santrampur,80.065,80.419
RH-I,2023,8,Mahisagar,Virpur,79.226,80.419
RH-I,2023,9,Anand,Anand,77.167,74.933
RH-I,2023,9,Anand,Anklav,76.4,74.933
RH-I,2023,9,Anand,Borsad,76.767,74.933
RH-I,2023,9,Anand,Khambhat,76.367,74.933
RH-I,2023,9,Anand,Petlad,77.367,74.933
RH-I,2023,9,Anand,Sojitra,77.333,74.933
RH-I,2023,9,Anand,Tarapur,76.133,74.933
RH-I,2023,9,Anand,Umreth,77.467,74.933
RH-I,2023,9,Kheda,Galteshwar,77.6,77.033
RH-I,2023,9,Kheda,Kapadvanj,79.067,77.033
RH-I,2023,9,Kheda,Kathlal,80.6,77.033
RH-I,2023,9,Kheda,Kheda,77.267,77.033
RH-I,2023,9,Kheda,Mahudha,80.633,77.033
RH-I,2023,9,Kheda,Matar,77.0,77.033
RH-I,2023,9,Kheda,Mehmedabad,77.767,77.033
RH-I,2023,9,Kheda,Nadiad,78.2,77.033
RH-I,2023,9,Kheda,Thasra,78.2,77.033
RH-I,2023,9,Kheda,Vaso,78.0,77.033
RH-I,2023,9,Mahisagar,Balasinor,79.467,80.3
RH-I,2023,9,Mahisagar,Kadana,79.5,80.3
RH-I,2023,9,Mahisagar,Khanpur,79.267,80.3
RH-I,2023,9,Mahisagar,Lunawada,81.133,80.3
RH-I,2023,9,Mahisagar,Santrampur,81.567,80.3
RH-I,2023,9,Mahisagar,Virpur,80.2,80.3
RH-I,2023,10,Anand,Anand,53.452,54.226
RH-I,2023,10,Anand,Anklav,52.323,54.226
RH-I,2023,10,Anand,Borsad,52.742,54.226
RH-I,2023,10,Anand,Khambhat,56.452,54.226
RH-I,2023,10,Anand,Petlad,53.129,54.226
RH-I,2023,10,Anand,Sojitra,53.29,54.226
RH-I,2023,10,Anand,Tarapur,52.871,54.226
RH-I,2023,10,Anand,Umreth,54.032,54.226
RH-I,2023,10,Kheda,Galteshwar,54.323,53.645
RH-I,2023,10,Kheda,Kapadvanj,53.226,53.645
RH-I,2023,10,Kheda,Kathlal,50.484,53.645
RH-I,2023,10,Kheda,Kheda,53.194,53.645
RH-I,2023,10,Kheda,Mahudha,54.484,53.645
RH-I,2023,10,Kheda,Matar,53.065,53.645
RH-I,2023,10,Kheda,Mehmedabad,53.548,53.645
RH-I,2023,10,Kheda,Nadiad,54.29,53.645
RH-I,2023,10,Kheda,Thasra,54.452,53.645
RH-I,2023,10,Kheda,Vaso,54.065,53.645
RH-I,2023,10,Mahisagar,Balasinor,54.258,53.161
RH-I,2023,10,Mahisagar,Kadana,49.774,53.161
RH-I,2023,10,Mahisagar,Khanpur,49.613,53.161
RH-I,2023,10,Mahisagar,Lunawada,51.968,53.161
RH-I,2023,10,Mahisagar,Santrampur,51.484,53.161
RH-I,2023,10,Mahisagar,Virpur,51.065,53.161
RH-I,2023,11,Anand,Anand,42.6,42.133
RH-I,2023,11,Anand,Anklav,40.8,42.133
RH-I,2023,11,Anand,Borsad,41.633,42.133
RH-I,2023,11,Anand,Khambhat,44.133,42.133
RH-I,2023,11,Anand,Petlad,42.133,42.133
RH-I,2023,11,Anand,Sojitra,42.267,42.133
RH-I,2023,11,Anand,Tarapur,41.533,42.133
RH-I,2023,11,Anand,Umreth,43.1,42.133
RH-I,2023,11,Kheda,Galteshwar,43.0,42.1
RH-I,2023,11,Kheda,Kapadvanj,40.567,42.1
RH-I,2023,11,Kheda,Kathlal,37.933,42.1
RH-I,2023,11,Kheda,Kheda,41.5,42.1
RH-I,2023,11,Kheda,Mahudha,39.867,42.1
RH-I,2023,11,Kheda,Matar,41.233,42.1
RH-I,2023,11,Kheda,Mehmedabad,41.5,42.1
RH-I,2023,11,Kheda,Nadiad,42.933,42.1
RH-I,2023,11,Kheda,Thasra,42.967,42.1
RH-I,2023,11,Kheda,Vaso,42.633,42.1
RH-I,2023,11,Mahisagar,Balasinor,41.933,39.867
RH-I,2023,11,Mahisagar,Kadana,38.967,39.867
RH-I,2023,11,Mahisagar,Khanpur,37.867,39.867
RH-I,2023,11,Mahisagar,Lunawada,39.1,39.867
RH-I,2023,11,Mahisagar,Santrampur,40.0,39.867
RH-I,2023,11,Mahisagar,Virpur,38.3,39.867
RH-I,2023,12,Anand,Anand,49.419,47.581
RH-I,2023,12,Anand,Anklav,46.935,47.581
RH-I,2023,12,Anand,Borsad,48.581,47.581
RH-I,2023,12,Anand,Khambhat,48.29,47.581
RH-I,2023,12,Anand,Petlad,49.548,47.581
RH-I,2023,12,Anand,Sojitra,50.161,47.581
RH-I,2023,12,Anand,Tarapur,49.387,47.581
RH-I,2023,12,Anand,Umreth,50.226,47.581
RH-I,2023,12,Kheda,Galteshwar,49.645,46.323
RH-I,2023,12,Kheda,Kapadvanj,47.29,46.323
RH-I,2023,12,Kheda,Kathlal,42.129,46.323
RH-I,2023,12,Kheda,Kheda,48.839,46.323
RH-I,2023,12,Kheda,Mahudha,45.194,46.323
RH-I,2023,12,Kheda,Matar,48.839,46.323
RH-I,2023,12,Kheda,Mehmedabad,48.645,46.323
RH-I,2023,12,Kheda,Nadiad,50.774,46.323
RH-I,2023,12,Kheda,Thasra,50.194,46.323
RH-I,2023,12,Kheda,Vaso,50.129,46.323
RH-I,2023,12,Mahisagar,Balasinor,47.742,41.903
RH-I,2023,12,Mahisagar,Kadana,45.839,41.903
RH-I,2023,12,Mahisagar,Khanpur,44.097,41.903
RH-I,2023,12,Mahisagar,Lunawada,45.194,41.903
RH-I,2023,12,Mahisagar,Santrampur,47.774,41.903
RH-I,2023,12,Mahisagar,Virpur,44.0,41.903
RH-II,2021,1,Anand,Anand,24.774,27.097
RH-II,2021,1,Anand,Anklav,24.355,27.097
RH-II,2021,1,Anand,Borsad,24.774,27.097
RH-II,2021,1,Anand,Khambhat,32.871,27.097
RH-II,2021,1,Anand,Petlad,24.806,27.097
RH-II,2021,1,Anand,Sojitra,24.548,27.097
RH-II,2021,1,Anand,Tarapur,24.419,27.097
RH-II,2021,1,Anand,Umreth,24.323,27.097
RH-II,2021,1,Kheda,Galteshwar,25.613,23.581
RH-II,2021,1,Kheda,Kapadvanj,25.613,23.581
RH-II,2021,1,Kheda,Kathlal,25.613,23.581
RH-II,2021,1,Kheda,Kheda,25.613,23.581
RH-II,2021,1,Kheda,Mahudha,25.613,23.581
RH-II,2021,1,Kheda,Matar,25.613,23.581
RH-II,2021,1,Kheda,Mehmedabad,25.613,23.581
RH-II,2021,1,Kheda,Nadiad,25.613,23.581
RH-II,2021,1,Kheda,Thasra,25.613,23.581
RH-II,2021,1,Kheda,Vaso,25.613,23.581
RH-II,2021,1,Mahisagar,Balasinor,25.613,21.452
RH-II,2021,1,Mahisagar,Kadana,25.613,21.452
RH-II,2021,1,Mahisagar,Khanpur,25.613,21.452
RH-II,2021,1,Mahisagar,Lunawada,25.613,21.452
RH-II,2021,1,Mahisagar,Santrampur,25.613,21.452
RH-II,2021,1,Mahisagar,Virpur,25.613,21.452
RH-II,2021,2,Anand,Anand,13.393,18.179
RH-II,2021,2,Anand,Anklav,13.321,18.179
RH-II,2021,2,Anand,Borsad,13.429,18.179
RH-II,2021,2,Anand,Khambhat,24.214,18.179
RH-II,2021,2,Anand,Petlad,13.643,18.179
RH-II,2021,2,Anand,Sojitra,13.679,18.179
RH-II,2021,2,Anand,Tarapur,13.821,18.179
RH-II,2021,2,Anand,Umreth,13.5,18.179
RH-II,2021,2,Kheda,Galteshwar,14.857,14.929
RH-II,2021,2,Kheda,Kapadvanj,14.821,14.929
RH-II,2021,2,Kheda,Kathlal,14.857,14.929
RH-II,2021,2,Kheda,Kheda,14.893,14.929
RH-II,2021,2,Kheda,Mahudha,14.964,14.929
RH-II,2021,2,Kheda,Matar,14.893,14.929
RH-II,2021,2,Kheda,Mehmedabad,14.893,14.929
RH-II,2021,2,Kheda,Nadiad,14.857,14.929
RH-II,2021,2,Kheda,Thasra,14.821,14.929
RH-II,2021,2,Kheda,Vaso,14.857,14.929
RH-II,2021,2,Mahisagar,Balasinor,14.786,13.286
RH-II,2021,2,Mahisagar,Kadana,14.679,13.286
RH-II,2021,2,Mahisagar,Khanpur,14.679,13.286
RH-II,2021,2,Mahisagar,Lunawada,14.714,13.286
RH-II,2021,2,Mahisagar,Santrampur,14.714,13.286
RH-II,2021,2,Mahisagar,Virpur,14.714,13.286
RH-II,2021,3,Anand,Anand,9.161,12.677
RH-II,2021,3,Anand,Anklav,9.161,12.677
RH-II,2021,3,Anand,Borsad,9.323,12.677
RH-II,2021,3,Anand,Khambhat,20.097,12.677
RH-II,2021,3,Anand,Petlad,9.452,12.677
RH-II,2021,3,Anand,Sojitra,9.516,12.677
RH-II,2021,3,Anand,Tarapur,9.839,12.677
RH-II,2021,3,Anand,Umreth,9.0,12.677
RH-II,2021,3,Kheda,Galteshwar,8.871,10.484
RH-II,2021,3,Kheda,Kapadvanj,8.516,10.484
RH-II,2021,3,Kheda,Kathlal,8.806,10.484
RH-II,2021,3,Kheda,Kheda,9.194,10.484
RH-II,2021,3,Kheda,Mahudha,9.065,10.484
RH-II,2021,3,Kheda,Matar,9.194,10.484
RH-II,2021,3,Kheda,Mehmedabad,9.065,10.484
RH-II,2021,3,Kheda,Nadiad,9.097,10.484
RH-II,2021,3,Kheda,Thasra,8.968,10.484
RH-II,2021,3,Kheda,Vaso,9.29,10.484
RH-II,2021,3,Mahisagar,Balasinor,8.355,9.258
RH-II,2021,3,Mahisagar,Kadana,7.806,9.258
RH-II,2021,3,Mahisagar,Khanpur,7.806,9.258
RH-II,2021,3,Mahisagar,Lunawada,7.839,9.258
RH-II,2021,3,Mahisagar,Santrampur,8.097,9.258
RH-II,2021,3,Mahisagar,Virpur,7.871,9.258
RH-II,2021,4,Anand,Anand,8.567,12.5
RH-II,2021,4,Anand,Anklav,9.067,12.5
RH-II,2021,4,Anand,Borsad,9.0,12.5
RH-II,2021,4,Anand,Khambhat,19.3,12.5
RH-II,2021,4,Anand,Petlad,8.9,12.5
RH-II,2021,4,Anand,Sojitra,8.733,12.5
RH-II,2021,4,Anand,Tarapur,9.1,12.5
RH-II,2021,4,Anand,Umreth,8.267,12.5
RH-II,2021,4,Kheda,Galteshwar,8.233,8.567
RH-II,2021,4,Kheda,Kapadvanj,7.5,8.567
RH-II,2021,4,Kheda,Kathlal,7.333,8.567
RH-II,2021,4,Kheda,Kheda,8.267,8.567
RH-II,2021,4,Kheda,Mahudha,7.4,8.567
RH-II,2021,4,Kheda,Matar,8.3,8.567
RH-II,2021,4,Kheda,Mehmedabad,8.067,8.567
RH-II,2021,4,Kheda,Nadiad,8.233,8.567
RH-II,2021,4,Kheda,Thasra,8.133,8.567
RH-II,2021,4,Kheda,Vaso,8.4,8.567
RH-II,2021,4,Mahisagar,Balasinor,7.567,7.433
RH-II,2021,4,Mahisagar,Kadana,6.833,7.433
RH-II,2021,4,Mahisagar,Khanpur,6.667,7.433
RH-II,2021,4,Mahisagar,Lunawada,7.033,7.433
RH-II,2021,4,Mahisagar,Santrampur,7.1,7.433
RH-II,2021,4,Mahisagar,Virpur,6.9,7.433
RH-II,2021,5,Anand,Anand,20.839,27.871
RH-II,2021,5,Anand,Anklav,21.516,27.871
RH-II,2021,5,Anand,Borsad,21.677,27.871
RH-II,2021,5,Anand,Khambhat,31.548,27.871
RH-II,2021,5,Anand,Petlad,21.419,27.871
RH-II,2021,5,Anand,Sojitra,21.0,27.871
RH-II,2021,5,Anand,Tarapur,21.226,27.871
RH-II,2021,5,Anand,Umreth,20.065,27.871
RH-II,2021,5,Kheda,Galteshwar,19.71,24.065
RH-II,2021,5,Kheda,Kapadvanj,18.71,24.065
RH-II,2021,5,Kheda,Kathlal,18.645,24.065
RH-II,2021,5,Kheda,Kheda,19.387,24.065
RH-II,2021,5,Kheda,Mahudha,18.387,24.065
RH-II,2021,5,Kheda,Matar,19.581,24.065
RH-II,2021,5,Kheda,Mehmedabad,19.258,24.065
RH-II,2021,5,Kheda,Nadiad,20.129,24.065
RH-II,2021,5,Kheda,Thasra,19.677,24.065
RH-II,2021,5,Kheda,Vaso,20.387,24.065
RH-II,2021,5,Mahisagar,Balasinor,18.839,22.226
RH-II,2021,5,Mahisagar,Kadana,17.548,22.226
RH-II,2021,5,Mahisagar,Khanpur,17.484,22.226
RH-II,2021,5,Mahisagar,Lunawada,17.903,22.226
RH-II,2021,5,Mahisagar,Santrampur,17.903,22.226
RH-II,2021,5,Mahisagar,Virpur,17.903,22.226
RH-II,2021,6,Anand,Anand,36.8,39.567
RH-II,2021,6,Anand,Anklav,37.433,39.567
RH-II,2021,6,Anand,Borsad,37.967,39.567
RH-II,2021,6,Anand,Khambhat,46.2,39.567
RH-II,2021,6,Anand,Petlad,37.9,39.567
RH-II,2021,6,Anand,Sojitra,37.4,39.567
RH-II,2021,6,Anand,Tarapur,37.7,39.567
RH-II,2021,6,Anand,Umreth,35.2,39.567
RH-II,2021,6,Kheda,Galteshwar,33.9,35.2
RH-II,2021,6,Kheda,Kapadvanj,34.533,35.2
RH-II,2021,6,Kheda,Kathlal,33.233,35.2
RH-II,2021,6,Kheda,Kheda,35.133,35.2
RH-II,2021,6,Kheda,Mahudha,33.067,35.2
RH-II,2021,6,Kheda,Matar,35.3,35.2
RH-II,2021,6,Kheda,Mehmedabad,34.9,35.2
RH-II,2021,6,Kheda,Nadiad,36.067,35.2
RH-II,2021,6,Kheda,Thasra,34.1,35.2
RH-II,2021,6,Kheda,Vaso,36.6,35.2
RH-II,2021,6,Mahisagar,Balasinor,34.2,33.033
RH-II,2021,6,Mahisagar,Kadana,31.933,33.033
RH-II,2021,6,Mahisagar,Khanpur,32.3,33.033
RH-II,2021,6,Mahisagar,Lunawada,33.167,33.033
RH-II,2021,6,Mahisagar,Santrampur,33.167,33.033
RH-II,2021,6,Mahisagar,Virpur,33.233,33.033
RH-II,2021,7,Anand,Anand,45.903,49.29
RH-II,2021,7,Anand,Anklav,46.806,49.29
RH-II,2021,7,Anand,Borsad,46.903,49.29
RH-II,2021,7,Anand,Khambhat,53.161,49.29
RH-II,2021,7,Anand,Petlad,46.774,49.29
RH-II,2021,7,Anand,Sojitra,46.226,49.29
RH-II,2021,7,Anand,Tarapur,46.097,49.29
RH-II,2021,7,Anand,Umreth,44.323,49.29
RH-II,2021,7,Kheda,Galteshwar,43.613,46.581
RH-II,2021,7,Kheda,Kapadvanj,44.613,46.581
RH-II,2021,7,Kheda,Kathlal,47.419,46.581
RH-II,2021,7,Kheda,Kheda,44.677,46.581
RH-II,2021,7,Kheda,Mahudha,45.581,46.581
RH-II,2021,7,Kheda,Matar,44.71,46.581
RH-II,2021,7,Kheda,Mehmedabad,44.839,46.581
RH-II,2021,7,Kheda,Nadiad,45.484,46.581
RH-II,2021,7,Kheda,Thasra,43.968,46.581
RH-II,2021,7,Kheda,Vaso,45.839,46.581
RH-II,2021,7,Mahisagar,Balasinor,44.194,46.935
RH-II,2021,7,Mahisagar,Kadana,44.806,46.935
RH-II,2021,7,Mahisagar,Khanpur,44.613,46.935
RH-II,2021,7,Mahisagar,Lunawada,44.774,46.935
RH-II,2021,7,Mahisagar,Santrampur,45.871,46.935
RH-II,2021,7,Mahisagar,Virpur,44.581,46.935
RH-II,2021,8,Anand,Anand,54.29,55.516
RH-II,2021,8,Anand,Anklav,53.484,55.516
RH-II,2021,8,Anand,Borsad,53.903,55.516
RH-II,2021,8,Anand,Khambhat,57.903,55.516
RH-II,2021,8,Anand,Petlad,54.419,55.516
RH-II,2021,8,Anand,Sojitra,54.484,55.516
RH-II,2021,8,Anand,Tarapur,53.419,55.516
RH-II,2021,8,Anand,Umreth,53.71,55.516
RH-II,2021,8,Kheda,Galteshwar,52.935,55.839
RH-II,2021,8,Kheda,Kapadvanj,54.806,55.839
RH-II,2021,8,Kheda,Kathlal,58.903,55.839
RH-II,2021,8,Kheda,Kheda,53.871,55.839
RH-II,2021,8,Kheda,Mahudha,54.097,55.839
RH-II,2021,8,Kheda,Matar,53.677,55.839
RH-II,2021,8,Kheda,Mehmedabad,54.613,55.839
RH-II,2021,8,Kheda,Nadiad,55.387,55.839
RH-II,2021,8,Kheda,Thasra,53.774,55.839
RH-II,2021,8,Kheda,Vaso,54.903,55.839
RH-II,2021,8,Mahisagar,Balasinor,53.645,57.71
RH-II,2021,8,Mahisagar,Kadana,55.226,57.71
RH-II,2021,8,Mahisagar,Khanpur,54.613,57.71
RH-II,2021,8,Mahisagar,Lunawada,55.097,57.71
RH-II,2021,8,Mahisagar,Santrampur,57.323,57.71
RH-II,2021,8,Mahisagar,Virpur,54.613,57.71
RH-II,2021,9,Anand,Anand,65.2,66.333
RH-II,2021,9,Anand,Anklav,64.1,66.333
RH-II,2021,9,Anand,Borsad,64.933,66.333
RH-II,2021,9,Anand,Khambhat,66.867,66.333
RH-II,2021,9,Anand,Petlad,66.167,66.333
RH-II,2021,9,Anand,Sojitra,66.433,66.333
RH-II,2021,9,Anand,Tarapur,65.433,66.333
RH-II,2021,9,Anand,Umreth,64.3,66.333
RH-II,2021,9,Kheda,Galteshwar,64.033,67.267
RH-II,2021,9,Kheda,Kapadvanj,66.833,67.267
RH-II,2021,9,Kheda,Kathlal,67.1,67.267
RH-II,2021,9,Kheda,Kheda,66.933,67.267
RH-II,2021,9,Kheda,Mahudha,65.767,67.267
RH-II,2021,9,Kheda,Matar,66.8,67.267
RH-II,2021,9,Kheda,Mehmedabad,67.067,67.267
RH-II,2021,9,Kheda,Nadiad,67.0,67.267
RH-II,2021,9,Kheda,Thasra,65.067,67.267
RH-II,2021,9,Kheda,Vaso,67.333,67.267
RH-II,2021,9,Mahisagar,Balasinor,66.467,68.733
RH-II,2021,9,Mahisagar,Kadana,64.633,68.733
RH-II,2021,9,Mahisagar,Khanpur,65.333,68.733
RH-II,2021,9,Mahisagar,Lunawada,68.133,68.733
RH-II,2021,9,Mahisagar,Santrampur,66.9,68.733
RH-II,2021,9,Mahisagar,Virpur,67.5,68.733
RH-II,2021,10,Anand,Anand,35.323,38.742
RH-II,2021,10,Anand,Anklav,35.452,38.742
RH-II,2021,10,Anand,Borsad,35.806,38.742
RH-II,2021,10,Anand,Khambhat,42.129,38.742
RH-II,2021,10,Anand,Petlad,36.065,38.742
RH-II,2021,10,Anand,Sojitra,35.968,38.742
RH-II,2021,10,Anand,Tarapur,35.355,38.742
RH-II,2021,10,Anand,Umreth,34.806,38.742
RH-II,2021,10,Kheda,Galteshwar,34.677,36.387
RH-II,2021,10,Kheda,Kapadvanj,34.161,36.387
RH-II,2021,10,Kheda,Kathlal,33.194,36.387
RH-II,2021,10,Kheda,Kheda,35.226,36.387
RH-II,2021,10,Kheda,Mahudha,33.194,36.387
RH-II,2021,10,Kheda,Matar,35.29,36.387
RH-II,2021,10,Kheda,Mehmedabad,35.032,36.387
RH-II,2021,10,Kheda,Nadiad,35.871,36.387
RH-II,2021,10,Kheda,Thasra,34.613,36.387
RH-II,2021,10,Kheda,Vaso,34.968,36.387
RH-II,2021,10,Mahisagar,Balasinor,33.774,34.516
RH-II,2021,10,Mahisagar,Kadana,31.645,34.516
RH-II,2021,10,Mahisagar,Khanpur,31.71,34.516
RH-II,2021,10,Mahisagar,Lunawada,33.323,34.516
RH-II,2021,10,Mahisagar,Santrampur,33.0,34.516
RH-II,2021,10,Mahisagar,Virpur,32.968,34.516
RH-II,2021,11,Anand,Anand,25.2,29.167
RH-II,2021,11,Anand,Anklav,25.1,29.167
RH-II,2021,11,Anand,Borsad,25.133,29.167
RH-II,2021,11,Anand,Khambhat,32.667,29.167
RH-II,2021,11,Anand,Petlad,24.967,29.167
RH-II,2021,11,Anand,Sojitra,24.4,29.167
RH-II,2021,11,Anand,Tarapur,23.7,29.167
RH-II,2021,11,Anand,Umreth,25.067,29.167
RH-II,2021,11,Kheda,Galteshwar,24.9,26.8
RH-II,2021,11,Kheda,Kapadvanj,22.8,26.8
RH-II,2021,11,Kheda,Kathlal,22.267,26.8
RH-II,2021,11,Kheda,Kheda,23.633,26.8
RH-II,2021,11,Kheda,Mahudha,22.733,26.8
RH-II,2021,11,Kheda,Matar,23.667,26.8
RH-II,2021,11,Kheda,Mehmedabad,23.567,26.8
RH-II,2021,11,Kheda,Nadiad,24.767,26.8
RH-II,2021,11,Kheda,Thasra,24.8,26.8
RH-II,2021,11,Kheda,Vaso,24.5,26.8
RH-II,2021,11,Mahisagar,Balasinor,22.867,24.567
RH-II,2021,11,Mahisagar,Kadana,21.0,24.567
RH-II,2021,11,Mahisagar,Khanpur,20.767,24.567
RH-II,2021,11,Mahisagar,Lunawada,21.567,24.567
RH-II,2021,11,Mahisagar,Santrampur,21.767,24.567
RH-II,2021,11,Mahisagar,Virpur,21.267,24.567
RH-II,2021,12,Anand,Anand,31.161,32.065
RH-II,2021,12,Anand,Anklav,30.839,32.065
RH-II,2021,12,Anand,Borsad,31.0,32.065
RH-II,2021,12,Anand,Khambhat,37.742,32.065
RH-II,2021,12,Anand,Petlad,30.806,32.065
RH-II,2021,12,Anand,Sojitra,30.161,32.065
RH-II,2021,12,Anand,Tarapur,29.806,32.065
RH-II,2021,12,Anand,Umreth,30.129,32.065
RH-II,2021,12,Kheda,Galteshwar,30.194,29.032
RH-II,2021,12,Kheda,Kapadvanj,27.774,29.032
RH-II,2021,12,Kheda,Kathlal,25.226,29.032
RH-II,2021,12,Kheda,Kheda,29.129,29.032
RH-II,2021,12,Kheda,Mahudha,27.129,29.032
RH-II,2021,12,Kheda,Matar,29.161,29.032
RH-II,2021,12,Kheda,Mehmedabad,29.032,29.032
RH-II,2021,12,Kheda,Nadiad,30.355,29.032
RH-II,2021,12,Kheda,Thasra,29.903,29.032
RH-II,2021,12,Kheda,Vaso,30.161,29.032
RH-II,2021,12,Mahisagar,Balasinor,27.71,25.935
RH-II,2021,12,Mahisagar,Kadana,25.065,25.935
RH-II,2021,12,Mahisagar,Khanpur,24.097,25.935
RH-II,2021,12,Mahisagar,Lunawada,24.871,25.935
RH-II,2021,12,Mahisagar,Santrampur,26.742,25.935
RH-II,2021,12,Mahisagar,Virpur,24.355,25.935
RH-II,2022,1,Anand,Anand,29.29,32.742
RH-II,2022,1,Anand,Anklav,28.548,32.742
RH-II,2022,1,Anand,Borsad,28.903,32.742
RH-II,2022,1,Anand,Khambhat,37.0,32.742
RH-II,2022,1,Anand,Petlad,29.548,32.742
RH-II,2022,1,Anand,Sojitra,29.581,32.742
RH-II,2022,1,Anand,Tarapur,29.581,32.742
RH-II,2022,1,Anand,Umreth,28.774,32.742
RH-II,2022,1,Kheda,Galteshwar,28.419,29.71
RH-II,2022,1,Kheda,Kapadvanj,26.774,29.71
RH-II,2022,1,Kheda,Kathlal,27.129,29.71
RH-II,2022,1,Kheda,Kheda,29.387,29.71
RH-II,2022,1,Kheda,Mahudha,30.355,29.71
RH-II,2022,1,Kheda,Matar,29.484,29.71
RH-II,2022,1,Kheda,Mehmedabad,29.161,29.71
RH-II,2022,1,Kheda,Nadiad,29.484,29.71
RH-II,2022,1,Kheda,Thasra,28.387,29.71
RH-II,2022,1,Kheda,Vaso,29.548,29.71
RH-II,2022,1,Mahisagar,Balasinor,26.355,27.032
RH-II,2022,1,Mahisagar,Kadana,25.355,27.032
RH-II,2022,1,Mahisagar,Khanpur,24.226,27.032
RH-II,2022,1,Mahisagar,Lunawada,24.387,27.032
RH-II,2022,1,Mahisagar,Santrampur,26.452,27.032
RH-II,2022,1,Mahisagar,Virpur,24.0,27.032
RH-II,2022,2,Anand,Anand,15.929,20.679
RH-II,2022,2,Anand,Anklav,15.571,20.679
RH-II,2022,2,Anand,Borsad,15.857,20.679
RH-II,2022,2,Anand,Khambhat,26.5,20.679
RH-II,2022,2,Anand,Petlad,16.179,20.679
RH-II,2022,2,Anand,Sojitra,16.357,20.679
RH-II,2022,2,Anand,Tarapur,16.536,20.679
RH-II,2022,2,Anand,Umreth,15.893,20.679
RH-II,2022,2,Kheda,Galteshwar,15.107,18.25
RH-II,2022,2,Kheda,Kapadvanj,13.857,18.25
RH-II,2022,2,Kheda,Kathlal,13.607,18.25
RH-II,2022,2,Kheda,Kheda,16.107,18.25
RH-II,2022,2,Kheda,Mahudha,15.75,18.25
RH-II,2022,2,Kheda,Matar,16.143,18.25
RH-II,2022,2,Kheda,Mehmedabad,16.036,18.25
RH-II,2022,2,Kheda,Nadiad,15.857,18.25
RH-II,2022,2,Kheda,Thasra,15.071,18.25
RH-II,2022,2,Kheda,Vaso,15.857,18.25
RH-II,2022,2,Mahisagar,Balasinor,14.036,16.429
RH-II,2022,2,Mahisagar,Kadana,12.179,16.429
RH-II,2022,2,Mahisagar,Khanpur,11.893,16.429
RH-II,2022,2,Mahisagar,Lunawada,12.25,16.429
RH-II,2022,2,Mahisagar,Santrampur,12.893,16.429
RH-II,2022,2,Mahisagar,Virpur,12.107,16.429
RH-II,2022,3,Anand,Anand,9.71,14.677
RH-II,2022,3,Anand,Anklav,9.774,14.677
RH-II,2022,3,Anand,Borsad,9.742,14.677
RH-II,2022,3,Anand,Khambhat,19.613,14.677
RH-II,2022,3,Anand,Petlad,9.742,14.677
RH-II,2022,3,Anand,Sojitra,9.903,14.677
RH-II,2022,3,Anand,Tarapur,10.097,14.677
RH-II,2022,3,Anand,Umreth,9.903,14.677
RH-II,2022,3,Kheda,Galteshwar,10.032,13.677
RH-II,2022,3,Kheda,Kapadvanj,9.097,13.677
RH-II,2022,3,Kheda,Kathlal,9.032,13.677
RH-II,2022,3,Kheda,Kheda,9.871,13.677
RH-II,2022,3,Kheda,Mahudha,9.419,13.677
RH-II,2022,3,Kheda,Matar,9.871,13.677
RH-II,2022,3,Kheda,Mehmedabad,9.774,13.677
RH-II,2022,3,Kheda,Nadiad,9.774,13.677
RH-II,2022,3,Kheda,Thasra,9.935,13.677
RH-II,2022,3,Kheda,Vaso,9.839,13.677
RH-II,2022,3,Mahisagar,Balasinor,9.387,12.677
RH-II,2022,3,Mahisagar,Kadana,9.032,12.677
RH-II,2022,3,Mahisagar,Khanpur,8.839,12.677
RH-II,2022,3,Mahisagar,Lunawada,9.032,12.677
RH-II,2022,3,Mahisagar,Santrampur,9.323,12.677
RH-II,2022,3,Mahisagar,Virpur,8.839,12.677
RH-II,2022,4,Anand,Anand,8.7,19.3
RH-II,2022,4,Anand,Anklav,9.067,19.3
RH-II,2022,4,Anand,Borsad,9.067,19.3
RH-II,2022,4,Anand,Khambhat,18.9,19.3
RH-II,2022,4,Anand,Petlad,8.967,19.3
RH-II,2022,4,Anand,Sojitra,8.833,19.3
RH-II,2022,4,Anand,Tarapur,8.933,19.3
RH-II,2022,4,Anand,Umreth,8.5,19.3
RH-II,2022,4,Kheda,Galteshwar,8.433,18.667
RH-II,2022,4,Kheda,Kapadvanj,7.9,18.667
RH-II,2022,4,Kheda,Kathlal,7.767,18.667
RH-II,2022,4,Kheda,Kheda,8.467,18.667
RH-II,2022,4,Kheda,Mahudha,8.133,18.667
RH-II,2022,4,Kheda,Matar,8.533,18.667
RH-II,2022,4,Kheda,Mehmedabad,8.4,18.667
RH-II,2022,4,Kheda,Nadiad,8.367,18.667
RH-II,2022,4,Kheda,Thasra,8.367,18.667
RH-II,2022,4,Kheda,Vaso,8.5,18.667
RH-II,2022,4,Mahisagar,Balasinor,8.033,18.467
RH-II,2022,4,Mahisagar,Kadana,7.333,18.467
RH-II,2022,4,Mahisagar,Khanpur,7.367,18.467
RH-II,2022,4,Mahisagar,Lunawada,7.6,18.467
RH-II,2022,4,Mahisagar,Santrampur,7.533,18.467
RH-II,2022,4,Mahisagar,Virpur,7.6,18.467
RH-II,2022,5,Anand,Anand,15.387,25.258
RH-II,2022,5,Anand,Anklav,17.129,25.258
RH-II,2022,5,Anand,Borsad,16.935,25.258
RH-II,2022,5,Anand,Khambhat,27.645,25.258
RH-II,2022,5,Anand,Petlad,16.29,25.258
RH-II,2022,5,Anand,Sojitra,15.387,25.258
RH-II,2022,5,Anand,Tarapur,15.903,25.258
RH-II,2022,5,Anand,Umreth,14.516,25.258
RH-II,2022,5,Kheda,Galteshwar,14.226,28.71
RH-II,2022,5,Kheda,Kapadvanj,13.194,28.71
RH-II,2022,5,Kheda,Kathlal,14.032,28.71
RH-II,2022,5,Kheda,Kheda,13.968,28.71
RH-II,2022,5,Kheda,Mahudha,13.903,28.71
RH-II,2022,5,Kheda,Matar,14.29,28.71
RH-II,2022,5,Kheda,Mehmedabad,13.774,28.71
RH-II,2022,5,Kheda,Nadiad,14.452,28.71
RH-II,2022,5,Kheda,Thasra,13.968,28.71
RH-II,2022,5,Kheda,Vaso,14.71,28.71
RH-II,2022,5,Mahisagar,Balasinor,13.29,26.839
RH-II,2022,5,Mahisagar,Kadana,12.484,26.839
RH-II,2022,5,Mahisagar,Khanpur,12.484,26.839
RH-II,2022,5,Mahisagar,Lunawada,12.581,26.839
RH-II,2022,5,Mahisagar,Santrampur,12.71,26.839
RH-II,2022,5,Mahisagar,Virpur,12.839,26.839
RH-II,2022,6,Anand,Anand,28.767,41.8
RH-II,2022,6,Anand,Anklav,30.067,41.8
RH-II,2022,6,Anand,Borsad,30.267,41.8
RH-II,2022,6,Anand,Khambhat,41.367,41.8
RH-II,2022,6,Anand,Petlad,30.133,41.8
RH-II,2022,6,Anand,Sojitra,29.867,41.8
RH-II,2022,6,Anand,Tarapur,30.633,41.8
RH-II,2022,6,Anand,Umreth,27.1,41.8
RH-II,2022,6,Kheda,Galteshwar,26.7,38.3
RH-II,2022,6,Kheda,Kapadvanj,26.233,38.3
RH-II,2022,6,Kheda,Kathlal,24.967,38.3
RH-II,2022,6,Kheda,Kheda,27.6,38.3
RH-II,2022,6,Kheda,Mahudha,24.9,38.3
RH-II,2022,6,Kheda,Matar,27.867,38.3
RH-II,2022,6,Kheda,Mehmedabad,27.133,38.3
RH-II,2022,6,Kheda,Nadiad,27.867,38.3
RH-II,2022,6,Kheda,Thasra,26.7,38.3
RH-II,2022,6,Kheda,Vaso,28.933,38.3
RH-II,2022,6,Mahisagar,Balasinor,26.033,36.6
RH-II,2022,6,Mahisagar,Kadana,24.433,36.6
RH-II,2022,6,Mahisagar,Khanpur,24.5,36.6
RH-II,2022,6,Mahisagar,Lunawada,25.033,36.6
RH-II,2022,6,Mahisagar,Santrampur,25.3,36.6
RH-II,2022,6,Mahisagar,Virpur,25.033,36.6
RH-II,2022,7,Anand,Anand,55.387,64.935
RH-II,2022,7,Anand,Anklav,56.0,64.935
RH-II,2022,7,Anand,Borsad,56.613,64.935
RH-II,2022,7,Anand,Khambhat,61.194,64.935
RH-II,2022,7,Anand,Petlad,57.097,64.935
RH-II,2022,7,Anand,Sojitra,56.968,64.935
RH-II,2022,7,Anand,Tarapur,56.613,64.935
RH-II,2022,7,Anand,Umreth,52.484,64.935
RH-II,2022,7,Kheda,Galteshwar,48.71,63.968
RH-II,2022,7,Kheda,Kapadvanj,51.677,63.968
RH-II,2022,7,Kheda,Kathlal,52.484,63.968
RH-II,2022,7,Kheda,Kheda,53.452,63.968
RH-II,2022,7,Kheda,Mahudha,52.065,63.968
RH-II,2022,7,Kheda,Matar,53.452,63.968
RH-II,2022,7,Kheda,Mehmedabad,53.097,63.968
RH-II,2022,7,Kheda,Nadiad,53.452,63.968
RH-II,2022,7,Kheda,Thasra,49.516,63.968
RH-II,2022,7,Kheda,Vaso,54.194,63.968
RH-II,2022,7,Mahisagar,Balasinor,50.645,63.645
RH-II,2022,7,Mahisagar,Kadana,50.323,63.645
RH-II,2022,7,Mahisagar,Khanpur,50.161,63.645
RH-II,2022,7,Mahisagar,Lunawada,52.065,63.645
RH-II,2022,7,Mahisagar,Santrampur,52.71,63.645
RH-II,2022,7,Mahisagar,Virpur,51.419,63.645
RH-II,2022,8,Anand,Anand,57.323,69.839
RH-II,2022,8,Anand,Anklav,56.677,69.839
RH-II,2022,8,Anand,Borsad,57.323,69.839
RH-II,2022,8,Anand,Khambhat,60.258,69.839
RH-II,2022,8,Anand,Petlad,58.0,69.839
RH-II,2022,8,Anand,Sojitra,57.935,69.839
RH-II,2022,8,Anand,Tarapur,56.903,69.839
RH-II,2022,8,Anand,Umreth,55.903,69.839
RH-II,2022,8,Kheda,Galteshwar,54.935,69.968
RH-II,2022,8,Kheda,Kapadvanj,58.452,69.968
RH-II,2022,8,Kheda,Kathlal,60.645,69.968
RH-II,2022,8,Kheda,Kheda,57.968,69.968
RH-II,2022,8,Kheda,Mahudha,58.129,69.968
RH-II,2022,8,Kheda,Matar,57.839,69.968
RH-II,2022,8,Kheda,Mehmedabad,58.452,69.968
RH-II,2022,8,Kheda,Nadiad,58.581,69.968
RH-II,2022,8,Kheda,Thasra,55.839,69.968
RH-II,2022,8,Kheda,Vaso,58.581,69.968
RH-II,2022,8,Mahisagar,Balasinor,56.935,69.903
RH-II,2022,8,Mahisagar,Kadana,56.129,69.903
RH-II,2022,8,Mahisagar,Khanpur,56.161,69.903
RH-II,2022,8,Mahisagar,Lunawada,58.613,69.903
RH-II,2022,8,Mahisagar,Santrampur,58.452,69.903
RH-II,2022,8,Mahisagar,Virpur,58.194,69.903
RH-II,2022,9,Anand,Anand,48.267,51.267
RH-II,2022,9,Anand,Anklav,48.467,51.267
RH-II,2022,9,Anand,Borsad,48.5,51.267
RH-II,2022,9,Anand,Khambhat,52.367,51.267
RH-II,2022,9,Anand,Petlad,48.367,51.267
RH-II,2022,9,Anand,Sojitra,48.033,51.267
RH-II,2022,9,Anand,Tarapur,46.833,51.267
RH-II,2022,9,Anand,Umreth,47.733,51.267
RH-II,2022,9,Kheda,Galteshwar,47.533,52.3
RH-II,2022,9,Kheda,Kapadvanj,48.333,52.3
RH-II,2022,9,Kheda,Kathlal,49.967,52.3
RH-II,2022,9,Kheda,Kheda,47.733,52.3
RH-II,2022,9,Kheda,Mahudha,48.533,52.3
RH-II,2022,9,Kheda,Matar,47.6,52.3
RH-II,2022,9,Kheda,Mehmedabad,48.133,52.3
RH-II,2022,9,Kheda,Nadiad,48.733,52.3
RH-II,2022,9,Kheda,Thasra,47.967,52.3
RH-II,2022,9,Kheda,Vaso,48.6,52.3
RH-II,2022,9,Mahisagar,Balasinor,47.767,53.333
RH-II,2022,9,Mahisagar,Kadana,46.533,53.333
RH-II,2022,9,Mahisagar,Khanpur,46.4,53.333
RH-II,2022,9,Mahisagar,Lunawada,48.467,53.333
RH-II,2022,9,Mahisagar,Santrampur,48.8,53.333
RH-II,2022,9,Mahisagar,Virpur,47.833,53.333
RH-II,2022,10,Anand,Anand,28.903,29.839
RH-II,2022,10,Anand,Anklav,29.129,29.839
RH-II,2022,10,Anand,Borsad,29.065,29.839
RH-II,2022,10,Anand,Khambhat,36.871,29.839
RH-II,2022,10,Anand,Petlad,29.0,29.839
RH-II,2022,10,Anand,Sojitra,28.645,29.839
RH-II,2022,10,Anand,Tarapur,28.161,29.839
RH-II,2022,10,Anand,Umreth,28.032,29.839
RH-II,2022,10,Kheda,Galteshwar,27.645,27.452
RH-II,2022,10,Kheda,Kapadvanj,25.871,27.452
RH-II,2022,10,Kheda,Kathlal,24.065,27.452
RH-II,2022,10,Kheda,Kheda,28.161,27.452
RH-II,2022,10,Kheda,Mahudha,25.548,27.452
RH-II,2022,10,Kheda,Matar,28.161,27.452
RH-II,2022,10,Kheda,Mehmedabad,27.968,27.452
RH-II,2022,10,Kheda,Nadiad,28.419,27.452
RH-II,2022,10,Kheda,Thasra,27.419,27.452
RH-II,2022,10,Kheda,Vaso,28.645,27.452
RH-II,2022,10,Mahisagar,Balasinor,25.452,24.613
RH-II,2022,10,Mahisagar,Kadana,23.065,24.613
RH-II,2022,10,Mahisagar,Khanpur,22.548,24.613
RH-II,2022,10,Mahisagar,Lunawada,23.839,24.613
RH-II,2022,10,Mahisagar,Santrampur,24.581,24.613
RH-II,2022,10,Mahisagar,Virpur,23.323,24.613
RH-II,2022,11,Anand,Anand,20.567,23.033
RH-II,2022,11,Anand,Anklav,20.4,23.033
RH-II,2022,11,Anand,Borsad,20.433,23.033
RH-II,2022,11,Anand,Khambhat,30.233,23.033
RH-II,2022,11,Anand,Petlad,20.1,23.033
RH-II,2022,11,Anand,Sojitra,19.833,23.033
RH-II,2022,11,Anand,Tarapur,19.5,23.033
RH-II,2022,11,Anand,Umreth,20.133,23.033
RH-II,2022,11,Kheda,Galteshwar,19.633,19.133
RH-II,2022,11,Kheda,Kapadvanj,17.933,19.133
RH-II,2022,11,Kheda,Kathlal,17.333,19.133
RH-II,2022,11,Kheda,Kheda,19.233,19.133
RH-II,2022,11,Kheda,Mahudha,18.1,19.133
RH-II,2022,11,Kheda,Matar,19.2,19.133
RH-II,2022,11,Kheda,Mehmedabad,19.2,19.133
RH-II,2022,11,Kheda,Nadiad,19.933,19.133
RH-II,2022,11,Kheda,Thasra,19.433,19.133
RH-II,2022,11,Kheda,Vaso,19.9,19.133
RH-II,2022,11,Mahisagar,Balasinor,17.767,16.4
RH-II,2022,11,Mahisagar,Kadana,15.933,16.4
RH-II,2022,11,Mahisagar,Khanpur,15.367,16.4
RH-II,2022,11,Mahisagar,Lunawada,15.867,16.4
RH-II,2022,11,Mahisagar,Santrampur,16.767,16.4
RH-II,2022,11,Mahisagar,Virpur,15.5,16.4
RH-II,2022,12,Anand,Anand,22.806,25.903
RH-II,2022,12,Anand,Anklav,22.774,25.903
RH-II,2022,12,Anand,Borsad,22.839,25.903
RH-II,2022,12,Anand,Khambhat,30.548,25.903
RH-II,2022,12,Anand,Petlad,22.742,25.903
RH-II,2022,12,Anand,Sojitra,22.29,25.903
RH-II,2022,12,Anand,Tarapur,21.903,25.903
RH-II,2022,12,Anand,Umreth,22.194,25.903
RH-II,2022,12,Kheda,Galteshwar,21.742,22.161
RH-II,2022,12,Kheda,Kapadvanj,18.548,22.161
RH-II,2022,12,Kheda,Kathlal,16.355,22.161
RH-II,2022,12,Kheda,Kheda,20.935,22.161
RH-II,2022,12,Kheda,Mahudha,18.774,22.161
RH-II,2022,12,Kheda,Matar,21.065,22.161
RH-II,2022,12,Kheda,Mehmedabad,20.871,22.161
RH-II,2022,12,Kheda,Nadiad,22.032,22.161
RH-II,2022,12,Kheda,Thasra,21.452,22.161
RH-II,2022,12,Kheda,Vaso,22.0,22.161
RH-II,2022,12,Mahisagar,Balasinor,19.065,18.452
RH-II,2022,12,Mahisagar,Kadana,17.742,18.452
RH-II,2022,12,Mahisagar,Khanpur,16.548,18.452
RH-II,2022,12,Mahisagar,Lunawada,16.742,18.452
RH-II,2022,12,Mahisagar,Santrampur,18.774,18.452
RH-II,2022,12,Mahisagar,Virpur,15.968,18.452
RH-II,2023,1,Anand,Anand,24.161,26.387
RH-II,2023,1,Anand,Anklav,23.419,26.387
RH-II,2023,1,Anand,Borsad,23.935,26.387
RH-II,2023,1,Anand,Khambhat,33.194,26.387
RH-II,2023,1,Anand,Petlad,24.581,26.387
RH-II,2023,1,Anand,Sojitra,24.806,26.387
RH-II,2023,1,Anand,Tarapur,24.903,26.387
RH-II,2023,1,Anand,Umreth,23.452,26.387
RH-II,2023,1,Kheda,Galteshwar,22.774,22.613
RH-II,2023,1,Kheda,Kapadvanj,20.742,22.613
RH-II,2023,1,Kheda,Kathlal,20.29,22.613
RH-II,2023,1,Kheda,Kheda,24.355,22.613
RH-II,2023,1,Kheda,Mahudha,23.516,22.613
RH-II,2023,1,Kheda,Matar,24.452,22.613
RH-II,2023,1,Kheda,Mehmedabad,22.0,22.613
RH-II,2023,1,Kheda,Nadiad,24.29,22.613
RH-II,2023,1,Kheda,Thasra,22.806,22.613
RH-II,2023,1,Kheda,Vaso,24.677,22.613
RH-II,2023,1,Mahisagar,Balasinor,20.645,18.935
RH-II,2023,1,Mahisagar,Kadana,19.484,18.935
RH-II,2023,1,Mahisagar,Khanpur,18.645,18.935
RH-II,2023,1,Mahisagar,Lunawada,18.452,18.935
RH-II,2023,1,Mahisagar,Santrampur,20.065,18.935
RH-II,2023,1,Mahisagar,Virpur,18.226,18.935
RH-II,2023,2,Anand,Anand,10.607,14.286
RH-II,2023,2,Anand,Anklav,10.321,14.286
RH-II,2023,2,Anand,Borsad,10.679,14.286
RH-II,2023,2,Anand,Khambhat,21.929,14.286
RH-II,2023,2,Anand,Petlad,11.071,14.286
RH-II,2023,2,Anand,Sojitra,11.321,14.286
RH-II,2023,2,Anand,Tarapur,11.643,14.286
RH-II,2023,2,Anand,Umreth,10.714,14.286
RH-II,2023,2,Kheda,Galteshwar,10.464,10.536
RH-II,2023,2,Kheda,Kapadvanj,9.679,10.536
RH-II,2023,2,Kheda,Kathlal,10.25,10.536
RH-II,2023,2,Kheda,Kheda,11.5,10.536
RH-II,2023,2,Kheda,Mahudha,11.429,10.536
RH-II,2023,2,Kheda,Matar,11.5,10.536
RH-II,2023,2,Kheda,Mehmedabad,11.429,10.536
RH-II,2023,2,Kheda,Nadiad,10.893,10.536
RH-II,2023,2,Kheda,Thasra,10.5,10.536
RH-II,2023,2,Kheda,Vaso,11.25,10.536
RH-II,2023,2,Mahisagar,Balasinor,9.429,8.643
RH-II,2023,2,Mahisagar,Kadana,8.536,8.643
RH-II,2023,2,Mahisagar,Khanpur,8.393,8.643
RH-II,2023,2,Mahisagar,Lunawada,8.321,8.643
RH-II,2023,2,Mahisagar,Santrampur,8.821,8.643
RH-II,2023,2,Mahisagar,Virpur,8.25,8.643
RH-II,2023,3,Anand,Anand,13.71,17.065
RH-II,2023,3,Anand,Anklav,13.742,17.065
RH-II,2023,3,Anand,Borsad,13.968,17.065
RH-II,2023,3,Anand,Khambhat,24.581,17.065
RH-II,2023,3,Anand,Petlad,14.097,17.065
RH-II,2023,3,Anand,Sojitra,14.097,17.065
RH-II,2023,3,Anand,Tarapur,14.548,17.065
RH-II,2023,3,Anand,Umreth,13.548,17.065
RH-II,2023,3,Kheda,Galteshwar,13.452,13.387
RH-II,2023,3,Kheda,Kapadvanj,13.065,13.387
RH-II,2023,3,Kheda,Kathlal,12.871,13.387
RH-II,2023,3,Kheda,Kheda,13.903,13.387
RH-II,2023,3,Kheda,Mahudha,13.677,13.387
RH-II,2023,3,Kheda,Matar,13.968,13.387
RH-II,2023,3,Kheda,Mehmedabad,13.806,13.387
RH-II,2023,3,Kheda,Nadiad,13.548,13.387
RH-II,2023,3,Kheda,Thasra,13.484,13.387
RH-II,2023,3,Kheda,Vaso,13.806,13.387
RH-II,2023,3,Mahisagar,Balasinor,12.968,12.226
RH-II,2023,3,Mahisagar,Kadana,11.774,12.226
RH-II,2023,3,Mahisagar,Khanpur,11.742,12.226
RH-II,2023,3,Mahisagar,Lunawada,11.839,12.226
RH-II,2023,3,Mahisagar,Santrampur,12.161,12.226
RH-II,2023,3,Mahisagar,Virpur,12.0,12.226
RH-II,2023,4,Anand,Anand,12.833,16.233
RH-II,2023,4,Anand,Anklav,13.0,16.233
RH-II,2023,4,Anand,Borsad,13.033,16.233
RH-II,2023,4,Anand,Khambhat,23.367,16.233
RH-II,2023,4,Anand,Petlad,13.233,16.233
RH-II,2023,4,Anand,Sojitra,13.133,16.233
RH-II,2023,4,Anand,Tarapur,13.4,16.233
RH-II,2023,4,Anand,Umreth,12.567,16.233
RH-II,2023,4,Kheda,Galteshwar,12.367,12.533
RH-II,2023,4,Kheda,Kapadvanj,12.0,12.533
RH-II,2023,4,Kheda,Kathlal,12.033,12.533
RH-II,2023,4,Kheda,Kheda,12.833,12.533
RH-II,2023,4,Kheda,Mahudha,12.7,12.533
RH-II,2023,4,Kheda,Matar,12.867,12.533
RH-II,2023,4,Kheda,Mehmedabad,12.8,12.533
RH-II,2023,4,Kheda,Nadiad,12.8,12.533
RH-II,2023,4,Kheda,Thasra,12.267,12.533
RH-II,2023,4,Kheda,Vaso,12.9,12.533
RH-II,2023,4,Mahisagar,Balasinor,11.7,11.8
RH-II,2023,4,Mahisagar,Kadana,11.033,11.8
RH-II,2023,4,Mahisagar,Khanpur,11.033,11.8
RH-II,2023,4,Mahisagar,Lunawada,11.267,11.8
RH-II,2023,4,Mahisagar,Santrampur,11.433,11.8
RH-II,2023,4,Mahisagar,Virpur,11.133,11.8
RH-II,2023,5,Anand,Anand,17.0,22.323
RH-II,2023,5,Anand,Anklav,17.516,22.323
RH-II,2023,5,Anand,Borsad,17.452,22.323
RH-II,2023,5,Anand,Khambhat,27.452,22.323
RH-II,2023,5,Anand,Petlad,17.29,22.323
RH-II,2023,5,Anand,Sojitra,17.161,22.323
RH-II,2023,5,Anand,Tarapur,17.452,22.323
RH-II,2023,5,Anand,Umreth,16.968,22.323
RH-II,2023,5,Kheda,Galteshwar,16.839,18.613
RH-II,2023,5,Kheda,Kapadvanj,16.645,18.613
RH-II,2023,5,Kheda,Kathlal,18.0,18.613
RH-II,2023,5,Kheda,Kheda,16.839,18.613
RH-II,2023,5,Kheda,Mahudha,18.161,18.613
RH-II,2023,5,Kheda,Matar,16.806,18.613
RH-II,2023,5,Kheda,Mehmedabad,16.839,18.613
RH-II,2023,5,Kheda,Nadiad,16.774,18.613
RH-II,2023,5,Kheda,Thasra,16.806,18.613
RH-II,2023,5,Kheda,Vaso,16.839,18.613
RH-II,2023,5,Mahisagar,Balasinor,16.387,17.258
RH-II,2023,5,Mahisagar,Kadana,15.935,17.258
RH-II,2023,5,Mahisagar,Khanpur,16.032,17.258
RH-II,2023,5,Mahisagar,Lunawada,16.129,17.258
RH-II,2023,5,Mahisagar,Santrampur,16.323,17.258
RH-II,2023,5,Mahisagar,Virpur,16.258,17.258
RH-II,2023,6,Anand,Anand,34.0,39.2
RH-II,2023,6,Anand,Anklav,35.233,39.2
RH-II,2023,6,Anand,Borsad,35.367,39.2
RH-II,2023,6,Anand,Khambhat,44.933,39.2
RH-II,2023,6,Anand,Petlad,35.233,39.2
RH-II,2023,6,Anand,Sojitra,34.767,39.2
RH-II,2023,6,Anand,Tarapur,35.333,39.2
RH-II,2023,6,Anand,Umreth,31.9,39.2
RH-II,2023,6,Kheda,Galteshwar,30.967,34.2
RH-II,2023,6,Kheda,Kapadvanj,30.767,34.2
RH-II,2023,6,Kheda,Kathlal,33.967,34.2
RH-II,2023,6,Kheda,Kheda,32.4,34.2
RH-II,2023,6,Kheda,Mahudha,32.8,34.2
RH-II,2023,6,Kheda,Matar,32.733,34.2
RH-II,2023,6,Kheda,Mehmedabad,31.867,34.2
RH-II,2023,6,Kheda,Nadiad,32.733,34.2
RH-II,2023,6,Kheda,Thasra,31.1,34.2
RH-II,2023,6,Kheda,Vaso,33.533,34.2
RH-II,2023,6,Mahisagar,Balasinor,30.467,32.967
RH-II,2023,6,Mahisagar,Kadana,30.733,32.967
RH-II,2023,6,Mahisagar,Khanpur,30.833,32.967
RH-II,2023,6,Mahisagar,Lunawada,30.8,32.967
RH-II,2023,6,Mahisagar,Santrampur,31.533,32.967
RH-II,2023,6,Mahisagar,Virpur,30.8,32.967
RH-II,2023,7,Anand,Anand,57.129,61.484
RH-II,2023,7,Anand,Anklav,57.742,61.484
RH-II,2023,7,Anand,Borsad,58.29,61.484
RH-II,2023,7,Anand,Khambhat,62.258,61.484
RH-II,2023,7,Anand,Petlad,58.484,61.484
RH-II,2023,7,Anand,Sojitra,58.032,61.484
RH-II,2023,7,Anand,Tarapur,57.548,61.484
RH-II,2023,7,Anand,Umreth,54.935,61.484
RH-II,2023,7,Kheda,Galteshwar,53.968,58.806
RH-II,2023,7,Kheda,Kapadvanj,54.839,58.806
RH-II,2023,7,Kheda,Kathlal,53.548,58.806
RH-II,2023,7,Kheda,Kheda,55.742,58.806
RH-II,2023,7,Kheda,Mahudha,51.903,58.806
RH-II,2023,7,Kheda,Matar,56.0,58.806
RH-II,2023,7,Kheda,Mehmedabad,55.258,58.806
RH-II,2023,7,Kheda,Nadiad,57.065,58.806
RH-II,2023,7,Kheda,Thasra,54.581,58.806
RH-II,2023,7,Kheda,Vaso,57.677,58.806
RH-II,2023,7,Mahisagar,Balasinor,55.129,59.516
RH-II,2023,7,Mahisagar,Kadana,54.355,59.516
RH-II,2023,7,Mahisagar,Khanpur,53.742,59.516
RH-II,2023,7,Mahisagar,Lunawada,55.645,59.516
RH-II,2023,7,Mahisagar,Santrampur,56.903,59.516
RH-II,2023,7,Mahisagar,Virpur,54.806,59.516
RH-II,2023,8,Anand,Anand,55.871,56.903
RH-II,2023,8,Anand,Anklav,55.839,56.903
RH-II,2023,8,Anand,Borsad,56.161,56.903
RH-II,2023,8,Anand,Khambhat,59.226,56.903
RH-II,2023,8,Anand,Petlad,55.968,56.903
RH-II,2023,8,Anand,Sojitra,55.419,56.903
RH-II,2023,8,Anand,Tarapur,54.516,56.903
RH-II,2023,8,Anand,Umreth,55.29,56.903
RH-II,2023,8,Kheda,Galteshwar,53.871,57.742
RH-II,2023,8,Kheda,Kapadvanj,58.677,57.742
RH-II,2023,8,Kheda,Kathlal,62.742,57.742
RH-II,2023,8,Kheda,Kheda,55.194,57.742
RH-II,2023,8,Kheda,Mahudha,58.0,57.742
RH-II,2023,8,Kheda,Matar,54.516,57.742
RH-II,2023,8,Kheda,Mehmedabad,56.161,57.742
RH-II,2023,8,Kheda,Nadiad,56.677,57.742
RH-II,2023,8,Kheda,Thasra,55.387,57.742
RH-II,2023,8,Kheda,Vaso,55.839,57.742
RH-II,2023,8,Mahisagar,Balasinor,56.258,57.645
RH-II,2023,8,Mahisagar,Kadana,55.258,57.645
RH-II,2023,8,Mahisagar,Khanpur,55.29,57.645
RH-II,2023,8,Mahisagar,Lunawada,56.516,57.645
RH-II,2023,8,Mahisagar,Santrampur,56.581,57.645
RH-II,2023,8,Mahisagar,Virpur,56.839,57.645
RH-II,2023,9,Anand,Anand,50.9,49.767
RH-II,2023,9,Anand,Anklav,50.833,49.767
RH-II,2023,9,Anand,Borsad,50.667,49.767
RH-II,2023,9,Anand,Khambhat,53.7,49.767
RH-II,2023,9,Anand,Petlad,50.267,49.767
RH-II,2023,9,Anand,Sojitra,50.0,49.767
RH-II,2023,9,Anand,Tarapur,48.5,49.767
RH-II,2023,9,Anand,Umreth,51.1,49.767
RH-II,2023,9,Kheda,Galteshwar,51.733,50.833
RH-II,2023,9,Kheda,Kapadvanj,52.8,50.833
RH-II,2023,9,Kheda,Kathlal,53.867,50.833
RH-II,2023,9,Kheda,Kheda,50.4,50.833
RH-II,2023,9,Kheda,Mahudha,53.133,50.833
RH-II,2023,9,Kheda,Matar,50.167,50.833
RH-II,2023,9,Kheda,Mehmedabad,50.967,50.833
RH-II,2023,9,Kheda,Nadiad,51.333,50.833
RH-II,2023,9,Kheda,Thasra,52.067,50.833
RH-II,2023,9,Kheda,Vaso,50.8,50.833
RH-II,2023,9,Mahisagar,Balasinor,53.2,52.633
RH-II,2023,9,Mahisagar,Kadana,53.8,52.633
RH-II,2023,9,Mahisagar,Khanpur,53.467,52.633
RH-II,2023,9,Mahisagar,Lunawada,55.233,52.633
RH-II,2023,9,Mahisagar,Santrampur,55.867,52.633
RH-II,2023,9,Mahisagar,Virpur,54.333,52.633
RH-II,2023,10,Anand,Anand,28.742,32.065
RH-II,2023,10,Anand,Anklav,28.355,32.065
RH-II,2023,10,Anand,Borsad,28.677,32.065
RH-II,2023,10,Anand,Khambhat,38.29,32.065
RH-II,2023,10,Anand,Petlad,28.903,32.065
RH-II,2023,10,Anand,Sojitra,28.742,32.065
RH-II,2023,10,Anand,Tarapur,28.065,32.065
RH-II,2023,10,Anand,Umreth,28.484,32.065
RH-II,2023,10,Kheda,Galteshwar,28.581,29.419
RH-II,2023,10,Kheda,Kapadvanj,28.129,29.419
RH-II,2023,10,Kheda,Kathlal,28.645,29.419
RH-II,2023,10,Kheda,Kheda,28.419,29.419
RH-II,2023,10,Kheda,Mahudha,29.355,29.419
RH-II,2023,10,Kheda,Matar,28.387,29.419
RH-II,2023,10,Kheda,Mehmedabad,28.774,29.419
RH-II,2023,10,Kheda,Nadiad,29.0,29.419
RH-II,2023,10,Kheda,Thasra,28.613,29.419
RH-II,2023,10,Kheda,Vaso,28.903,29.419
RH-II,2023,10,Mahisagar,Balasinor,27.581,27.258
RH-II,2023,10,Mahisagar,Kadana,25.161,27.258
RH-II,2023,10,Mahisagar,Khanpur,25.516,27.258
RH-II,2023,10,Mahisagar,Lunawada,26.452,27.258
RH-II,2023,10,Mahisagar,Santrampur,26.065,27.258
RH-II,2023,10,Mahisagar,Virpur,26.581,27.258
RH-II,2023,11,Anand,Anand,24.533,27.467
RH-II,2023,11,Anand,Anklav,24.033,27.467
RH-II,2023,11,Anand,Borsad,24.3,27.467
RH-II,2023,11,Anand,Khambhat,34.233,27.467
RH-II,2023,11,Anand,Petlad,24.333,27.467
RH-II,2023,11,Anand,Sojitra,24.333,27.467
RH-II,2023,11,Anand,Tarapur,24.067,27.467
RH-II,2023,11,Anand,Umreth,24.4,27.467
RH-II,2023,11,Kheda,Galteshwar,23.667,24.4
RH-II,2023,11,Kheda,Kapadvanj,22.933,24.4
RH-II,2023,11,Kheda,Kathlal,22.2,24.4
RH-II,2023,11,Kheda,Kheda,24.133,24.4
RH-II,2023,11,Kheda,Mahudha,23.667,24.4
RH-II,2023,11,Kheda,Matar,24.133,24.4
RH-II,2023,11,Kheda,Mehmedabad,24.2,24.4
RH-II,2023,11,Kheda,Nadiad,24.3,24.4
RH-II,2023,11,Kheda,Thasra,23.7,24.4
RH-II,2023,11,Kheda,Vaso,24.3,24.4
RH-II,2023,11,Mahisagar,Balasinor,23.267,22.3
RH-II,2023,11,Mahisagar,Kadana,20.733,22.3
RH-II,2023,11,Mahisagar,Khanpur,20.767,22.3
RH-II,2023,11,Mahisagar,Lunawada,21.2,22.3
RH-II,2023,11,Mahisagar,Santrampur,21.367,22.3
RH-II,2023,11,Mahisagar,Virpur,21.367,22.3
RH-II,2023,12,Anand,Anand,28.516,33.452
RH-II,2023,12,Anand,Anklav,28.29,33.452
RH-II,2023,12,Anand,Borsad,28.419,33.452
RH-II,2023,12,Anand,Khambhat,36.581,33.452
RH-II,2023,12,Anand,Petlad,28.548,33.452
RH-II,2023,12,Anand,Sojitra,28.452,33.452
RH-II,2023,12,Anand,Tarapur,28.29,33.452
RH-II,2023,12,Anand,Umreth,27.742,33.452
RH-II,2023,12,Kheda,Galteshwar,27.71,30.0
RH-II,2023,12,Kheda,Kapadvanj,26.258,30.0
RH-II,2023,12,Kheda,Kathlal,23.581,30.0
RH-II,2023,12,Kheda,Kheda,27.355,30.0
RH-II,2023,12,Kheda,Mahudha,25.677,30.0
RH-II,2023,12,Kheda,Matar,27.355,30.0
RH-II,2023,12,Kheda,Mehmedabad,27.29,30.0
RH-II,2023,12,Kheda,Nadiad,28.355,30.0
RH-II,2023,12,Kheda,Thasra,27.613,30.0
RH-II,2023,12,Kheda,Vaso,28.387,30.0
RH-II,2023,12,Mahisagar,Balasinor,25.935,27.387
RH-II,2023,12,Mahisagar,Kadana,25.258,27.387
RH-II,2023,12,Mahisagar,Khanpur,24.484,27.387
RH-II,2023,12,Mahisagar,Lunawada,24.71,27.387
RH-II,2023,12,Mahisagar,Santrampur,26.323,27.387
RH-II,2023,12,Mahisagar,Virpur,24.613,27.387
Wind,2021,1,Anand,Anand,10.806,12.21
Wind,2021,1,Anand,Anklav,10.935,12.21
Wind,2021,1,Anand,Borsad,11.0,12.21
Wind,2021,1,Anand,Khambhat,13.839,12.21
Wind,2021,1,Anand,Petlad,11.387,12.21
Wind,2021,1,Anand,Sojitra,11.484,12.21
Wind,2021,1,Anand,Tarapur,12.129,12.21
Wind,2021,1,Anand,Umreth,10.71,12.21
Wind,2021,1,Kheda,Galteshwar,11.581,10.932
Wind,2021,1,Kheda,Kapadvanj,11.581,10.932
Wind,2021,1,Kheda,Kathlal,11.581,10.932
Wind,2021,1,Kheda,Kheda,11.581,10.932
Wind,2021,1,Kheda,Mahudha,11.581,10.932
Wind,2021,1,Kheda,Matar,11.581,10.932
Wind,2021,1,Kheda,Mehmedabad,11.581,10.932
Wind,2021,1,Kheda,Nadiad,11.581,10.932
Wind,2021,1,Kheda,Thasra,11.581,10.932
Wind,2021,1,Kheda,Vaso,11.581,10.932
Wind,2021,1,Mahisagar,Balasinor,11.581,11.835
Wind,2021,1,Mahisagar,Kadana,11.581,11.835
Wind,2021,1,Mahisagar,Khanpur,11.581,11.835
Wind,2021,1,Mahisagar,Lunawada,11.581,11.835
Wind,2021,1,Mahisagar,Santrampur,11.581,11.835
Wind,2021,1,Mahisagar,Virpur,11.581,11.835
Wind,2021,2,Anand,Anand,10.464,11.368
Wind,2021,2,Anand,Anklav,10.571,11.368
Wind,2021,2,Anand,Borsad,10.536,11.368
Wind,2021,2,Anand,Khambhat,11.5,11.368
Wind,2021,2,Anand,Petlad,10.643,11.368
Wind,2021,2,Anand,Sojitra,10.821,11.368
Wind,2021,2,Anand,Tarapur,11.036,11.368
Wind,2021,2,Anand,Umreth,10.179,11.368
Wind,2021,2,Kheda,Galteshwar,10.714,11.539
Wind,2021,2,Kheda,Kapadvanj,10.893,11.539
Wind,2021,2,Kheda,Kathlal,10.786,11.539
Wind,2021,2,Kheda,Kheda,10.821,11.539
Wind,2021,2,Kheda,Mahudha,10.929,11.539
Wind,2021,2,Kheda,Matar,10.857,11.539
Wind,2021,2,Kheda,Mehmedabad,10.821,11.539
Wind,2021,2,Kheda,Nadiad,10.75,11.539
Wind,2021,2,Kheda,Thasra,10.714,11.539
Wind,2021,2,Kheda,Vaso,10.786,11.539
Wind,2021,2,Mahisagar,Balasinor,10.857,12.971
Wind,2021,2,Mahisagar,Kadana,10.929,12.971
Wind,2021,2,Mahisagar,Khanpur,10.929,12.971
Wind,2021,2,Mahisagar,Lunawada,10.857,12.971
Wind,2021,2,Mahisagar,Santrampur,10.929,12.971
Wind,2021,2,Mahisagar,Virpur,10.964,12.971
Wind,2021,3,Anand,Anand,10.548,11.694
Wind,2021,3,Anand,Anklav,11.194,11.694
Wind,2021,3,Anand,Borsad,11.129,11.694
Wind,2021,3,Anand,Khambhat,12.194,11.694
Wind,2021,3,Anand,Petlad,11.129,11.694
Wind,2021,3,Anand,Sojitra,11.29,11.694
Wind,2021,3,Anand,Tarapur,11.613,11.694
Wind,2021,3,Anand,Umreth,10.129,11.694
Wind,2021,3,Kheda,Galteshwar,9.839,11.777
Wind,2021,3,Kheda,Kapadvanj,11.742,11.777
Wind,2021,3,Kheda,Kathlal,10.581,11.777
Wind,2021,3,Kheda,Kheda,11.323,11.777
Wind,2021,3,Kheda,Mahudha,12.065,11.777
Wind,2021,3,Kheda,Matar,11.226,11.777
Wind,2021,3,Kheda,Mehmedabad,11.226,11.777
Wind,2021,3,Kheda,Nadiad,10.903,11.777
Wind,2021,3,Kheda,Thasra,10.032,11.777
Wind,2021,3,Kheda,Vaso,11.065,11.777
Wind,2021,3,Mahisagar,Balasinor,10.71,12.103
Wind,2021,3,Mahisagar,Kadana,10.806,12.103
Wind,2021,3,Mahisagar,Khanpur,11.387,12.103
Wind,2021,3,Mahisagar,Lunawada,10.903,12.103
Wind,2021,3,Mahisagar,Santrampur,10.613,12.103
Wind,2021,3,Mahisagar,Virpur,11.903,12.103
Wind,2021,4,Anand,Anand,12.3,13.38
Wind,2021,4,Anand,Anklav,12.7,13.38
Wind,2021,4,Anand,Borsad,12.733,13.38
Wind,2021,4,Anand,Khambhat,14.433,13.38
Wind,2021,4,Anand,Petlad,12.7,13.38
Wind,2021,4,Anand,Sojitra,12.733,13.38
Wind,2021,4,Anand,Tarapur,13.2,13.38
Wind,2021,4,Anand,Umreth,12.633,13.38
Wind,2021,4,Kheda,Galteshwar,12.833,13.0
Wind,2021,4,Kheda,Kapadvanj,13.667,13.0
Wind,2021,4,Kheda,Kathlal,11.867,13.0
Wind,2021,4,Kheda,Kheda,12.833,13.0
Wind,2021,4,Kheda,Mahudha,13.267,13.0
Wind,2021,4,Kheda,Matar,12.767,13.0
Wind,2021,4,Kheda,Mehmedabad,12.833,13.0
Wind,2021,4,Kheda,Nadiad,12.6,13.0
Wind,2021,4,Kheda,Thasra,12.9,13.0
Wind,2021,4,Kheda,Vaso,12.733,13.0
Wind,2021,4,Mahisagar,Balasinor,13.4,13.497
Wind,2021,4,Mahisagar,Kadana,13.5,13.497
Wind,2021,4,Mahisagar,Khanpur,13.8,13.497
Wind,2021,4,Mahisagar,Lunawada,13.4,13.497
Wind,2021,4,Mahisagar,Santrampur,13.567,13.497
Wind,2021,4,Mahisagar,Virpur,14.033,13.497
Wind,2021,5,Anand,Anand,15.742,18.416
Wind,2021,5,Anand,Anklav,16.484,18.416
Wind,2021,5,Anand,Borsad,16.355,18.416
Wind,2021,5,Anand,Khambhat,18.645,18.416
Wind,2021,5,Anand,Petlad,16.161,18.416
Wind,2021,5,Anand,Sojitra,16.032,18.416
Wind,2021,5,Anand,Tarapur,16.548,18.416
Wind,2021,5,Anand,Umreth,16.097,18.416
Wind,2021,5,Kheda,Galteshwar,16.677,17.239
Wind,2021,5,Kheda,Kapadvanj,16.065,17.239
Wind,2021,5,Kheda,Kathlal,14.355,17.239
Wind,2021,5,Kheda,Kheda,15.161,17.239
Wind,2021,5,Kheda,Mahudha,14.742,17.239
Wind,2021,5,Kheda,Matar,15.29,17.239
Wind,2021,5,Kheda,Mehmedabad,14.903,17.239
Wind,2021,5,Kheda,Nadiad,15.258,17.239
Wind,2021,5,Kheda,Thasra,16.516,17.239
Wind,2021,5,Kheda,Vaso,15.484,17.239
Wind,2021,5,Mahisagar,Balasinor,17.0,18.655
Wind,2021,5,Mahisagar,Kadana,18.0,18.655
Wind,2021,5,Mahisagar,Khanpur,17.452,18.655
Wind,2021,5,Mahisagar,Lunawada,17.0,18.655
Wind,2021,5,Mahisagar,Santrampur,18.129,18.655
Wind,2021,5,Mahisagar,Virpur,17.032,18.655
Wind,2021,6,Anand,Anand,19.8,22.04
Wind,2021,6,Anand,Anklav,20.467,22.04
Wind,2021,6,Anand,Borsad,20.267,22.04
Wind,2021,6,Anand,Khambhat,22.633,22.04
Wind,2021,6,Anand,Petlad,20.1,22.04
Wind,2021,6,Anand,Sojitra,19.667,22.04
Wind,2021,6,Anand,Tarapur,20.3,22.04
Wind,2021,6,Anand,Umreth,20.6,22.04
Wind,2021,6,Kheda,Galteshwar,21.933,20.89
Wind,2021,6,Kheda,Kapadvanj,19.8,20.89
Wind,2021,6,Kheda,Kathlal,18.733,20.89
Wind,2021,6,Kheda,Kheda,18.867,20.89
Wind,2021,6,Kheda,Mahudha,18.167,20.89
Wind,2021,6,Kheda,Matar,18.9,20.89
Wind,2021,6,Kheda,Mehmedabad,18.533,20.89
Wind,2021,6,Kheda,Nadiad,19.133,20.89
Wind,2021,6,Kheda,Thasra,21.6,20.89
Wind,2021,6,Kheda,Vaso,19.333,20.89
Wind,2021,6,Mahisagar,Balasinor,21.167,22.243
Wind,2021,6,Mahisagar,Kadana,22.0,22.243
Wind,2021,6,Mahisagar,Khanpur,21.067,22.243
Wind,2021,6,Mahisagar,Lunawada,20.7,22.243
Wind,2021,6,Mahisagar,Santrampur,22.0,22.243
Wind,2021,6,Mahisagar,Virpur,20.533,22.243
Wind,2021,7,Anand,Anand,20.548,22.197
Wind,2021,7,Anand,Anklav,20.806,22.197
Wind,2021,7,Anand,Borsad,20.871,22.197
Wind,2021,7,Anand,Khambhat,24.194,22.197
Wind,2021,7,Anand,Petlad,20.871,22.197
Wind,2021,7,Anand,Sojitra,20.806,22.197
Wind,2021,7,Anand,Tarapur,21.839,22.197
Wind,2021,7,Anand,Umreth,21.419,22.197
Wind,2021,7,Kheda,Galteshwar,22.387,20.913
Wind,2021,7,Kheda,Kapadvanj,20.419,20.913
Wind,2021,7,Kheda,Kathlal,18.29,20.913
Wind,2021,7,Kheda,Kheda,19.968,20.913
Wind,2021,7,Kheda,Mahudha,19.29,20.913
Wind,2021,7,Kheda,Matar,20.161,20.913
Wind,2021,7,Kheda,Mehmedabad,19.677,20.913
Wind,2021,7,Kheda,Nadiad,19.935,20.913
Wind,2021,7,Kheda,Thasra,21.774,20.913
Wind,2021,7,Kheda,Vaso,20.226,20.913
Wind,2021,7,Mahisagar,Balasinor,21.806,21.387
Wind,2021,7,Mahisagar,Kadana,21.387,21.387
Wind,2021,7,Mahisagar,Khanpur,20.839,21.387
Wind,2021,7,Mahisagar,Lunawada,20.355,21.387
Wind,2021,7,Mahisagar,Santrampur,21.323,21.387
Wind,2021,7,Mahisagar,Virpur,20.581,21.387
Wind,2021,8,Anand,Anand,16.677,18.203
Wind,2021,8,Anand,Anklav,16.968,18.203
Wind,2021,8,Anand,Borsad,16.871,18.203
Wind,2021,8,Anand,Khambhat,19.645,18.203
Wind,2021,8,Anand,Petlad,16.548,18.203
Wind,2021,8,Anand,Sojitra,16.258,18.203
Wind,2021,8,Anand,Tarapur,17.065,18.203
Wind,2021,8,Anand,Umreth,17.774,18.203
Wind,2021,8,Kheda,Galteshwar,18.581,16.932
Wind,2021,8,Kheda,Kapadvanj,16.323,16.932
Wind,2021,8,Kheda,Kathlal,12.742,16.932
Wind,2021,8,Kheda,Kheda,15.194,16.932
Wind,2021,8,Kheda,Mahudha,14.129,16.932
Wind,2021,8,Kheda,Matar,15.323,16.932
Wind,2021,8,Kheda,Mehmedabad,14.968,16.932
Wind,2021,8,Kheda,Nadiad,15.71,16.932
Wind,2021,8,Kheda,Thasra,18.097,16.932
Wind,2021,8,Kheda,Vaso,15.71,16.932
Wind,2021,8,Mahisagar,Balasinor,18.032,17.8
Wind,2021,8,Mahisagar,Kadana,18.226,17.8
Wind,2021,8,Mahisagar,Khanpur,17.677,17.8
Wind,2021,8,Mahisagar,Lunawada,16.871,17.8
Wind,2021,8,Mahisagar,Santrampur,18.258,17.8
Wind,2021,8,Mahisagar,Virpur,16.935,17.8
Wind,2021,9,Anand,Anand,14.467,15.98
Wind,2021,9,Anand,Anklav,14.933,15.98
Wind,2021,9,Anand,Borsad,14.8,15.98
Wind,2021,9,Anand,Khambhat,17.733,15.98
Wind,2021,9,Anand,Petlad,14.467,15.98
Wind,2021,9,Anand,Sojitra,14.267,15.98
Wind,2021,9,Anand,Tarapur,14.933,15.98
Wind,2021,9,Anand,Umreth,15.333,15.98
Wind,2021,9,Kheda,Galteshwar,15.733,14.583
Wind,2021,9,Kheda,Kapadvanj,14.167,14.583
Wind,2021,9,Kheda,Kathlal,11.267,14.583
Wind,2021,9,Kheda,Kheda,13.5,14.583
Wind,2021,9,Kheda,Mahudha,13.167,14.583
Wind,2021,9,Kheda,Matar,13.633,14.583
Wind,2021,9,Kheda,Mehmedabad,13.3,14.583
Wind,2021,9,Kheda,Nadiad,13.733,14.583
Wind,2021,9,Kheda,Thasra,15.333,14.583
Wind,2021,9,Kheda,Vaso,13.8,14.583
Wind,2021,9,Mahisagar,Balasinor,14.8,14.553
Wind,2021,9,Mahisagar,Kadana,15.1,14.553
Wind,2021,9,Mahisagar,Khanpur,14.333,14.553
Wind,2021,9,Mahisagar,Lunawada,13.7,14.553
Wind,2021,9,Mahisagar,Santrampur,15.5,14.553
Wind,2021,9,Mahisagar,Virpur,13.733,14.553
Wind,2021,10,Anand,Anand,8.452,9.081
Wind,2021,10,Anand,Anklav,8.355,9.081
Wind,2021,10,Anand,Borsad,8.29,9.081
Wind,2021,10,Anand,Khambhat,10.355,9.081
Wind,2021,10,Anand,Petlad,8.613,9.081
Wind,2021,10,Anand,Sojitra,8.645,9.081
Wind,2021,10,Anand,Tarapur,9.097,9.081
Wind,2021,10,Anand,Umreth,8.194,9.081
Wind,2021,10,Kheda,Galteshwar,7.968,8.01
Wind,2021,10,Kheda,Kapadvanj,7.871,8.01
Wind,2021,10,Kheda,Kathlal,7.065,8.01
Wind,2021,10,Kheda,Kheda,8.323,8.01
Wind,2021,10,Kheda,Mahudha,7.71,8.01
Wind,2021,10,Kheda,Matar,8.484,8.01
Wind,2021,10,Kheda,Mehmedabad,8.032,8.01
Wind,2021,10,Kheda,Nadiad,8.032,8.01
Wind,2021,10,Kheda,Thasra,7.774,8.01
Wind,2021,10,Kheda,Vaso,8.032,8.01
Wind,2021,10,Mahisagar,Balasinor,7.548,7.871
Wind,2021,10,Mahisagar,Kadana,8.419,7.871
Wind,2021,10,Mahisagar,Khanpur,8.516,7.871
Wind,2021,10,Mahisagar,Lunawada,8.0,7.871
Wind,2021,10,Mahisagar,Santrampur,8.387,7.871
Wind,2021,10,Mahisagar,Virpur,8.323,7.871
Wind,2021,11,Anand,Anand,11.767,12.613
Wind,2021,11,Anand,Anklav,11.567,12.613
Wind,2021,11,Anand,Borsad,11.567,12.613
Wind,2021,11,Anand,Khambhat,13.033,12.613
Wind,2021,11,Anand,Petlad,11.7,12.613
Wind,2021,11,Anand,Sojitra,11.967,12.613
Wind,2021,11,Anand,Tarapur,12.367,12.613
Wind,2021,11,Anand,Umreth,12.2,12.613
Wind,2021,11,Kheda,Galteshwar,12.133,12.52
Wind,2021,11,Kheda,Kapadvanj,12.333,12.52
Wind,2021,11,Kheda,Kathlal,9.467,12.52
Wind,2021,11,Kheda,Kheda,12.3,12.52
Wind,2021,11,Kheda,Mahudha,10.733,12.52
Wind,2021,11,Kheda,Matar,12.1,12.52
Wind,2021,11,Kheda,Mehmedabad,12.1,12.52
Wind,2021,11,Kheda,Nadiad,11.867,12.52
Wind,2021,11,Kheda,Thasra,11.833,12.52
Wind,2021,11,Kheda,Vaso,11.933,12.52
Wind,2021,11,Mahisagar,Balasinor,11.833,12.347
Wind,2021,11,Mahisagar,Kadana,11.467,12.347
Wind,2021,11,Mahisagar,Khanpur,12.1,12.347
Wind,2021,11,Mahisagar,Lunawada,11.7,12.347
Wind,2021,11,Mahisagar,Santrampur,11.333,12.347
Wind,2021,11,Mahisagar,Virpur,12.1,12.347
Wind,2021,12,Anand,Anand,11.839,13.116
Wind,2021,12,Anand,Anklav,11.806,13.116
Wind,2021,12,Anand,Borsad,11.774,13.116
Wind,2021,12,Anand,Khambhat,13.613,13.116
Wind,2021,12,Anand,Petlad,11.935,13.116
Wind,2021,12,Anand,Sojitra,12.161,13.116
Wind,2021,12,Anand,Tarapur,12.613,13.116
Wind,2021,12,Anand,Umreth,12.258,13.116
Wind,2021,12,Kheda,Galteshwar,11.484,12.519
Wind,2021,12,Kheda,Kapadvanj,13.0,12.519
Wind,2021,12,Kheda,Kathlal,10.387,12.519
Wind,2021,12,Kheda,Kheda,12.516,12.519
Wind,2021,12,Kheda,Mahudha,11.419,12.519
Wind,2021,12,Kheda,Matar,12.516,12.519
Wind,2021,12,Kheda,Mehmedabad,12.355,12.519
Wind,2021,12,Kheda,Nadiad,12.129,12.519
Wind,2021,12,Kheda,Thasra,11.774,12.519
Wind,2021,12,Kheda,Vaso,12.226,12.519
Wind,2021,12,Mahisagar,Balasinor,12.129,13.003
Wind,2021,12,Mahisagar,Kadana,12.097,13.003
Wind,2021,12,Mahisagar,Khanpur,13.065,13.003
Wind,2021,12,Mahisagar,Lunawada,12.29,13.003
Wind,2021,12,Mahisagar,Santrampur,11.613,13.003
Wind,2021,12,Mahisagar,Virpur,13.484,13.003
Wind,2022,1,Anand,Anand,11.387,12.355
Wind,2022,1,Anand,Anklav,11.645,12.355
Wind,2022,1,Anand,Borsad,11.645,12.355
Wind,2022,1,Anand,Khambhat,13.839,12.355
Wind,2022,1,Anand,Petlad,11.613,12.355
Wind,2022,1,Anand,Sojitra,11.613,12.355
Wind,2022,1,Anand,Tarapur,12.0,12.355
Wind,2022,1,Anand,Umreth,11.323,12.355
Wind,2022,1,Kheda,Galteshwar,11.129,11.677
Wind,2022,1,Kheda,Kapadvanj,12.29,11.677
Wind,2022,1,Kheda,Kathlal,9.419,11.677
Wind,2022,1,Kheda,Kheda,11.419,11.677
Wind,2022,1,Kheda,Mahudha,10.484,11.677
Wind,2022,1,Kheda,Matar,11.419,11.677
Wind,2022,1,Kheda,Mehmedabad,11.355,11.677
Wind,2022,1,Kheda,Nadiad,11.323,11.677
Wind,2022,1,Kheda,Thasra,11.065,11.677
Wind,2022,1,Kheda,Vaso,11.419,11.677
Wind,2022,1,Mahisagar,Balasinor,11.839,12.642
Wind,2022,1,Mahisagar,Kadana,12.065,12.642
Wind,2022,1,Mahisagar,Khanpur,12.581,12.642
Wind,2022,1,Mahisagar,Lunawada,12.097,12.642
Wind,2022,1,Mahisagar,Santrampur,11.645,12.642
Wind,2022,1,Mahisagar,Virpur,12.935,12.642
Wind,2022,2,Anand,Anand,9.321,10.436
Wind,2022,2,Anand,Anklav,9.5,10.436
Wind,2022,2,Anand,Borsad,9.643,10.436
Wind,2022,2,Anand,Khambhat,10.929,10.436
Wind,2022,2,Anand,Petlad,9.786,10.436
Wind,2022,2,Anand,Sojitra,9.964,10.436
Wind,2022,2,Anand,Tarapur,10.393,10.436
Wind,2022,2,Anand,Umreth,9.214,10.436
Wind,2022,2,Kheda,Galteshwar,8.857,10.161
Wind,2022,2,Kheda,Kapadvanj,10.714,10.161
Wind,2022,2,Kheda,Kathlal,9.25,10.161
Wind,2022,2,Kheda,Kheda,9.786,10.161
Wind,2022,2,Kheda,Mahudha,9.929,10.161
Wind,2022,2,Kheda,Matar,9.75,10.161
Wind,2022,2,Kheda,Mehmedabad,9.786,10.161
Wind,2022,2,Kheda,Nadiad,9.357,10.161
Wind,2022,2,Kheda,Thasra,9.0,10.161
Wind,2022,2,Kheda,Vaso,9.536,10.161
Wind,2022,2,Mahisagar,Balasinor,10.179,11.018
Wind,2022,2,Mahisagar,Kadana,10.5,11.018
Wind,2022,2,Mahisagar,Khanpur,11.357,11.018
Wind,2022,2,Mahisagar,Lunawada,10.75,11.018
Wind,2022,2,Mahisagar,Santrampur,10.179,11.018
Wind,2022,2,Mahisagar,Virpur,11.714,11.018
Wind,2022,3,Anand,Anand,12.548,14.077
Wind,2022,3,Anand,Anklav,13.258,14.077
Wind,2022,3,Anand,Borsad,13.032,14.077
Wind,2022,3,Anand,Khambhat,14.194,14.077
Wind,2022,3,Anand,Petlad,13.194,14.077
Wind,2022,3,Anand,Sojitra,13.226,14.077
Wind,2022,3,Anand,Tarapur,13.694,14.077
Wind,2022,3,Anand,Umreth,11.968,14.077
Wind,2022,3,Kheda,Galteshwar,11.581,13.197
Wind,2022,3,Kheda,Kapadvanj,13.839,13.197
Wind,2022,3,Kheda,Kathlal,11.419,13.197
Wind,2022,3,Kheda,Kheda,13.581,13.197
Wind,2022,3,Kheda,Mahudha,13.194,13.197
Wind,2022,3,Kheda,Matar,13.581,13.197
Wind,2022,3,Kheda,Mehmedabad,13.484,13.197
Wind,2022,3,Kheda,Nadiad,12.71,13.197
Wind,2022,3,Kheda,Thasra,11.871,13.197
Wind,2022,3,Kheda,Vaso,13.129,13.197
Wind,2022,3,Mahisagar,Balasinor,12.532,12.894
Wind,2022,3,Mahisagar,Kadana,11.935,12.894
Wind,2022,3,Mahisagar,Khanpur,12.887,12.894
Wind,2022,3,Mahisagar,Lunawada,12.403,12.894
Wind,2022,3,Mahisagar,Santrampur,11.71,12.894
Wind,2022,3,Mahisagar,Virpur,13.484,12.894
Wind,2022,4,Anand,Anand,13.067,15.16
Wind,2022,4,Anand,Anklav,13.3,15.16
Wind,2022,4,Anand,Borsad,13.2,15.16
Wind,2022,4,Anand,Khambhat,14.967,15.16
Wind,2022,4,Anand,Petlad,13.467,15.16
Wind,2022,4,Anand,Sojitra,13.8,15.16
Wind,2022,4,Anand,Tarapur,14.267,15.16
Wind,2022,4,Anand,Umreth,13.167,15.16
Wind,2022,4,Kheda,Galteshwar,13.433,14.963
Wind,2022,4,Kheda,Kapadvanj,14.967,14.963
Wind,2022,4,Kheda,Kathlal,12.967,14.963
Wind,2022,4,Kheda,Kheda,14.067,14.963
Wind,2022,4,Kheda,Mahudha,14.667,14.963
Wind,2022,4,Kheda,Matar,14.067,14.963
Wind,2022,4,Kheda,Mehmedabad,14.3,14.963
Wind,2022,4,Kheda,Nadiad,13.3,14.963
Wind,2022,4,Kheda,Thasra,13.6,14.963
Wind,2022,4,Kheda,Vaso,13.633,14.963
Wind,2022,4,Mahisagar,Balasinor,14.3,16.273
Wind,2022,4,Mahisagar,Kadana,15.067,16.273
Wind,2022,4,Mahisagar,Khanpur,15.4,16.273
Wind,2022,4,Mahisagar,Lunawada,14.633,16.273
Wind,2022,4,Mahisagar,Santrampur,14.933,16.273
Wind,2022,4,Mahisagar,Virpur,15.6,16.273
Wind,2022,5,Anand,Anand,17.113,19.132
Wind,2022,5,Anand,Anklav,17.887,19.132
Wind,2022,5,Anand,Borsad,17.387,19.132
Wind,2022,5,Anand,Khambhat,19.855,19.132
Wind,2022,5,Anand,Petlad,17.323,19.132
Wind,2022,5,Anand,Sojitra,17.355,19.132
Wind,2022,5,Anand,Tarapur,18.226,19.132
Wind,2022,5,Anand,Umreth,18.145,19.132
Wind,2022,5,Kheda,Galteshwar,19.081,19.606
Wind,2022,5,Kheda,Kapadvanj,18.823,19.606
Wind,2022,5,Kheda,Kathlal,17.919,19.606
Wind,2022,5,Kheda,Kheda,17.323,19.606
Wind,2022,5,Kheda,Mahudha,18.419,19.606
Wind,2022,5,Kheda,Matar,17.323,19.606
Wind,2022,5,Kheda,Mehmedabad,17.435,19.606
Wind,2022,5,Kheda,Nadiad,16.952,19.606
Wind,2022,5,Kheda,Thasra,18.984,19.606
Wind,2022,5,Kheda,Vaso,17.048,19.606
Wind,2022,5,Mahisagar,Balasinor,20.081,22.439
Wind,2022,5,Mahisagar,Kadana,21.548,22.439
Wind,2022,5,Mahisagar,Khanpur,21.742,22.439
Wind,2022,5,Mahisagar,Lunawada,20.694,22.439
Wind,2022,5,Mahisagar,Santrampur,21.452,22.439
Wind,2022,5,Mahisagar,Virpur,21.161,22.439
Wind,2022,6,Anand,Anand,19.51,21.39
Wind,2022,6,Anand,Anklav,19.8,21.39
Wind,2022,6,Anand,Borsad,19.757,21.39
Wind,2022,6,Anand,Khambhat,22.023,21.39
Wind,2022,6,Anand,Petlad,19.677,21.39
Wind,2022,6,Anand,Sojitra,19.7,21.39
Wind,2022,6,Anand,Tarapur,20.11,21.39
Wind,2022,6,Anand,Umreth,20.523,21.39
Wind,2022,6,Kheda,Galteshwar,21.257,20.823
Wind,2022,6,Kheda,Kapadvanj,19.933,20.823
Wind,2022,6,Kheda,Kathlal,17.443,20.823
Wind,2022,6,Kheda,Kheda,18.79,20.823
Wind,2022,6,Kheda,Mahudha,17.767,20.823
Wind,2022,6,Kheda,Matar,18.933,20.823
Wind,2022,6,Kheda,Mehmedabad,18.79,20.823
Wind,2022,6,Kheda,Nadiad,19.257,20.823
Wind,2022,6,Kheda,Thasra,21.01,20.823
Wind,2022,6,Kheda,Vaso,19.123,20.823
Wind,2022,6,Mahisagar,Balasinor,21.467,22.233
Wind,2022,6,Mahisagar,Kadana,21.69,22.233
Wind,2022,6,Mahisagar,Khanpur,21.333,22.233
Wind,2022,6,Mahisagar,Lunawada,20.7,22.233
Wind,2022,6,Mahisagar,Santrampur,21.667,22.233
Wind,2022,6,Mahisagar,Virpur,20.867,22.233
Wind,2022,7,Anand,Anand,17.732,20.403
Wind,2022,7,Anand,Anklav,17.935,20.403
Wind,2022,7,Anand,Borsad,17.848,20.403
Wind,2022,7,Anand,Khambhat,20.784,20.403
Wind,2022,7,Anand,Petlad,17.635,20.403
Wind,2022,7,Anand,Sojitra,17.484,20.403
Wind,2022,7,Anand,Tarapur,18.281,20.403
Wind,2022,7,Anand,Umreth,18.977,20.403
Wind,2022,7,Kheda,Galteshwar,19.123,18.368
Wind,2022,7,Kheda,Kapadvanj,17.113,18.368
Wind,2022,7,Kheda,Kathlal,15.797,18.368
Wind,2022,7,Kheda,Kheda,16.123,18.368
Wind,2022,7,Kheda,Mahudha,16.177,18.368
Wind,2022,7,Kheda,Matar,16.274,18.368
Wind,2022,7,Kheda,Mehmedabad,16.171,18.368
Wind,2022,7,Kheda,Nadiad,16.606,18.368
Wind,2022,7,Kheda,Thasra,18.603,18.368
Wind,2022,7,Kheda,Vaso,16.397,18.368
Wind,2022,7,Mahisagar,Balasinor,17.823,18.774
Wind,2022,7,Mahisagar,Kadana,18.3,18.774
Wind,2022,7,Mahisagar,Khanpur,17.952,18.774
Wind,2022,7,Mahisagar,Lunawada,16.613,18.774
Wind,2022,7,Mahisagar,Santrampur,18.145,18.774
Wind,2022,7,Mahisagar,Virpur,17.016,18.774
Wind,2022,8,Anand,Anand,15.645,17.342
Wind,2022,8,Anand,Anklav,16.161,17.342
Wind,2022,8,Anand,Borsad,16.032,17.342
Wind,2022,8,Anand,Khambhat,19.484,17.342
Wind,2022,8,Anand,Petlad,15.903,17.342
Wind,2022,8,Anand,Sojitra,15.742,17.342
Wind,2022,8,Anand,Tarapur,16.774,17.342
Wind,2022,8,Anand,Umreth,16.484,17.342
Wind,2022,8,Kheda,Galteshwar,16.919,15.574
Wind,2022,8,Kheda,Kapadvanj,15.016,15.574
Wind,2022,8,Kheda,Kathlal,13.016,15.574
Wind,2022,8,Kheda,Kheda,14.71,15.574
Wind,2022,8,Kheda,Mahudha,14.274,15.574
Wind,2022,8,Kheda,Matar,14.839,15.574
Wind,2022,8,Kheda,Mehmedabad,14.339,15.574
Wind,2022,8,Kheda,Nadiad,14.823,15.574
Wind,2022,8,Kheda,Thasra,16.435,15.574
Wind,2022,8,Kheda,Vaso,15.016,15.574
Wind,2022,8,Mahisagar,Balasinor,15.952,15.532
Wind,2022,8,Mahisagar,Kadana,17.129,15.532
Wind,2022,8,Mahisagar,Khanpur,16.419,15.532
Wind,2022,8,Mahisagar,Lunawada,15.097,15.532
Wind,2022,8,Mahisagar,Santrampur,17.032,15.532
Wind,2022,8,Mahisagar,Virpur,15.242,15.532
Wind,2022,9,Anand,Anand,11.433,12.697
Wind,2022,9,Anand,Anklav,11.8,12.697
Wind,2022,9,Anand,Borsad,11.6,12.697
Wind,2022,9,Anand,Khambhat,14.467,12.697
Wind,2022,9,Anand,Petlad,11.567,12.697
Wind,2022,9,Anand,Sojitra,11.6,12.697
Wind,2022,9,Anand,Tarapur,12.467,12.697
Wind,2022,9,Anand,Umreth,12.167,12.697
Wind,2022,9,Kheda,Galteshwar,12.533,11.443
Wind,2022,9,Kheda,Kapadvanj,11.733,11.443
Wind,2022,9,Kheda,Kathlal,10.333,11.443
Wind,2022,9,Kheda,Kheda,11.3,11.443
Wind,2022,9,Kheda,Mahudha,11.7,11.443
Wind,2022,9,Kheda,Matar,11.333,11.443
Wind,2022,9,Kheda,Mehmedabad,11.0,11.443
Wind,2022,9,Kheda,Nadiad,11.033,11.443
Wind,2022,9,Kheda,Thasra,12.333,11.443
Wind,2022,9,Kheda,Vaso,11.233,11.443
Wind,2022,9,Mahisagar,Balasinor,12.4,12.357
Wind,2022,9,Mahisagar,Kadana,13.2,12.357
Wind,2022,9,Mahisagar,Khanpur,13.033,12.357
Wind,2022,9,Mahisagar,Lunawada,12.0,12.357
Wind,2022,9,Mahisagar,Santrampur,13.133,12.357
Wind,2022,9,Mahisagar,Virpur,12.467,12.357
Wind,2022,10,Anand,Anand,8.945,10.171
Wind,2022,10,Anand,Anklav,9.171,10.171
Wind,2022,10,Anand,Borsad,9.01,10.171
Wind,2022,10,Anand,Khambhat,10.235,10.171
Wind,2022,10,Anand,Petlad,9.171,10.171
Wind,2022,10,Anand,Sojitra,9.294,10.171
Wind,2022,10,Anand,Tarapur,9.774,10.171
Wind,2022,10,Anand,Umreth,8.787,10.171
Wind,2022,10,Kheda,Galteshwar,8.632,9.31
Wind,2022,10,Kheda,Kapadvanj,9.903,9.31
Wind,2022,10,Kheda,Kathlal,8.213,9.31
Wind,2022,10,Kheda,Kheda,9.613,9.31
Wind,2022,10,Kheda,Mahudha,9.019,9.31
Wind,2022,10,Kheda,Matar,9.613,9.31
Wind,2022,10,Kheda,Mehmedabad,9.548,9.31
Wind,2022,10,Kheda,Nadiad,9.1,9.31
Wind,2022,10,Kheda,Thasra,8.697,9.31
Wind,2022,10,Kheda,Vaso,9.326,9.31
Wind,2022,10,Mahisagar,Balasinor,8.729,9.287
Wind,2022,10,Mahisagar,Kadana,9.235,9.287
Wind,2022,10,Mahisagar,Khanpur,9.4,9.287
Wind,2022,10,Mahisagar,Lunawada,9.013,9.287
Wind,2022,10,Mahisagar,Santrampur,9.106,9.287
Wind,2022,10,Mahisagar,Virpur,9.368,9.287
Wind,2022,11,Anand,Anand,8.29,8.9
Wind,2022,11,Anand,Anklav,8.523,8.9
Wind,2022,11,Anand,Borsad,8.49,8.9
Wind,2022,11,Anand,Khambhat,9.623,8.9
Wind,2022,11,Anand,Petlad,8.723,8.9
Wind,2022,11,Anand,Sojitra,8.83,8.9
Wind,2022,11,Anand,Tarapur,9.067,8.9
Wind,2022,11,Anand,Umreth,8.353,8.9
Wind,2022,11,Kheda,Galteshwar,8.28,8.5
Wind,2022,11,Kheda,Kapadvanj,8.867,8.5
Wind,2022,11,Kheda,Kathlal,7.18,8.5
Wind,2022,11,Kheda,Kheda,8.8,8.5
Wind,2022,11,Kheda,Mahudha,7.88,8.5
Wind,2022,11,Kheda,Matar,8.8,8.5
Wind,2022,11,Kheda,Mehmedabad,8.567,8.5
Wind,2022,11,Kheda,Nadiad,8.43,8.5
Wind,2022,11,Kheda,Thasra,8.247,8.5
Wind,2022,11,Kheda,Vaso,8.73,8.5
Wind,2022,11,Mahisagar,Balasinor,8.547,9.217
Wind,2022,11,Mahisagar,Kadana,8.49,9.217
Wind,2022,11,Mahisagar,Khanpur,9.12,9.217
Wind,2022,11,Mahisagar,Lunawada,8.853,9.217
Wind,2022,11,Mahisagar,Santrampur,8.59,9.217
Wind,2022,11,Mahisagar,Virpur,9.587,9.217
Wind,2022,12,Anand,Anand,12.226,13.194
Wind,2022,12,Anand,Anklav,12.0,13.194
Wind,2022,12,Anand,Borsad,12.065,13.194
Wind,2022,12,Anand,Khambhat,14.0,13.194
Wind,2022,12,Anand,Petlad,12.355,13.194
Wind,2022,12,Anand,Sojitra,12.548,13.194
Wind,2022,12,Anand,Tarapur,12.935,13.194
Wind,2022,12,Anand,Umreth,12.258,13.194
Wind,2022,12,Kheda,Galteshwar,11.677,12.69
Wind,2022,12,Kheda,Kapadvanj,13.194,12.69
Wind,2022,12,Kheda,Kathlal,9.71,12.69
Wind,2022,12,Kheda,Kheda,12.613,12.69
Wind,2022,12,Kheda,Mahudha,10.935,12.69
Wind,2022,12,Kheda,Matar,12.645,12.69
Wind,2022,12,Kheda,Mehmedabad,12.452,12.69
Wind,2022,12,Kheda,Nadiad,12.355,12.69
Wind,2022,12,Kheda,Thasra,12.129,12.69
Wind,2022,12,Kheda,Vaso,12.419,12.69
Wind,2022,12,Mahisagar,Balasinor,12.516,13.439
Wind,2022,12,Mahisagar,Kadana,12.774,13.439
Wind,2022,12,Mahisagar,Khanpur,13.677,13.439
Wind,2022,12,Mahisagar,Lunawada,13.0,13.439
Wind,2022,12,Mahisagar,Santrampur,12.29,13.439
Wind,2022,12,Mahisagar,Virpur,14.097,13.439
Wind,2023,1,Anand,Anand,12.742,14.3
Wind,2023,1,Anand,Anklav,12.935,14.3
Wind,2023,1,Anand,Borsad,12.774,14.3
Wind,2023,1,Anand,Khambhat,14.968,14.3
Wind,2023,1,Anand,Petlad,12.871,14.3
Wind,2023,1,Anand,Sojitra,13.226,14.3
Wind,2023,1,Anand,Tarapur,13.548,14.3
Wind,2023,1,Anand,Umreth,12.968,14.3
Wind,2023,1,Kheda,Galteshwar,12.548,13.426
Wind,2023,1,Kheda,Kapadvanj,14.0,13.426
Wind,2023,1,Kheda,Kathlal,10.484,13.426
Wind,2023,1,Kheda,Kheda,13.065,13.426
Wind,2023,1,Kheda,Mahudha,11.452,13.426
Wind,2023,1,Kheda,Matar,13.129,13.426
Wind,2023,1,Kheda,Mehmedabad,13.194,13.426
Wind,2023,1,Kheda,Nadiad,12.935,13.426
Wind,2023,1,Kheda,Thasra,12.903,13.426
Wind,2023,1,Kheda,Vaso,12.903,13.426
Wind,2023,1,Mahisagar,Balasinor,13.645,14.506
Wind,2023,1,Mahisagar,Kadana,13.935,14.506
Wind,2023,1,Mahisagar,Khanpur,15.129,14.506
Wind,2023,1,Mahisagar,Lunawada,14.226,14.506
Wind,2023,1,Mahisagar,Santrampur,13.258,14.506
Wind,2023,1,Mahisagar,Virpur,15.355,14.506
Wind,2023,2,Anand,Anand,10.536,11.793
Wind,2023,2,Anand,Anklav,10.964,11.793
Wind,2023,2,Anand,Borsad,11.0,11.793
Wind,2023,2,Anand,Khambhat,12.143,11.793
Wind,2023,2,Anand,Petlad,11.0,11.793
Wind,2023,2,Anand,Sojitra,11.107,11.793
Wind,2023,2,Anand,Tarapur,11.464,11.793
Wind,2023,2,Anand,Umreth,10.143,11.793
Wind,2023,2,Kheda,Galteshwar,9.786,11.0
Wind,2023,2,Kheda,Kapadvanj,11.286,11.0
Wind,2023,2,Kheda,Kathlal,8.679,11.0
Wind,2023,2,Kheda,Kheda,10.929,11.0
Wind,2023,2,Kheda,Mahudha,9.964,11.0
Wind,2023,2,Kheda,Matar,10.964,11.0
Wind,2023,2,Kheda,Mehmedabad,10.75,11.0
Wind,2023,2,Kheda,Nadiad,10.643,11.0
Wind,2023,2,Kheda,Thasra,9.893,11.0
Wind,2023,2,Kheda,Vaso,10.821,11.0
Wind,2023,2,Mahisagar,Balasinor,10.393,11.589
Wind,2023,2,Mahisagar,Kadana,10.679,11.589
Wind,2023,2,Mahisagar,Khanpur,11.464,11.589
Wind,2023,2,Mahisagar,Lunawada,10.893,11.589
Wind,2023,2,Mahisagar,Santrampur,10.571,11.589
Wind,2023,2,Mahisagar,Virpur,11.643,11.589
Wind,2023,3,Anand,Anand,10.226,11.042
Wind,2023,3,Anand,Anklav,10.935,11.042
Wind,2023,3,Anand,Borsad,11.032,11.042
Wind,2023,3,Anand,Khambhat,12.677,11.042
Wind,2023,3,Anand,Petlad,11.065,11.042
Wind,2023,3,Anand,Sojitra,11.129,11.042
Wind,2023,3,Anand,Tarapur,11.71,11.042
Wind,2023,3,Anand,Umreth,9.968,11.042
Wind,2023,3,Kheda,Galteshwar,9.903,10.339
Wind,2023,3,Kheda,Kapadvanj,10.839,10.339
Wind,2023,3,Kheda,Kathlal,10.194,10.339
Wind,2023,3,Kheda,Kheda,10.774,10.339
Wind,2023,3,Kheda,Mahudha,11.161,10.339
Wind,2023,3,Kheda,Matar,10.806,10.339
Wind,2023,3,Kheda,Mehmedabad,10.677,10.339
Wind,2023,3,Kheda,Nadiad,10.387,10.339
Wind,2023,3,Kheda,Thasra,10.0,10.339
Wind,2023,3,Kheda,Vaso,10.742,10.339
Wind,2023,3,Mahisagar,Balasinor,10.419,11.129
Wind,2023,3,Mahisagar,Kadana,10.935,11.129
Wind,2023,3,Mahisagar,Khanpur,11.161,11.129
Wind,2023,3,Mahisagar,Lunawada,10.742,11.129
Wind,2023,3,Mahisagar,Santrampur,10.806,11.129
Wind,2023,3,Mahisagar,Virpur,11.032,11.129
Wind,2023,4,Anand,Anand,12.1,13.593
Wind,2023,4,Anand,Anklav,12.467,13.593
Wind,2023,4,Anand,Borsad,12.467,13.593
Wind,2023,4,Anand,Khambhat,14.067,13.593
Wind,2023,4,Anand,Petlad,12.5,13.593
Wind,2023,4,Anand,Sojitra,12.9,13.593
Wind,2023,4,Anand,Tarapur,13.433,13.593
Wind,2023,4,Anand,Umreth,12.2,13.593
Wind,2023,4,Kheda,Galteshwar,12.433,13.21
Wind,2023,4,Kheda,Kapadvanj,13.867,13.21
Wind,2023,4,Kheda,Kathlal,12.433,13.21
Wind,2023,4,Kheda,Kheda,13.167,13.21
Wind,2023,4,Kheda,Mahudha,13.633,13.21
Wind,2023,4,Kheda,Matar,13.267,13.21
Wind,2023,4,Kheda,Mehmedabad,13.167,13.21
Wind,2023,4,Kheda,Nadiad,12.433,13.21
Wind,2023,4,Kheda,Thasra,12.633,13.21
Wind,2023,4,Kheda,Vaso,12.7,13.21
Wind,2023,4,Mahisagar,Balasinor,13.367,13.997
Wind,2023,4,Mahisagar,Kadana,13.667,13.997
Wind,2023,4,Mahisagar,Khanpur,13.933,13.997
Wind,2023,4,Mahisagar,Lunawada,13.267,13.997
Wind,2023,4,Mahisagar,Santrampur,13.467,13.997
Wind,2023,4,Mahisagar,Virpur,14.033,13.997
Wind,2023,5,Anand,Anand,15.226,17.839
Wind,2023,5,Anand,Anklav,15.935,17.839
Wind,2023,5,Anand,Borsad,15.774,17.839
Wind,2023,5,Anand,Khambhat,18.29,17.839
Wind,2023,5,Anand,Petlad,15.774,17.839
Wind,2023,5,Anand,Sojitra,16.097,17.839
Wind,2023,5,Anand,Tarapur,16.968,17.839
Wind,2023,5,Anand,Umreth,15.774,17.839
Wind,2023,5,Kheda,Galteshwar,16.677,17.161
Wind,2023,5,Kheda,Kapadvanj,17.129,17.161
Wind,2023,5,Kheda,Kathlal,16.903,17.161
Wind,2023,5,Kheda,Kheda,16.0,17.161
Wind,2023,5,Kheda,Mahudha,16.935,17.161
Wind,2023,5,Kheda,Matar,16.161,17.161
Wind,2023,5,Kheda,Mehmedabad,15.742,17.161
Wind,2023,5,Kheda,Nadiad,15.161,17.161
Wind,2023,5,Kheda,Thasra,16.452,17.161
Wind,2023,5,Kheda,Vaso,15.677,17.161
Wind,2023,5,Mahisagar,Balasinor,17.581,19.548
Wind,2023,5,Mahisagar,Kadana,18.742,19.548
Wind,2023,5,Mahisagar,Khanpur,18.871,19.548
Wind,2023,5,Mahisagar,Lunawada,18.226,19.548
Wind,2023,5,Mahisagar,Santrampur,18.935,19.548
Wind,2023,5,Mahisagar,Virpur,18.548,19.548
Wind,2023,6,Anand,Anand,22.633,23.5
Wind,2023,6,Anand,Anklav,23.0,23.5
Wind,2023,6,Anand,Borsad,22.967,23.5
Wind,2023,6,Anand,Khambhat,25.2,23.5
Wind,2023,6,Anand,Petlad,22.8,23.5
Wind,2023,6,Anand,Sojitra,22.833,23.5
Wind,2023,6,Anand,Tarapur,23.533,23.5
Wind,2023,6,Anand,Umreth,23.5,23.5
Wind,2023,6,Kheda,Galteshwar,24.133,22.9
Wind,2023,6,Kheda,Kapadvanj,22.6,22.9
Wind,2023,6,Kheda,Kathlal,20.633,22.9
Wind,2023,6,Kheda,Kheda,22.2,22.9
Wind,2023,6,Kheda,Mahudha,20.833,22.9
Wind,2023,6,Kheda,Matar,22.4,22.9
Wind,2023,6,Kheda,Mehmedabad,21.9,22.9
Wind,2023,6,Kheda,Nadiad,22.167,22.9
Wind,2023,6,Kheda,Thasra,23.7,22.9
Wind,2023,6,Kheda,Vaso,22.433,22.9
Wind,2023,6,Mahisagar,Balasinor,23.833,23.7
Wind,2023,6,Mahisagar,Kadana,23.433,23.7
Wind,2023,6,Mahisagar,Khanpur,23.033,23.7
Wind,2023,6,Mahisagar,Lunawada,22.533,23.7
Wind,2023,6,Mahisagar,Santrampur,23.433,23.7
Wind,2023,6,Mahisagar,Virpur,22.733,23.7
Wind,2023,7,Anand,Anand,17.032,19.452
Wind,2023,7,Anand,Anklav,17.161,19.452
Wind,2023,7,Anand,Borsad,17.065,19.452
Wind,2023,7,Anand,Khambhat,20.065,19.452
Wind,2023,7,Anand,Petlad,16.935,19.452
Wind,2023,7,Anand,Sojitra,16.935,19.452
Wind,2023,7,Anand,Tarapur,17.645,19.452
Wind,2023,7,Anand,Umreth,18.516,19.452
Wind,2023,7,Kheda,Galteshwar,19.194,18.387
Wind,2023,7,Kheda,Kapadvanj,17.419,18.387
Wind,2023,7,Kheda,Kathlal,15.742,18.387
Wind,2023,7,Kheda,Kheda,16.387,18.387
Wind,2023,7,Kheda,Mahudha,16.323,18.387
Wind,2023,7,Kheda,Matar,16.613,18.387
Wind,2023,7,Kheda,Mehmedabad,16.484,18.387
Wind,2023,7,Kheda,Nadiad,16.581,18.387
Wind,2023,7,Kheda,Thasra,18.935,18.387
Wind,2023,7,Kheda,Vaso,16.419,18.387
Wind,2023,7,Mahisagar,Balasinor,18.613,19.032
Wind,2023,7,Mahisagar,Kadana,19.226,19.032
Wind,2023,7,Mahisagar,Khanpur,18.581,19.032
Wind,2023,7,Mahisagar,Lunawada,17.613,19.032
Wind,2023,7,Mahisagar,Santrampur,19.161,19.032
Wind,2023,7,Mahisagar,Virpur,17.677,19.032
Wind,2023,8,Anand,Anand,21.194,21.016
Wind,2023,8,Anand,Anklav,21.323,21.016
Wind,2023,8,Anand,Borsad,21.29,21.016
Wind,2023,8,Anand,Khambhat,24.903,21.016
Wind,2023,8,Anand,Petlad,21.29,21.016
Wind,2023,8,Anand,Sojitra,21.258,21.016
Wind,2023,8,Anand,Tarapur,22.29,21.016
Wind,2023,8,Anand,Umreth,23.29,21.016
Wind,2023,8,Kheda,Galteshwar,24.0,19.597
Wind,2023,8,Kheda,Kapadvanj,20.645,19.597
Wind,2023,8,Kheda,Kathlal,15.452,19.597
Wind,2023,8,Kheda,Kheda,20.161,19.597
Wind,2023,8,Kheda,Mahudha,17.097,19.597
Wind,2023,8,Kheda,Matar,20.323,19.597
Wind,2023,8,Kheda,Mehmedabad,19.677,19.597
Wind,2023,8,Kheda,Nadiad,20.258,19.597
Wind,2023,8,Kheda,Thasra,23.258,19.597
Wind,2023,8,Kheda,Vaso,20.677,19.597
Wind,2023,8,Mahisagar,Balasinor,22.839,20.629
Wind,2023,8,Mahisagar,Kadana,23.548,20.629
Wind,2023,8,Mahisagar,Khanpur,22.581,20.629
Wind,2023,8,Mahisagar,Lunawada,21.355,20.629
Wind,2023,8,Mahisagar,Santrampur,23.258,20.629
Wind,2023,8,Mahisagar,Virpur,21.097,20.629
Wind,2023,9,Anand,Anand,12.9,14.267
Wind,2023,9,Anand,Anklav,13.7,14.267
Wind,2023,9,Anand,Borsad,13.4,14.267
Wind,2023,9,Anand,Khambhat,15.733,14.267
Wind,2023,9,Anand,Petlad,13.067,14.267
Wind,2023,9,Anand,Sojitra,12.867,14.267
Wind,2023,9,Anand,Tarapur,13.7,14.267
Wind,2023,9,Anand,Umreth,13.3,14.267
Wind,2023,9,Kheda,Galteshwar,13.867,12.767
Wind,2023,9,Kheda,Kapadvanj,13.067,12.767
Wind,2023,9,Kheda,Kathlal,11.133,12.767
Wind,2023,9,Kheda,Kheda,12.4,12.767
Wind,2023,9,Kheda,Mahudha,12.5,12.767
Wind,2023,9,Kheda,Matar,12.567,12.767
Wind,2023,9,Kheda,Mehmedabad,12.3,12.767
Wind,2023,9,Kheda,Nadiad,12.4,12.767
Wind,2023,9,Kheda,Thasra,13.633,12.767
Wind,2023,9,Kheda,Vaso,12.367,12.767
Wind,2023,9,Mahisagar,Balasinor,13.233,12.9
Wind,2023,9,Mahisagar,Kadana,13.933,12.9
Wind,2023,9,Mahisagar,Khanpur,13.6,12.9
Wind,2023,9,Mahisagar,Lunawada,12.833,12.9
Wind,2023,9,Mahisagar,Santrampur,14.133,12.9
Wind,2023,9,Mahisagar,Virpur,13.3,12.9
Wind,2023,10,Anand,Anand,6.419,7.29
Wind,2023,10,Anand,Anklav,6.903,7.29
Wind,2023,10,Anand,Borsad,6.71,7.29
Wind,2023,10,Anand,Khambhat,7.71,7.29
Wind,2023,10,Anand,Petlad,6.613,7.29
Wind,2023,10,Anand,Sojitra,6.677,7.29
Wind,2023,10,Anand,Tarapur,7.194,7.29
Wind,2023,10,Anand,Umreth,6.677,7.29
Wind,2023,10,Kheda,Galteshwar,6.71,6.935
Wind,2023,10,Kheda,Kapadvanj,7.129,6.935
Wind,2023,10,Kheda,Kathlal,6.774,6.935
Wind,2023,10,Kheda,Kheda,6.903,6.935
Wind,2023,10,Kheda,Mahudha,7.516,6.935
Wind,2023,10,Kheda,Matar,6.903,6.935
Wind,2023,10,Kheda,Mehmedabad,6.645,6.935
Wind,2023,10,Kheda,Nadiad,6.484,6.935
Wind,2023,10,Kheda,Thasra,6.71,6.935
Wind,2023,10,Kheda,Vaso,6.613,6.935
Wind,2023,10,Mahisagar,Balasinor,6.871,7.548
Wind,2023,10,Mahisagar,Kadana,7.871,7.548
Wind,2023,10,Mahisagar,Khanpur,7.839,7.548
Wind,2023,10,Mahisagar,Lunawada,7.226,7.548
Wind,2023,10,Mahisagar,Santrampur,7.742,7.548
Wind,2023,10,Mahisagar,Virpur,7.548,7.548
Wind,2023,11,Anand,Anand,9.3,10.267
Wind,2023,11,Anand,Anklav,9.6,10.267
Wind,2023,11,Anand,Borsad,9.533,10.267
Wind,2023,11,Anand,Khambhat,10.233,10.267
Wind,2023,11,Anand,Petlad,9.5,10.267
Wind,2023,11,Anand,Sojitra,9.633,10.267
Wind,2023,11,Anand,Tarapur,9.7,10.267
Wind,2023,11,Anand,Umreth,9.467,10.267
Wind,2023,11,Kheda,Galteshwar,9.417,10.067
Wind,2023,11,Kheda,Kapadvanj,10.417,10.067
Wind,2023,11,Kheda,Kathlal,9.1,10.067
Wind,2023,11,Kheda,Kheda,9.917,10.067
Wind,2023,11,Kheda,Mahudha,9.9,10.067
Wind,2023,11,Kheda,Matar,9.95,10.067
Wind,2023,11,Kheda,Mehmedabad,9.917,10.067
Wind,2023,11,Kheda,Nadiad,9.75,10.067
Wind,2023,11,Kheda,Thasra,9.483,10.067
Wind,2023,11,Kheda,Vaso,9.783,10.067
Wind,2023,11,Mahisagar,Balasinor,8.8,10.233
Wind,2023,11,Mahisagar,Kadana,8.733,10.233
Wind,2023,11,Mahisagar,Khanpur,9.367,10.233
Wind,2023,11,Mahisagar,Lunawada,8.733,10.233
Wind,2023,11,Mahisagar,Santrampur,8.733,10.233
Wind,2023,11,Mahisagar,Virpur,9.667,10.233
Wind,2023,12,Anand,Anand,10.484,11.129
Wind,2023,12,Anand,Anklav,10.452,11.129
Wind,2023,12,Anand,Borsad,10.516,11.129
Wind,2023,12,Anand,Khambhat,11.839,11.129
Wind,2023,12,Anand,Petlad,10.548,11.129
Wind,2023,12,Anand,Sojitra,10.581,11.129
Wind,2023,12,Anand,Tarapur,10.742,11.129
Wind,2023,12,Anand,Umreth,9.903,11.129
Wind,2023,12,Kheda,Galteshwar,9.194,11.645
Wind,2023,12,Kheda,Kapadvanj,10.935,11.645
Wind,2023,12,Kheda,Kathlal,9.129,11.645
Wind,2023,12,Kheda,Kheda,10.548,11.645
Wind,2023,12,Kheda,Mahudha,10.065,11.645
Wind,2023,12,Kheda,Matar,10.516,11.645
Wind,2023,12,Kheda,Mehmedabad,10.645,11.645
Wind,2023,12,Kheda,Nadiad,10.516,11.645
Wind,2023,12,Kheda,Thasra,9.903,11.645
Wind,2023,12,Kheda,Vaso,10.548,11.645
Wind,2023,12,Mahisagar,Balasinor,10.097,12.452
Wind,2023,12,Mahisagar,Kadana,10.71,12.452
Wind,2023,12,Mahisagar,Khanpur,11.129,12.452
Wind,2023,12,Mahisagar,Lunawada,10.226,12.452
Wind,2023,12,Mahisagar,Santrampur,10.613,12.452
Wind,2023,12,Mahisagar,Virpur,11.258,12.452
