{
"type": "FeatureCollection",
"name": "blocks",
"crs": { "type": "name", "properties": { "name": "urn:ogc:def:crs:OGC::CRS84" } },
"xy_coordinate_resolution": 0.0001,
"features": [
{ "type": "Feature", "properties": { "block": "Khambhat", "district": "Anand" }, "geometry": { "type": "Polygon", "coordinates": [ [ [ 72.4549, 22.4791 ], [ 72.4625, 22.4482 ], [ 72.4729, 22.4467 ], [ 72.4803, 22.4436 ], [ 72.4854, 22.4429 ], [ 72.4843, 22.4385 ], [ 72.488, 22.4278 ], [ 72.492, 22.4212 ], [ 72.4997, 22.4135 ], [ 72.5085, 22.4193 ], [ 72.5248, 22.4166 ], [ 72.5369, 22.4188 ], [ 72.5469, 22.4183 ], [ 72.5569, 22.4197 ], [ 72.559, 22.4197 ], [ 72.5596, 22.4172 ], [ 72.5622, 22.4159 ], [ 72.5635, 22.4134 ], [ 72.5776, 22.4179 ], [ 72.58, 22.4171 ], [ 72.6008, 22.4242 ], [ 72.6227, 22.4222 ], [ 72.6243, 22.4186 ], [ 72.6288, 22.4221 ], [ 72.6291, 22.4192 ], [ 72.64, 22.4126 ], [ 72.6457, 22.4143 ], [ 72.6569, 22.4214 ], [ 72.6637, 22.4148 ], [ 72.6691, 22.4156 ], [ 72.6709, 22.4184 ], [ 72.673, 22.4169 ], [ 72.6776, 22.4162 ], [ 72.6752, 22.4107 ], [ 72.6786, 22.4074 ], [ 72.6911, 22.4169 ], [ 72.6953, 22.4181 ], [ 72.7032, 22.4127 ], [ 72.7075, 22.4051 ], [ 72.706, 22.4045 ], [ 72.7056, 22.4008 ], [ 72.7084, 22.4002 ], [ 72.7109, 22.4059 ], [ 72.7129, 22.408 ], [ 72.7121, 22.4098 ], [ 72.7165, 22.4145 ], [ 72.7166, 22.4176 ], [ 72.7208, 22.4206 ], [ 72.7224, 22.4247 ], [ 72.7279, 22.4231 ], [ 72.7316, 22.4189 ], [ 72.7326, 22.4192 ], [ 72.7335, 22.417 ], [ 72.7408, 22.4212 ], [ 72.7402, 22.424 ], [ 72.7424, 22.4251 ], [ 72.7439, 22.4222 ], [ 72.7437, 22.4148 ], [ 72.7478, 22.4146 ], [ 72.7504, 22.4156 ], [ 72.753, 22.4094 ], [ 72.7549, 22.4083 ], [ 72.7602, 22.3951 ], [ 72.7564, 22.3879 ], [ 72.7608, 22.3828 ], [ 72.7628, 22.3704 ], [ 72.7536, 22.3661 ], [ 72.7538, 22.3596 ], [ 72.7595, 22.3583 ], [ 72.7645, 22.3598 ], [ 72.767, 22.3591 ], [ 72.7723, 22.3436 ], [ 72.7655, 22.3424 ], [ 72.7662, 22.3371 ], [ 72.7641, 22.335 ], [ 72.7639, 22.3272 ], [ 72.7598, 22.3227 ], [ 72.7596, 22.3207 ], [ 72.7596, 22.3177 ], [ 72.7638, 22.3128 ], [ 72.7639, 22.3099 ], [ 72.7601, 22.3084 ], [ 72.7568, 22.3012 ], [ 72.7576, 22.2989 ], [ 72.7563, 22.2956 ], [ 72.7522, 22.2951 ], [ 72.7538, 22.2909 ], [ 72.7488, 22.2872 ], [ 72.7491, 22.284 ], [ 72.7475, 22.2785 ], [ 72.7557, 22.2755 ], [ 72.7585, 22.277 ], [ 72.7674, 22.2765 ], [ 72.7663, 22.2812 ], [ 72.7753, 22.2807 ], [ 72.7783, 22.275 ], [ 72.7797, 22.2751 ], [ 72.7797, 22.2731 ], [ 72.7812, 22.2708 ], [ 72.7847, 22.2677 ], [ 72.7861, 22.2641 ], [ 72.7852, 22.2597 ], [ 72.7879, 22.2549 ], [ 72.7913, 22.252 ], [ 72.8027, 22.2523 ], [ 72.8025, 22.2506 ], [ 72.7978, 22.2447 ], [ 72.7899, 22.2379 ], [ 72.7752, 22.2292 ], [ 72.762, 22.2252 ], [ 72.7474, 22.2231 ], [ 72.7401, 22.2203 ], [ 72.7127, 22.2091 ], [ 72.7083, 22.2067 ], [ 72.7029, 22.2014 ], [ 72.699, 22.1999 ], [ 72.6952, 22.2008 ], [ 72.662, 22.2233 ], [ 72.6342, 22.2321 ], [ 72.6242, 22.2339 ], [ 72.5758, 22.2328 ], [ 72.5553, 22.2281 ], [ 72.5437, 22.2231 ], [ 72.5308, 22.2154 ], [ 72.5169, 22.2015 ], [ 72.4994, 22.1792 ], [ 72.4599, 22.1571 ], [ 72.4335, 22.1403 ], [ 72.3933, 22.1053 ], [ 72.3425, 22.1689 ], [ 72.3356, 22.1851 ], [ 72.3341, 22.1923 ], [ 72.3392, 22.2138 ], [ 72.3455, 22.2264 ], [ 72.3552, 22.2417 ], [ 72.3584, 22.2492 ], [ 72.3625, 22.2716 ], [ 72.3615, 22.2904 ], [ 72.3624, 22.2954 ], [ 72.3702, 22.3067 ], [ 72.374, 22.3173 ], [ 72.3766, 22.3204 ], [ 72.3821, 22.3231 ], [ 72.3865, 22.3302 ], [ 72.3863, 22.3346 ], [ 72.3881, 22.3383 ], [ 72.3997, 22.3493 ], [ 72.4016, 22.3531 ], [ 72.401, 22.3597 ], [ 72.3995, 22.363 ], [ 72.3935, 22.368 ], [ 72.3835, 22.3734 ], [ 72.3764, 22.3752 ], [ 72.3512, 22.3768 ], [ 72.3467, 22.3782 ], [ 72.345, 22.3794 ], [ 72.3415, 22.3867 ], [ 72.368, 22.4072 ], [ 72.3697, 22.4255 ], [ 72.3733, 22.4468 ], [ 72.367, 22.4413 ], [ 72.3559, 22.4404 ], [ 72.3603, 22.4448 ], [ 72.3606, 22.4482 ], [ 72.3638, 22.4535 ], [ 72.3732, 22.4505 ], [ 72.3768, 22.4524 ], [ 72.3781, 22.4592 ], [ 72.3757, 22.4733 ], [ 72.3916, 22.4762 ], [ 72.4069, 22.4818 ], [ 72.4082, 22.4761 ], [ 72.4213, 22.4861 ], [ 72.4252, 22.4844 ], [ 72.4527, 22.4821 ], [ 72.4549, 22.4791 ] ] ] } },
{ "type": "Feature", "properties": { "block": "Tarapur", "district": "Anand" }, "geometry": { "type": "Polygon", "coordinates": [ [ [ 72.5051, 22.614 ], [ 72.5124, 22.6134 ], [ 72.516, 22.6118 ], [ 72.5184, 22.6058 ], [ 72.5175, 22.6046 ], [ 72.5211, 22.5994 ], [ 72.5241, 22.5975 ], [ 72.526, 22.5981 ], [ 72.5258, 22.5876 ], [ 72.5336, 22.5881 ], [ 72.5329, 22.5693 ], [ 72.5467, 22.5699 ], [ 72.5541, 22.5678 ], [ 72.5519, 22.562 ], [ 72.5524, 22.5558 ], [ 72.5575, 22.5527 ], [ 72.5576, 22.5415 ], [ 72.5673, 22.5435 ], [ 72.5684, 22.5253 ], [ 72.5676, 22.52 ], [ 72.5702, 22.5205 ], [ 72.5709, 22.5216 ], [ 72.5737, 22.5213 ], [ 72.5749, 22.515 ], [ 72.5724, 22.5116 ], [ 72.577, 22.5037 ], [ 72.5889, 22.5002 ], [ 72.5939, 22.5003 ], [ 72.5967, 22.5025 ], [ 72.597, 22.5012 ], [ 72.5994, 22.5008 ], [ 72.6044, 22.505 ], [ 72.6041, 22.5065 ], [ 72.6053, 22.5068 ], [ 72.6047, 22.5096 ], [ 72.6107, 22.5102 ], [ 72.619, 22.5133 ], [ 72.6214, 22.5111 ], [ 72.6214, 22.5095 ], [ 72.6236, 22.5088 ], [ 72.6278, 22.5097 ], [ 72.6286, 22.5073 ], [ 72.6338, 22.5061 ], [ 72.6341, 22.5045 ], [ 72.6358, 22.5038 ], [ 72.6385, 22.5046 ], [ 72.6388, 22.5034 ], [ 72.641, 22.5046 ], [ 72.6386, 22.5072 ], [ 72.6471, 22.5099 ], [ 72.6509, 22.5097 ], [ 72.6525, 22.5063 ], [ 72.6522, 22.501 ], [ 72.6662, 22.5037 ], [ 72.6667, 22.5048 ], [ 72.6714, 22.5059 ], [ 72.6732, 22.505 ], [ 72.6742, 22.5039 ], [ 72.6731, 22.4942 ], [ 72.6749, 22.4933 ], [ 72.675, 22.4913 ], [ 72.6763, 22.4906 ], [ 72.6779, 22.4873 ], [ 72.6805, 22.4875 ], [ 72.6809, 22.4838 ], [ 72.6798, 22.4821 ], [ 72.6795, 22.477 ], [ 72.6819, 22.4671 ], [ 72.6718, 22.4646 ], [ 72.6653, 22.4598 ], [ 72.6584, 22.4587 ], [ 72.6589, 22.452 ], [ 72.6582, 22.4517 ], [ 72.66, 22.449 ], [ 72.6662, 22.4521 ], [ 72.6746, 22.453 ], [ 72.6783, 22.447 ], [ 72.6796, 22.4471 ], [ 72.6827, 22.4447 ], [ 72.6865, 22.4348 ], [ 72.6885, 22.4343 ], [ 72.6893, 22.4307 ], [ 72.6882, 22.4279 ], [ 72.6892, 22.4266 ], [ 72.6887, 22.423 ], [ 72.6918, 22.4221 ], [ 72.6953, 22.4181 ], [ 72.6911, 22.4169 ], [ 72.6786, 22.4074 ], [ 72.6752, 22.4107 ], [ 72.6777, 22.4161 ], [ 72.673, 22.4169 ], [ 72.6709, 22.4184 ], [ 72.6691, 22.4156 ], [ 72.6637, 22.4148 ], [ 72.6569, 22.4214 ], [ 72.6457, 22.4143 ], [ 72.64, 22.4126 ], [ 72.6291, 22.4192 ], [ 72.6288, 22.4221 ], [ 72.6243, 22.4186 ], [ 72.6227, 22.4222 ], [ 72.6008, 22.4242 ], [ 72.58, 22.4171 ], [ 72.5776, 22.4179 ], [ 72.5635, 22.4134 ], [ 72.5622, 22.4159 ], [ 72.5596, 22.4172 ], [ 72.559, 22.4197 ], [ 72.5569, 22.4197 ], [ 72.5469, 22.4183 ], [ 72.5369, 22.4188 ], [ 72.5248, 22.4166 ], [ 72.5085, 22.4193 ], [ 72.4997, 22.4135 ], [ 72.492, 22.4212 ], [ 72.488, 22.4278 ], [ 72.4843, 22.4385 ], [ 72.4854, 22.4429 ], [ 72.4803, 22.4436 ], [ 72.4729, 22.4467 ], [ 72.4625, 22.4482 ], [ 72.4549, 22.4791 ], [ 72.4527, 22.4821 ], [ 72.4252, 22.4844 ], [ 72.4213, 22.4861 ], [ 72.4317, 22.4973 ], [ 72.4388, 22.5092 ], [ 72.4402, 22.5229 ], [ 72.4402, 22.5342 ], [ 72.438, 22.5425 ], [ 72.4365, 22.5454 ], [ 72.4238, 22.5598 ], [ 72.4222, 22.5639 ], [ 72.4233, 22.5683 ], [ 72.4282, 22.5735 ], [ 72.4306, 22.574 ], [ 72.4374, 22.5696 ], [ 72.441, 22.5655 ], [ 72.4476, 22.5711 ], [ 72.4656, 22.5775 ], [ 72.4879, 22.5986 ], [ 72.4874, 22.5976 ], [ 72.4937, 22.6025 ], [ 72.5038, 22.6059 ], [ 72.5052, 22.6096 ], [ 72.5051, 22.614 ] ] ] } },
{ "type": "Feature", "properties": { "block": "Sojitra", "district": "Anand" }, "geometry": { "type": "Polygon", "coordinates": [ [ [ 72.7472, 22.6411 ], [ 72.7428, 22.6408 ], [ 72.7433, 22.639 ], [ 72.7451, 22.6392 ], [ 72.7455, 22.6376 ], [ 72.7402, 22.6282 ], [ 72.7384, 22.6291 ], [ 72.7378, 22.6259 ], [ 72.7323, 22.6254 ], [ 72.7351, 22.6193 ], [ 72.7343, 22.6177 ], [ 72.7379, 22.6158 ], [ 72.7378, 22.6134 ], [ 72.7356, 22.6141 ], [ 72.7352, 22.6115 ], [ 72.7381, 22.6105 ], [ 72.7399, 22.6121 ], [ 72.7449, 22.6123 ], [ 72.7445, 22.6137 ], [ 72.7514, 22.6134 ], [ 72.7521, 22.6147 ], [ 72.7534, 22.6133 ], [ 72.7569, 22.6126 ], [ 72.7551, 22.6105 ], [ 72.7529, 22.6041 ], [ 72.7523, 22.5989 ], [ 72.7504, 22.5973 ], [ 72.752, 22.593 ], [ 72.7561, 22.5936 ], [ 72.7566, 22.5919 ], [ 72.7608, 22.5908 ], [ 72.7706, 22.5905 ], [ 72.777, 22.5885 ], [ 72.7795, 22.5901 ], [ 72.7811, 22.5858 ], [ 72.7793, 22.5823 ], [ 72.7792, 22.5775 ], [ 72.7825, 22.5761 ], [ 72.7828, 22.5747 ], [ 72.7939, 22.5714 ], [ 72.7928, 22.5702 ], [ 72.7942, 22.559 ], [ 72.7932, 22.5556 ], [ 72.7835, 22.549 ], [ 72.7825, 22.5458 ], [ 72.7862, 22.5403 ], [ 72.7918, 22.5365 ], [ 72.7945, 22.5334 ], [ 72.795, 22.528 ], [ 72.7966, 22.525 ], [ 72.7954, 22.5242 ], [ 72.7959, 22.5234 ], [ 72.7786, 22.5206 ], [ 72.7698, 22.5108 ], [ 72.767, 22.51 ], [ 72.7622, 22.5127 ], [ 72.7615, 22.5149 ], [ 72.7551, 22.5178 ], [ 72.7534, 22.514 ], [ 72.7537, 22.5118 ], [ 72.7516, 22.5088 ], [ 72.7492, 22.5086 ], [ 72.7457, 22.5057 ], [ 72.7416, 22.4992 ], [ 72.7402, 22.4986 ], [ 72.7388, 22.5004 ], [ 72.7371, 22.5 ], [ 72.7288, 22.4907 ], [ 72.723, 22.4906 ], [ 72.7216, 22.4928 ], [ 72.7169, 22.4932 ], [ 72.7117, 22.4967 ], [ 72.7063, 22.4953 ], [ 72.6999, 22.4898 ], [ 72.6881, 22.4847 ], [ 72.6803, 22.483 ], [ 72.6805, 22.4875 ], [ 72.6779, 22.4873 ], [ 72.6763, 22.4906 ], [ 72.675, 22.4913 ], [ 72.6749, 22.4933 ], [ 72.6731, 22.4942 ], [ 72.6742, 22.5039 ], [ 72.6707, 22.5072 ], [ 72.6698, 22.5198 ], [ 72.667, 22.5303 ], [ 72.6601, 22.5302 ], [ 72.6511, 22.5283 ], [ 72.6423, 22.5289 ], [ 72.6411, 22.5353 ], [ 72.6424, 22.536 ], [ 72.6437, 22.5399 ], [ 72.6472, 22.5409 ], [ 72.6467, 22.5446 ], [ 72.649, 22.5475 ], [ 72.6556, 22.5512 ], [ 72.6555, 22.5522 ], [ 72.6612, 22.553 ], [ 72.6605, 22.5584 ], [ 72.6644, 22.5591 ], [ 72.6713, 22.5641 ], [ 72.6691, 22.5682 ], [ 72.6685, 22.5725 ], [ 72.671, 22.5737 ], [ 72.6716, 22.5759 ], [ 72.6731, 22.5768 ], [ 72.6737, 22.579 ], [ 72.6724, 22.5797 ], [ 72.6753, 22.586 ], [ 72.6913, 22.5903 ], [ 72.6942, 22.5889 ], [ 72.6968, 22.5819 ], [ 72.6976, 22.5819 ], [ 72.7105, 22.5897 ], [ 72.7093, 22.5955 ], [ 72.7069, 22.5954 ], [ 72.7057, 22.5995 ], [ 72.6982, 22.5993 ], [ 72.6978, 22.6 ], [ 72.694, 22.5989 ], [ 72.6938, 22.6029 ], [ 72.6913, 22.6024 ], [ 72.689, 22.6054 ], [ 72.6886, 22.6085 ], [ 72.6903, 22.6088 ], [ 72.6871, 22.6132 ], [ 72.6854, 22.6201 ], [ 72.6869, 22.6242 ], [ 72.6856, 22.6292 ], [ 72.6957, 22.6301 ], [ 72.704, 22.6338 ], [ 72.7054, 22.6328 ], [ 72.7091, 22.6336 ], [ 72.7144, 22.6307 ], [ 72.7139, 22.6254 ], [ 72.7148, 22.6242 ], [ 72.7173, 22.6248 ], [ 72.7166, 22.6277 ], [ 72.7189, 22.6309 ], [ 72.7249, 22.6284 ], [ 72.7282, 22.6297 ], [ 72.7291, 22.6336 ], [ 72.7329, 22.6375 ], [ 72.7338, 22.6405 ], [ 72.7397, 22.6446 ], [ 72.7427, 22.6448 ], [ 72.7472, 22.6411 ] ], [ [ 72.7405, 22.6053 ], [ 72.7417, 22.5985 ], [ 72.7459, 22.5967 ], [ 72.7467, 22.5972 ], [ 72.7453, 22.5999 ], [ 72.747, 22.6009 ], [ 72.7457, 22.6042 ], [ 72.7441, 22.6058 ], [ 72.7405, 22.6053 ] ] ] } },
{ "type": "Feature", "properties": { "block": "Matar", "district": "Kheda" }, "geometry": { "type": "Polygon", "coordinates": [ [ [ 72.7615, 22.7592 ], [ 72.7589, 22.7505 ], [ 72.7523, 22.7479 ], [ 72.7531, 22.7462 ], [ 72.7546, 22.7464 ], [ 72.7546, 22.7429 ], [ 72.7572, 22.7429 ], [ 72.7585, 22.7382 ], [ 72.7643, 22.7378 ], [ 72.7654, 22.739 ], [ 72.7645, 22.7438 ], [ 72.7691, 22.7431 ], [ 72.7701, 22.7414 ], [ 72.769, 22.7381 ], [ 72.767, 22.7382 ], [ 72.7682, 22.7335 ], [ 72.771, 22.7328 ], [ 72.7709, 22.7316 ], [ 72.7729, 22.7309 ], [ 72.7751, 22.7311 ], [ 72.7745, 22.7295 ], [ 72.7757, 22.7285 ], [ 72.7717, 22.7227 ], [ 72.7712, 22.7186 ], [ 72.773, 22.7177 ], [ 72.7726, 22.7149 ], [ 72.7714, 22.7141 ], [ 72.7721, 22.7138 ], [ 72.7706, 22.7121 ], [ 72.7691, 22.7026 ], [ 72.7661, 22.7013 ], [ 72.7654, 22.6996 ], [ 72.7633, 22.6996 ], [ 72.764, 22.6984 ], [ 72.7626, 22.6954 ], [ 72.7579, 22.6977 ], [ 72.7574, 22.6911 ], [ 72.7494, 22.6911 ], [ 72.737, 22.695 ], [ 72.735, 22.6966 ], [ 72.732, 22.6941 ], [ 72.7316, 22.6909 ], [ 72.7286, 22.6884 ], [ 72.7291, 22.6877 ], [ 72.7253, 22.686 ], [ 72.7245, 22.6868 ], [ 72.7123, 22.6853 ], [ 72.7033, 22.6829 ], [ 72.6986, 22.6784 ], [ 72.6943, 22.679 ], [ 72.6903, 22.6747 ], [ 72.6836, 22.672 ], [ 72.6792, 22.6677 ], [ 72.6801, 22.667 ], [ 72.6793, 22.6629 ], [ 72.68, 22.6568 ], [ 72.6812, 22.655 ], [ 72.6796, 22.6506 ], [ 72.6812, 22.649 ], [ 72.6826, 22.6492 ], [ 72.6818, 22.6451 ], [ 72.6828, 22.6397 ], [ 72.6815, 22.6343 ], [ 72.6764, 22.6325 ], [ 72.6772, 22.63 ], [ 72.6824, 22.6281 ], [ 72.6857, 22.6289 ], [ 72.6869, 22.6242 ], [ 72.6854, 22.6201 ], [ 72.6871, 22.6132 ], [ 72.6903, 22.6088 ], [ 72.6886, 22.6085 ], [ 72.689, 22.6054 ], [ 72.6913, 22.6024 ], [ 72.6938, 22.6029 ], [ 72.694, 22.5989 ], [ 72.6978, 22.6 ], [ 72.6982, 22.5993 ], [ 72.705, 22.5999 ], [ 72.7065, 22.5985 ], [ 72.7069, 22.5954 ], [ 72.7093, 22.5955 ], [ 72.7105, 22.5897 ], [ 72.6976, 22.5819 ], [ 72.6968, 22.5819 ], [ 72.6942, 22.5889 ], [ 72.6913, 22.5903 ], [ 72.6753, 22.586 ], [ 72.6724, 22.5797 ], [ 72.6737, 22.579 ], [ 72.6731, 22.5768 ], [ 72.6716, 22.5759 ], [ 72.671, 22.5737 ], [ 72.6685, 22.5725 ], [ 72.6691, 22.5682 ], [ 72.6713, 22.5641 ], [ 72.6644, 22.5591 ], [ 72.6605, 22.5584 ], [ 72.6612, 22.553 ], [ 72.6555, 22.5522 ], [ 72.6556, 22.5512 ], [ 72.649, 22.5475 ], [ 72.6467, 22.5446 ], [ 72.6472, 22.5409 ], [ 72.6437, 22.5399 ], [ 72.6424, 22.536 ], [ 72.6411, 22.5353 ], [ 72.6423, 22.5289 ], [ 72.6511, 22.5283 ], [ 72.6601, 22.5302 ], [ 72.667, 22.5303 ], [ 72.6698, 22.5198 ], [ 72.6714, 22.5059 ], [ 72.6667, 22.5048 ], [ 72.6662, 22.5037 ], [ 72.6522, 22.501 ], [ 72.6525, 22.5063 ], [ 72.6509, 22.5097 ], [ 72.6471, 22.5099 ], [ 72.6386, 22.5072 ], [ 72.641, 22.5046 ], [ 72.6388, 22.5034 ], [ 72.6385, 22.5046 ], [ 72.6358, 22.5038 ], [ 72.6341, 22.5045 ], [ 72.6338, 22.5061 ], [ 72.6286, 22.5073 ], [ 72.6278, 22.5097 ], [ 72.6236, 22.5088 ], [ 72.6214, 22.5095 ], [ 72.6214, 22.5111 ], [ 72.619, 22.5133 ], [ 72.6107, 22.5102 ], [ 72.6047, 22.5096 ], [ 72.6053, 22.5068 ], [ 72.6041, 22.5065 ], [ 72.6044, 22.505 ], [ 72.5994, 22.5008 ], [ 72.597, 22.5012 ], [ 72.5967, 22.5025 ], [ 72.5939, 22.5003 ], [ 72.5889, 22.5002 ], [ 72.577, 22.5037 ], [ 72.5724, 22.5116 ], [ 72.5749, 22.515 ], [ 72.5737, 22.5213 ], [ 72.5709, 22.5216 ], [ 72.5702, 22.5205 ], [ 72.5676, 22.52 ], [ 72.5684, 22.5253 ], [ 72.5673, 22.5435 ], [ 72.5576, 22.5415 ], [ 72.5575, 22.5527 ], [ 72.5524, 22.5558 ], [ 72.5519, 22.562 ], [ 72.5541, 22.5678 ], [ 72.5467, 22.5699 ], [ 72.5329, 22.5693 ], [ 72.5336, 22.5881 ], [ 72.5258, 22.5876 ], [ 72.526, 22.5981 ], [ 72.5241, 22.5975 ], [ 72.5211, 22.5994 ], [ 72.5175, 22.6046 ], [ 72.5184, 22.6058 ], [ 72.516, 22.6118 ], [ 72.5124, 22.6134 ], [ 72.5051, 22.6139 ], [ 72.5048, 22.6207 ], [ 72.5084, 22.6305 ], [ 72.5118, 22.6332 ], [ 72.5174, 22.6327 ], [ 72.5215, 22.6262 ], [ 72.5236, 22.6296 ], [ 72.5292, 22.6263 ], [ 72.5354, 22.6263 ], [ 72.5317, 22.6429 ], [ 72.5339, 22.6487 ], [ 72.5366, 22.6519 ], [ 72.5415, 22.6544 ], [ 72.5498, 22.6508 ], [ 72.5593, 22.6539 ], [ 72.564, 22.6545 ], [ 72.568, 22.6526 ], [ 72.5692, 22.6535 ], [ 72.5685, 22.6552 ], [ 72.5646, 22.6555 ], [ 72.5597, 22.6609 ], [ 72.5603, 22.6647 ], [ 72.5649, 22.6742 ], [ 72.5665, 22.675 ], [ 72.5755, 22.6697 ], [ 72.5783, 22.6587 ], [ 72.583, 22.659 ], [ 72.5843, 22.661 ], [ 72.5841, 22.6642 ], [ 72.5814, 22.6719 ], [ 72.5802, 22.6805 ], [ 72.5794, 22.6802 ], [ 72.5793, 22.6927 ], [ 72.5813, 22.6941 ], [ 72.5839, 22.6941 ], [ 72.5886, 22.6898 ], [ 72.5893, 22.6881 ], [ 72.5847, 22.6825 ], [ 72.5855, 22.6805 ], [ 72.5901, 22.6788 ], [ 72.5922, 22.6798 ], [ 72.5946, 22.6846 ], [ 72.6009, 22.6891 ], [ 72.6028, 22.692 ], [ 72.6017, 22.694 ], [ 72.5906, 22.6976 ], [ 72.5908, 22.7008 ], [ 72.6012, 22.7043 ], [ 72.6087, 22.6935 ], [ 72.6121, 22.6901 ], [ 72.6146, 22.6889 ], [ 72.6191, 22.6899 ], [ 72.6193, 22.6934 ], [ 72.6181, 22.6931 ], [ 72.6152, 22.6961 ], [ 72.611, 22.7025 ], [ 72.6107, 22.7048 ], [ 72.612, 22.7071 ], [ 72.6156, 22.7092 ], [ 72.6165, 22.7068 ], [ 72.6183, 22.7086 ], [ 72.6316, 22.7115 ], [ 72.6366, 22.7168 ], [ 72.6397, 22.7169 ], [ 72.6391, 22.7182 ], [ 72.6406, 22.7187 ], [ 72.6505, 22.7178 ], [ 72.662, 22.72 ], [ 72.6644, 22.7227 ], [ 72.6643, 22.7246 ], [ 72.6614, 22.7282 ], [ 72.6599, 22.7323 ], [ 72.6598, 22.7342 ], [ 72.6609, 22.7352 ], [ 72.6752, 22.7364 ], [ 72.6846, 22.7432 ], [ 72.6905, 22.7456 ], [ 72.6915, 22.7449 ], [ 72.691, 22.7419 ], [ 72.6935, 22.7378 ], [ 72.6933, 22.7341 ], [ 72.697, 22.7365 ], [ 72.702, 22.7349 ], [ 72.7064, 22.7409 ], [ 72.7058, 22.7469 ], [ 72.7067, 22.7473 ], [ 72.7102, 22.7449 ], [ 72.7104, 22.7434 ], [ 72.714, 22.7425 ], [ 72.7128, 22.7458 ], [ 72.7134, 22.7481 ], [ 72.7105, 22.7493 ], [ 72.7111, 22.7523 ], [ 72.7123, 22.7528 ], [ 72.7158, 22.7522 ], [ 72.717, 22.7488 ], [ 72.7223, 22.7481 ], [ 72.7257, 22.7457 ], [ 72.7283, 22.746 ], [ 72.7315, 22.7421 ], [ 72.7431, 22.7417 ], [ 72.7452, 22.7443 ], [ 72.7454, 22.7473 ], [ 72.7489, 22.7475 ], [ 72.7484, 22.7503 ], [ 72.7555, 22.7565 ], [ 72.7553, 22.7576 ], [ 72.7574, 22.7579 ], [ 72.7572, 22.759 ], [ 72.7615, 22.7592 ] ] ] } },
{ "type": "Feature", "properties": { "block": "Kheda", "district": "Kheda" }, "geometry": { "type": "Polygon", "coordinates": [ [ [ 72.6548, 22.8934 ], [ 72.6676, 22.8955 ], [ 72.6708, 22.8916 ], [ 72.6685, 22.8903 ], [ 72.6677, 22.8884 ], [ 72.6708, 22.8827 ], [ 72.6738, 22.8805 ], [ 72.6779, 22.8816 ], [ 72.6787, 22.8764 ], [ 72.68, 22.8763 ], [ 72.6807, 22.8737 ], [ 72.6798, 22.8734 ], [ 72.6809, 22.8724 ], [ 72.6793, 22.8653 ], [ 72.6798, 22.8587 ], [ 72.679, 22.853 ], [ 72.6728, 22.8504 ], [ 72.6733, 22.8473 ], [ 72.6745, 22.8453 ], [ 72.6761, 22.8452 ], [ 72.6749, 22.8443 ], [ 72.6752, 22.8431 ], [ 72.6809, 22.8418 ], [ 72.6838, 22.8379 ], [ 72.6871, 22.8383 ], [ 72.6874, 22.8342 ], [ 72.6892, 22.8322 ], [ 72.6888, 22.8249 ], [ 72.6905, 22.8196 ], [ 72.6888, 22.8168 ], [ 72.6859, 22.8141 ], [ 72.6816, 22.8127 ], [ 72.6655, 22.8127 ], [ 72.6692, 22.8054 ], [ 72.6707, 22.8049 ], [ 72.6718, 22.802 ], [ 72.686, 22.8023 ], [ 72.6916, 22.8043 ], [ 72.6945, 22.8088 ], [ 72.7047, 22.8077 ], [ 72.7116, 22.8108 ], [ 72.7158, 22.7989 ], [ 72.7143, 22.7986 ], [ 72.713, 22.7915 ], [ 72.7084, 22.7815 ], [ 72.7118, 22.7794 ], [ 72.7191, 22.7774 ], [ 72.7261, 22.7776 ], [ 72.7243, 22.7758 ], [ 72.7253, 22.7759 ], [ 72.725, 22.7738 ], [ 72.7297, 22.7684 ], [ 72.7293, 22.7644 ], [ 72.7315, 22.7637 ], [ 72.7354, 22.7679 ], [ 72.7368, 22.7672 ], [ 72.7409, 22.7693 ], [ 72.7447, 22.7697 ], [ 72.746, 22.7693 ], [ 72.746, 22.7671 ], [ 72.7502, 22.7598 ], [ 72.7516, 22.7588 ], [ 72.757, 22.7593 ], [ 72.7574, 22.7579 ], [ 72.7553, 22.7576 ], [ 72.7555, 22.7565 ], [ 72.7484, 22.7503 ], [ 72.7489, 22.7475 ], [ 72.7454, 22.7473 ], [ 72.7452, 22.7443 ], [ 72.7431, 22.7417 ], [ 72.7315, 22.7421 ], [ 72.7283, 22.746 ], [ 72.7257, 22.7457 ], [ 72.7223, 22.7481 ], [ 72.717, 22.7488 ], [ 72.7158, 22.7522 ], [ 72.7123, 22.7528 ], [ 72.7111, 22.7523 ], [ 72.7105, 22.7493 ], [ 72.7134, 22.7481 ], [ 72.7128, 22.7458 ], [ 72.714, 22.7425 ], [ 72.7104, 22.7434 ], [ 72.7102, 22.7449 ], [ 72.7067, 22.7473 ], [ 72.7058, 22.7469 ], [ 72.7064, 22.7409 ], [ 72.702, 22.7349 ], [ 72.697, 22.7365 ], [ 72.6933, 22.7341 ], [ 72.6935, 22.7378 ], [ 72.691, 22.7419 ], [ 72.6915, 22.7449 ], [ 72.6905, 22.7456 ], [ 72.6846, 22.7432 ], [ 72.6752, 22.7364 ], [ 72.6609, 22.7352 ], [ 72.6598, 22.7342 ], [ 72.6599, 22.7323 ], [ 72.6614, 22.7282 ], [ 72.6643, 22.7246 ], [ 72.6644, 22.7227 ], [ 72.662, 22.72 ], [ 72.6505, 22.7178 ], [ 72.6406, 22.7187 ], [ 72.6391, 22.7182 ], [ 72.6397, 22.7169 ], [ 72.6366, 22.7168 ], [ 72.6316, 22.7115 ], [ 72.6183, 22.7086 ], [ 72.6165, 22.7068 ], [ 72.6156, 22.7092 ], [ 72.612, 22.7071 ], [ 72.6107, 22.7048 ], [ 72.611, 22.7025 ], [ 72.6152, 22.6961 ], [ 72.6181, 22.6931 ], [ 72.6193, 22.6934 ], [ 72.6191, 22.6899 ], [ 72.6146, 22.6889 ], [ 72.6121, 22.6901 ], [ 72.6087, 22.6935 ], [ 72.6012, 22.7043 ], [ 72.5908, 22.7008 ], [ 72.5906, 22.6976 ], [ 72.6017, 22.694 ], [ 72.6028, 22.692 ], [ 72.6009, 22.6891 ], [ 72.5946, 22.6846 ], [ 72.5922, 22.6798 ], [ 72.5901, 22.6788 ], [ 72.5855, 22.6805 ], [ 72.5847, 22.6825 ], [ 72.5893, 22.6881 ], [ 72.5886, 22.6898 ], [ 72.5839, 22.6941 ], [ 72.5813, 22.6941 ], [ 72.5793, 22.6927 ], [ 72.5794, 22.6802 ], [ 72.5802, 22.6805 ], [ 72.5814, 22.6719 ], [ 72.5841, 22.6642 ], [ 72.5843, 22.661 ], [ 72.583, 22.659 ], [ 72.5783, 22.6587 ], [ 72.5755, 22.6697 ], [ 72.5665, 22.675 ], [ 72.5649, 22.6742 ], [ 72.5603, 22.6647 ], [ 72.5479, 22.6644 ], [ 72.5501, 22.6701 ], [ 72.5495, 22.6725 ], [ 72.5309, 22.6751 ], [ 72.5275, 22.6775 ], [ 72.526, 22.6806 ], [ 72.5271, 22.6817 ], [ 72.5414, 22.6858 ], [ 72.545, 22.69 ], [ 72.5441, 22.693 ], [ 72.5407, 22.6946 ], [ 72.5233, 22.6959 ], [ 72.5194, 22.6979 ], [ 72.5177, 22.7015 ], [ 72.5181, 22.7077 ], [ 72.5223, 22.7123 ], [ 72.5262, 22.713 ], [ 72.5373, 22.709 ], [ 72.5397, 22.7094 ], [ 72.5407, 22.7115 ], [ 72.5239, 22.7332 ], [ 72.5248, 22.7383 ], [ 72.5358, 22.7452 ], [ 72.5397, 22.7513 ], [ 72.5309, 22.751 ], [ 72.5209, 22.7525 ], [ 72.5223, 22.7544 ], [ 72.5213, 22.7557 ], [ 72.5277, 22.7606 ], [ 72.5273, 22.7663 ], [ 72.5298, 22.7673 ], [ 72.528, 22.7696 ], [ 72.5143, 22.7789 ], [ 72.52, 22.7861 ], [ 72.5221, 22.7958 ], [ 72.5307, 22.7996 ], [ 72.5387, 22.806 ], [ 72.5477, 22.8065 ], [ 72.5485, 22.8126 ], [ 72.55, 22.815 ], [ 72.5548, 22.8185 ], [ 72.5648, 22.8223 ], [ 72.5703, 22.8269 ], [ 72.5814, 22.8191 ], [ 72.5819, 22.8228 ], [ 72.5833, 22.8235 ], [ 72.5895, 22.8243 ], [ 72.5907, 22.8233 ], [ 72.5976, 22.8249 ], [ 72.5995, 22.8174 ], [ 72.5985, 22.8159 ], [ 72.6, 22.8154 ], [ 72.6022, 22.8164 ], [ 72.608, 22.8136 ], [ 72.6062, 22.8224 ], [ 72.6078, 22.8229 ], [ 72.6037, 22.8312 ], [ 72.6048, 22.8326 ], [ 72.6022, 22.8356 ], [ 72.6063, 22.8486 ], [ 72.6062, 22.8566 ], [ 72.6086, 22.8627 ], [ 72.6065, 22.8659 ], [ 72.6028, 22.8645 ], [ 72.6005, 22.8661 ], [ 72.599, 22.8722 ], [ 72.6035, 22.8758 ], [ 72.6042, 22.8778 ], [ 72.6053, 22.8776 ], [ 72.6072, 22.8831 ], [ 72.606, 22.8837 ], [ 72.6081, 22.8862 ], [ 72.6126, 22.8859 ], [ 72.6153, 22.8877 ], [ 72.618, 22.8849 ], [ 72.6207, 22.8839 ], [ 72.6338, 22.8818 ], [ 72.635, 22.8844 ], [ 72.6347, 22.8891 ], [ 72.6408, 22.8927 ], [ 72.641, 22.8949 ], [ 72.6436, 22.8973 ], [ 72.6474, 22.8963 ], [ 72.6479, 22.8939 ], [ 72.6548, 22.8934 ] ] ] } },
{ "type": "Feature", "properties": { "block": "Kathlal", "district": "Kheda" }, "geometry": { "type": "Polygon", "coordinates": [ [ [ 72.9271, 23.0808 ], [ 72.9275, 23.0769 ], [ 72.9297, 23.0771 ], [ 72.9301, 23.0762 ], [ 72.9339, 23.0768 ], [ 72.9392, 23.0758 ], [ 72.9397, 23.0772 ], [ 72.9396, 23.0743 ], [ 72.9417, 23.0733 ], [ 72.9453, 23.0746 ], [ 72.9451, 23.0728 ], [ 72.9504, 23.074 ], [ 72.9551, 23.073 ], [ 72.9576, 23.0738 ], [ 72.9599, 23.0726 ], [ 72.9616, 23.0733 ], [ 72.9638, 23.0704 ], [ 72.9643, 23.0667 ], [ 72.9589, 23.0659 ], [ 72.9582, 23.0614 ], [ 72.9648, 23.0573 ], [ 72.9643, 23.0535 ], [ 72.959, 23.0479 ], [ 72.9594, 23.0472 ], [ 72.9542, 23.0438 ], [ 72.9451, 23.0436 ], [ 72.9395, 23.0416 ], [ 72.9374, 23.0356 ], [ 72.9378, 23.0337 ], [ 72.9428, 23.0307 ], [ 72.9455, 23.0272 ], [ 72.9469, 23.0233 ], [ 72.9476, 23.0187 ], [ 72.9449, 23.0108 ], [ 72.9467, 23.0103 ], [ 72.9477, 23.0116 ], [ 72.9498, 23.0116 ], [ 72.9509, 23.0105 ], [ 72.9528, 23.011 ], [ 72.9541, 23.0096 ], [ 72.9573, 23.0101 ], [ 72.961, 23.0139 ], [ 72.9648, 23.0142 ], [ 72.9666, 23.0165 ], [ 72.9688, 23.0158 ], [ 72.9711, 23.0172 ], [ 72.9778, 22.9992 ], [ 72.981, 22.9942 ], [ 72.9858, 22.9821 ], [ 72.9784, 22.9747 ], [ 72.9702, 22.9709 ], [ 72.97, 22.969 ], [ 72.9706, 22.9678 ], [ 72.9718, 22.9683 ], [ 72.9727, 22.9662 ], [ 72.9736, 22.9593 ], [ 72.9752, 22.9595 ], [ 72.9787, 22.9526 ], [ 72.9815, 22.9518 ], [ 72.9841, 22.9481 ], [ 72.9924, 22.9482 ], [ 73.0054, 22.9462 ], [ 73.0083, 22.9469 ], [ 73.0139, 22.951 ], [ 73.0193, 22.9581 ], [ 73.0257, 22.9585 ], [ 73.025, 22.9604 ], [ 73.0266, 22.9613 ], [ 73.0252, 22.9628 ], [ 73.0275, 22.9653 ], [ 73.033, 22.9659 ], [ 73.04, 22.9626 ], [ 73.0334, 22.9598 ], [ 73.0317, 22.958 ], [ 73.0311, 22.9555 ], [ 73.0339, 22.9483 ], [ 73.0386, 22.9481 ], [ 73.0438, 22.9439 ], [ 73.0441, 22.9469 ], [ 73.0481, 22.9504 ], [ 73.0508, 22.9478 ], [ 73.0539, 22.9477 ], [ 73.0536, 22.9461 ], [ 73.055, 22.9467 ], [ 73.056, 22.9442 ], [ 73.0577, 22.9446 ], [ 73.0586, 22.9413 ], [ 73.0632, 22.9406 ], [ 73.0694, 22.9415 ], [ 73.0703, 22.9409 ], [ 73.0691, 22.9388 ], [ 73.0667, 22.9381 ], [ 73.065, 22.9392 ], [ 73.0637, 22.9371 ], [ 73.0724, 22.919 ], [ 73.0811, 22.9199 ], [ 73.0873, 22.9164 ], [ 73.0955, 22.9148 ], [ 73.0947, 22.9127 ], [ 73.0954, 22.9106 ], [ 73.1032, 22.9127 ], [ 73.1073, 22.9151 ], [ 73.1052, 22.9158 ], [ 73.1049, 22.9185 ], [ 73.107, 22.924 ], [ 73.1053, 22.9246 ], [ 73.1039, 22.927 ], [ 73.1058, 22.9341 ], [ 73.1095, 22.9354 ], [ 73.1179, 22.9354 ], [ 73.1198, 22.9366 ], [ 73.1229, 22.9334 ], [ 73.1291, 22.9391 ], [ 73.1299, 22.9436 ], [ 73.1263, 22.9556 ], [ 73.1275, 22.9579 ], [ 73.1299, 22.9594 ], [ 73.1331, 22.9604 ], [ 73.1337, 22.9588 ], [ 73.1357, 22.9591 ], [ 73.1382, 22.9611 ], [ 73.1398, 22.9607 ], [ 73.1406, 22.9583 ], [ 73.1418, 22.9582 ], [ 73.1421, 22.9602 ], [ 73.144, 22.9603 ], [ 73.1455, 22.9624 ], [ 73.1468, 22.9605 ], [ 73.1511, 22.9593 ], [ 73.1547, 22.9594 ], [ 73.1711, 22.9558 ], [ 73.1756, 22.9589 ], [ 73.1755, 22.9558 ], [ 73.1776, 22.9537 ], [ 73.1787, 22.9538 ], [ 73.1806, 22.9574 ], [ 73.182, 22.9576 ], [ 73.1944, 22.9549 ], [ 73.1986, 22.9525 ], [ 73.2044, 22.9521 ], [ 73.2228, 22.9544 ], [ 73.2288, 22.9537 ], [ 73.2319, 22.9519 ], [ 73.2322, 22.943 ], [ 73.2318, 22.9421 ], [ 73.2291, 22.942 ], [ 73.2323, 22.938 ], [ 73.2356, 22.937 ], [ 73.2362, 22.9317 ], [ 73.2406, 22.9266 ], [ 73.2405, 22.9225 ], [ 73.2419, 22.92 ], [ 73.2406, 22.9195 ], [ 73.2393, 22.9209 ], [ 73.2362, 22.9207 ], [ 73.2347, 22.9218 ], [ 73.2208, 22.9211 ], [ 73.2191, 22.9193 ], [ 73.2138, 22.9188 ], [ 73.2132, 22.9151 ], [ 73.2115, 22.914 ], [ 73.2062, 22.9154 ], [ 73.2035, 22.909 ], [ 73.2017, 22.9074 ], [ 73.1876, 22.9076 ], [ 73.1873, 22.9 ], [ 73.1893, 22.8982 ], [ 73.189, 22.8931 ], [ 73.1856, 22.8902 ], [ 73.1687, 22.8884 ], [ 73.1558, 22.8885 ], [ 73.1466, 22.8917 ], [ 73.1376, 22.8902 ], [ 73.1281, 22.8927 ], [ 73.1211, 22.8884 ], [ 73.1188, 22.8929 ], [ 73.1118, 22.8904 ], [ 73.0979, 22.8892 ], [ 73.0964, 22.8875 ], [ 73.0817, 22.8889 ], [ 73.077, 22.8882 ], [ 73.0711, 22.8893 ], [ 73.0628, 22.8882 ], [ 73.0564, 22.8906 ], [ 73.0511, 22.8869 ], [ 73.0492, 22.8823 ], [ 73.0503, 22.8788 ], [ 73.052, 22.8773 ], [ 73.0521, 22.8751 ], [ 73.0474, 22.8743 ], [ 73.0465, 22.8779 ], [ 73.0434, 22.878 ], [ 73.0378, 22.8865 ], [ 73.0327, 22.8893 ], [ 73.0314, 22.8859 ], [ 73.0223, 22.8812 ], [ 73.0217, 22.879 ], [ 73.0231, 22.8778 ], [ 73.0241, 22.8651 ], [ 73.0224, 22.8604 ], [ 73.0187, 22.8592 ], [ 73.0179, 22.8571 ], [ 73.0175, 22.8535 ], [ 73.0189, 22.8516 ], [ 73.017, 22.85 ], [ 73.0167, 22.8479 ], [ 73.0131, 22.8459 ], [ 73.0008, 22.8517 ], [ 73.0, 22.8534 ], [ 73.0029, 22.8594 ], [ 72.997, 22.8658 ], [ 72.9992, 22.869 ], [ 72.9968, 22.8725 ], [ 72.9976, 22.8731 ], [ 73.0003, 22.8721 ], [ 73.0014, 22.873 ], [ 72.999, 22.8747 ], [ 72.9893, 22.872 ], [ 72.9881, 22.8698 ], [ 72.9838, 22.8675 ], [ 72.9818, 22.8654 ], [ 72.9823, 22.8628 ], [ 72.9808, 22.8613 ], [ 72.9806, 22.8574 ], [ 72.977, 22.8565 ], [ 72.975, 22.8566 ], [ 72.9749, 22.8592 ], [ 72.9724, 22.8588 ], [ 72.9711, 22.861 ], [ 72.9689, 22.86 ], [ 72.9658, 22.8677 ], [ 72.9664, 22.8703 ], [ 72.9693, 22.873 ], [ 72.9657, 22.8751 ], [ 72.9623, 22.87 ], [ 72.9601, 22.8716 ], [ 72.9482, 22.8677 ], [ 72.9407, 22.8674 ], [ 72.9354, 22.8765 ], [ 72.9372, 22.8775 ], [ 72.9365, 22.8819 ], [ 72.9377, 22.882 ], [ 72.9374, 22.8839 ], [ 72.9389, 22.884 ], [ 72.9388, 22.8855 ], [ 72.9446, 22.8857 ], [ 72.9447, 22.8876 ], [ 72.9459, 22.888 ], [ 72.9438, 22.892 ], [ 72.9352, 22.8928 ], [ 72.9329, 22.8954 ], [ 72.929, 22.8962 ], [ 72.9244, 22.8956 ], [ 72.9145, 22.8902 ], [ 72.9095, 22.8901 ], [ 72.9107, 22.8935 ], [ 72.9184, 22.8966 ], [ 72.9163, 22.9026 ], [ 72.9143, 22.9019 ], [ 72.9143, 22.9047 ], [ 72.9147, 22.907 ], [ 72.9196, 22.9122 ], [ 72.9196, 22.9133 ], [ 72.9115, 22.9148 ], [ 72.8862, 22.9111 ], [ 72.8806, 22.9116 ], [ 72.8727, 22.916 ], [ 72.8745, 22.9197 ], [ 72.8779, 22.9211 ], [ 72.8808, 22.9248 ], [ 72.881, 22.9289 ], [ 72.8785, 22.9317 ], [ 72.88, 22.9412 ], [ 72.8847, 22.9421 ], [ 72.8866, 22.9441 ], [ 72.886, 22.9463 ], [ 72.8785, 22.9526 ], [ 72.8765, 22.9597 ], [ 72.878, 22.9701 ], [ 72.8803, 22.9739 ], [ 72.8774, 22.9756 ], [ 72.8698, 22.9765 ], [ 72.8676, 22.9781 ], [ 72.865, 22.9775 ], [ 72.8649, 22.9763 ], [ 72.8613, 22.9764 ], [ 72.8594, 22.979 ], [ 72.8569, 22.9801 ], [ 72.8475, 22.9757 ], [ 72.8385, 22.9821 ], [ 72.8319, 22.9803 ], [ 72.8304, 22.9841 ], [ 72.833, 22.9869 ], [ 72.8351, 22.9922 ], [ 72.838, 22.9944 ], [ 72.8384, 22.9963 ], [ 72.8451, 22.9972 ], [ 72.8485, 22.9992 ], [ 72.8488, 23.0026 ], [ 72.843, 23.0102 ], [ 72.8447, 23.0113 ], [ 72.8531, 23.0129 ], [ 72.8591, 23.0114 ], [ 72.8608, 23.0084 ], [ 72.8751, 23.0087 ], [ 72.8773, 23.011 ], [ 72.8763, 23.0119 ], [ 72.8776, 23.0133 ], [ 72.8767, 23.0148 ], [ 72.8803, 23.0161 ], [ 72.8858, 23.0145 ], [ 72.887, 23.0148 ], [ 72.8868, 23.016 ], [ 72.8903, 23.0163 ], [ 72.8903, 23.0146 ], [ 72.8927, 23.0147 ], [ 72.8928, 23.0164 ], [ 72.8912, 23.0165 ], [ 72.8908, 23.0188 ], [ 72.892, 23.0182 ], [ 72.8921, 23.0212 ], [ 72.8929, 23.0209 ], [ 72.8957, 23.025 ], [ 72.8954, 23.0268 ], [ 72.897, 23.0269 ], [ 72.8981, 23.0296 ], [ 72.9046, 23.0306 ], [ 72.9055, 23.04 ], [ 72.9086, 23.0415 ], [ 72.9085, 23.0479 ], [ 72.9114, 23.0518 ], [ 72.9135, 23.0519 ], [ 72.9138, 23.0548 ], [ 72.9101, 23.0614 ], [ 72.9065, 23.0651 ], [ 72.9123, 23.0661 ], [ 72.918, 23.0694 ], [ 72.9237, 23.0693 ], [ 72.9221, 23.0719 ], [ 72.9229, 23.0751 ], [ 72.9261, 23.0741 ], [ 72.9255, 23.0806 ], [ 72.9271, 23.0808 ] ] ] } },
{ "type": "Feature", "properties": { "block": "Kapadvanj", "district": "Kheda" }, "geometry": { "type": "Polygon", "coordinates": [ [ [ 73.1414, 23.1995 ], [ 73.1528, 23.1933 ], [ 73.1529, 23.1923 ], [ 73.1555, 23.1929 ], [ 73.1581, 23.1732 ], [ 73.1526, 23.1713 ], [ 73.1528, 23.17 ], [ 73.1507, 23.1696 ], [ 73.151, 23.1672 ], [ 73.1534, 23.1653 ], [ 73.161, 23.1493 ], [ 73.1669, 23.1455 ], [ 73.1675, 23.1424 ], [ 73.1715, 23.1392 ], [ 73.1701, 23.1357 ], [ 73.171, 23.1345 ], [ 73.1726, 23.1365 ], [ 73.1742, 23.1364 ], [ 73.176, 23.1392 ], [ 73.1767, 23.1378 ], [ 73.1827, 23.1413 ], [ 73.181, 23.1435 ], [ 73.1838, 23.1464 ], [ 73.1883, 23.1464 ], [ 73.1874, 23.1484 ], [ 73.1887, 23.1501 ], [ 73.1902, 23.1503 ], [ 73.1921, 23.1449 ], [ 73.1953, 23.1464 ], [ 73.1954, 23.145 ], [ 73.1974, 23.1457 ], [ 73.1996, 23.1437 ], [ 73.1991, 23.1446 ], [ 73.2003, 23.1462 ], [ 73.2008, 23.1452 ], [ 73.2012, 23.1463 ], [ 73.2025, 23.1458 ], [ 73.2037, 23.1439 ], [ 73.202, 23.1387 ], [ 73.2012, 23.1253 ], [ 73.2058, 23.1101 ], [ 73.2091, 23.1076 ], [ 73.2176, 23.1054 ], [ 73.2251, 23.1055 ], [ 73.225, 23.1013 ], [ 73.2268, 23.1013 ], [ 73.2311, 23.089 ], [ 73.2319, 23.0889 ], [ 73.229, 23.0843 ], [ 73.232, 23.0862 ], [ 73.2344, 23.0854 ], [ 73.2371, 23.0864 ], [ 73.241, 23.0706 ], [ 73.2544, 23.0648 ], [ 73.2663, 23.0618 ], [ 73.2733, 23.0586 ], [ 73.2736, 23.0536 ], [ 73.2756, 23.0497 ], [ 73.2576, 23.041 ], [ 73.2577, 23.0394 ], [ 73.255, 23.0403 ], [ 73.2446, 23.0377 ], [ 73.2461, 23.0347 ], [ 73.2462, 23.0268 ], [ 73.2422, 23.0179 ], [ 73.2435, 23.0175 ], [ 73.2435, 23.0156 ], [ 73.2476, 23.0132 ], [ 73.2483, 23.0111 ], [ 73.253, 23.0067 ], [ 73.2648, 23.0005 ], [ 73.2677, 22.991 ], [ 73.2702, 22.9886 ], [ 73.27, 22.9868 ], [ 73.2715, 22.9849 ], [ 73.2706, 22.9844 ], [ 73.2723, 22.9824 ], [ 73.2717, 22.9811 ], [ 73.2742, 22.9795 ], [ 73.2759, 22.9766 ], [ 73.2716, 22.9742 ], [ 73.2535, 22.9685 ], [ 73.251, 22.9641 ], [ 73.2435, 22.964 ], [ 73.236, 22.9621 ], [ 73.2315, 22.9589 ], [ 73.2329, 22.9548 ], [ 73.2305, 22.9529 ], [ 73.2228, 22.9544 ], [ 73.2044, 22.9521 ], [ 73.1986, 22.9525 ], [ 73.1944, 22.9549 ], [ 73.182, 22.9576 ], [ 73.1806, 22.9574 ], [ 73.1787, 22.9538 ], [ 73.1776, 22.9537 ], [ 73.1755, 22.9558 ], [ 73.1756, 22.9589 ], [ 73.1711, 22.9558 ], [ 73.1547, 22.9594 ], [ 73.1511, 22.9593 ], [ 73.1468, 22.9605 ], [ 73.1455, 22.9624 ], [ 73.144, 22.9603 ], [ 73.1421, 22.9602 ], [ 73.1418, 22.9582 ], [ 73.1406, 22.9583 ], [ 73.1398, 22.9607 ], [ 73.1382, 22.9611 ], [ 73.1357, 22.9591 ], [ 73.1337, 22.9588 ], [ 73.1331, 22.9604 ], [ 73.1299, 22.9594 ], [ 73.1275, 22.9579 ], [ 73.1263, 22.9556 ], [ 73.1299, 22.9436 ], [ 73.1291, 22.9391 ], [ 73.1229, 22.9334 ], [ 73.1198, 22.9366 ], [ 73.1179, 22.9354 ], [ 73.1095, 22.9354 ], [ 73.1058, 22.9341 ], [ 73.1039, 22.927 ], [ 73.1053, 22.9246 ], [ 73.107, 22.924 ], [ 73.1049, 22.9185 ], [ 73.1052, 22.9158 ], [ 73.1073, 22.9151 ], [ 73.0968, 22.9107 ], [ 73.0954, 22.9106 ], [ 73.0947, 22.9127 ], [ 73.0955, 22.9148 ], [ 73.0873, 22.9164 ], [ 73.0811, 22.9199 ], [ 73.0724, 22.919 ], [ 73.0637, 22.9371 ], [ 73.065, 22.9392 ], [ 73.0667, 22.9381 ], [ 73.0691, 22.9388 ], [ 73.0703, 22.9409 ], [ 73.0694, 22.9415 ], [ 73.0632, 22.9406 ], [ 73.0586, 22.9413 ], [ 73.0577, 22.9446 ], [ 73.056, 22.9442 ], [ 73.055, 22.9467 ], [ 73.0536, 22.9461 ], [ 73.0539, 22.9477 ], [ 73.0508, 22.9478 ], [ 73.0481, 22.9504 ], [ 73.0441, 22.9469 ], [ 73.0438, 22.9439 ], [ 73.0386, 22.9481 ], [ 73.0339, 22.9483 ], [ 73.0311, 22.9555 ], [ 73.0317, 22.958 ], [ 73.0334, 22.9598 ], [ 73.04, 22.9626 ], [ 73.033, 22.9659 ], [ 73.0275, 22.9653 ], [ 73.0252, 22.9628 ], [ 73.0266, 22.9613 ], [ 73.025, 22.9604 ], [ 73.0257, 22.9585 ], [ 73.0193, 22.9581 ], [ 73.0139, 22.951 ], [ 73.0083, 22.9469 ], [ 73.0054, 22.9462 ], [ 72.9924, 22.9482 ], [ 72.9841, 22.9481 ], [ 72.9815, 22.9518 ], [ 72.9787, 22.9526 ], [ 72.9752, 22.9595 ], [ 72.9736, 22.9593 ], [ 72.9727, 22.9662 ], [ 72.9718, 22.9683 ], [ 72.9706, 22.9678 ], [ 72.97, 22.969 ], [ 72.9702, 22.9709 ], [ 72.9784, 22.9747 ], [ 72.9858, 22.9821 ], [ 72.981, 22.9942 ], [ 72.9778, 22.9992 ], [ 72.9711, 23.0172 ], [ 72.9688, 23.0158 ], [ 72.9666, 23.0165 ], [ 72.9648, 23.0142 ], [ 72.961, 23.0139 ], [ 72.9573, 23.0101 ], [ 72.9541, 23.0096 ], [ 72.9528, 23.011 ], [ 72.9509, 23.0105 ], [ 72.9498, 23.0116 ], [ 72.9477, 23.0116 ], [ 72.9467, 23.0103 ], [ 72.9449, 23.0108 ], [ 72.9476, 23.0187 ], [ 72.9469, 23.0233 ], [ 72.9455, 23.0272 ], [ 72.9428, 23.0307 ], [ 72.9378, 23.0337 ], [ 72.9374, 23.0356 ], [ 72.9395, 23.0416 ], [ 72.9451, 23.0436 ], [ 72.9542, 23.0438 ], [ 72.9594, 23.0472 ], [ 72.959, 23.0479 ], [ 72.9643, 23.0535 ], [ 72.9648, 23.0573 ], [ 72.9583, 23.0611 ], [ 72.9583, 23.0636 ], [ 72.9589, 23.0659 ], [ 72.9639, 23.0663 ], [ 72.9649, 23.0678 ], [ 72.9616, 23.0733 ], [ 72.9599, 23.0726 ], [ 72.9583, 23.0736 ], [ 72.9552, 23.0855 ], [ 72.9576, 23.0877 ], [ 72.9649, 23.0904 ], [ 72.966, 23.1012 ], [ 72.9707, 23.1004 ], [ 72.9715, 23.1014 ], [ 72.9715, 23.1031 ], [ 72.966, 23.1032 ], [ 72.9654, 23.1053 ], [ 72.9664, 23.108 ], [ 72.9758, 23.1078 ], [ 72.9784, 23.1098 ], [ 72.9751, 23.115 ], [ 72.9748, 23.1216 ], [ 72.976, 23.1244 ], [ 72.9791, 23.1278 ], [ 72.9846, 23.1311 ], [ 72.9904, 23.1327 ], [ 72.9966, 23.1329 ], [ 73.0086, 23.13 ], [ 73.0156, 23.1262 ], [ 73.0259, 23.13 ], [ 73.0294, 23.1348 ], [ 73.0281, 23.1391 ], [ 73.0251, 23.143 ], [ 73.0223, 23.1422 ], [ 73.014, 23.1436 ], [ 73.0147, 23.149 ], [ 73.0128, 23.1525 ], [ 73.0118, 23.1525 ], [ 73.0136, 23.1551 ], [ 73.0117, 23.1568 ], [ 73.012, 23.1594 ], [ 73.0138, 23.1603 ], [ 73.0189, 23.1599 ], [ 73.0197, 23.1611 ], [ 73.0188, 23.1664 ], [ 73.0194, 23.1694 ], [ 73.0218, 23.1693 ], [ 73.0231, 23.1658 ], [ 73.0258, 23.1652 ], [ 73.0287, 23.1656 ], [ 73.0322, 23.1682 ], [ 73.0341, 23.165 ], [ 73.0335, 23.1623 ], [ 73.038, 23.1616 ], [ 73.0409, 23.1637 ], [ 73.0426, 23.1633 ], [ 73.0445, 23.1654 ], [ 73.0622, 23.1593 ], [ 73.0681, 23.1592 ], [ 73.0702, 23.1601 ], [ 73.0719, 23.1651 ], [ 73.0752, 23.1672 ], [ 73.0825, 23.1708 ], [ 73.0863, 23.1683 ], [ 73.0935, 23.1684 ], [ 73.1068, 23.1788 ], [ 73.1151, 23.1834 ], [ 73.1145, 23.185 ], [ 73.1207, 23.1866 ], [ 73.1212, 23.1902 ], [ 73.1236, 23.1928 ], [ 73.1246, 23.1967 ], [ 73.126, 23.1987 ], [ 73.1319, 23.2019 ], [ 73.1335, 23.2055 ], [ 73.1414, 23.1995 ] ] ] } },
{ "type": "Feature", "properties": { "block": "Khanpur", "district": "Mahisagar" }, "geometry": { "type": "Polygon", "coordinates": [ [ [ 73.6913, 23.4583 ], [ 73.6954, 23.4559 ], [ 73.6981, 23.4563 ], [ 73.7043, 23.4514 ], [ 73.7069, 23.4456 ], [ 73.7051, 23.4382 ], [ 73.7074, 23.4379 ], [ 73.7086, 23.4359 ], [ 73.7116, 23.4355 ], [ 73.7116, 23.4339 ], [ 73.708, 23.4312 ], [ 73.7079, 23.4295 ], [ 73.7104, 23.4254 ], [ 73.7081, 23.4223 ], [ 73.7112, 23.4219 ], [ 73.7121, 23.419 ], [ 73.7145, 23.4167 ], [ 73.7132, 23.4144 ], [ 73.7208, 23.4101 ], [ 73.7245, 23.404 ], [ 73.722, 23.4014 ], [ 73.7165, 23.402 ], [ 73.7108, 23.3956 ], [ 73.7078, 23.3935 ], [ 73.7044, 23.3934 ], [ 73.6996, 23.3899 ], [ 73.6928, 23.391 ], [ 73.6875, 23.384 ], [ 73.6876, 23.3798 ], [ 73.6896, 23.3775 ], [ 73.6915, 23.3764 ], [ 73.6984, 23.3759 ], [ 73.7036, 23.3722 ], [ 73.7037, 23.3714 ], [ 73.6996, 23.3692 ], [ 73.6997, 23.363 ], [ 73.698, 23.359 ], [ 73.6901, 23.3537 ], [ 73.69, 23.3512 ], [ 73.6921, 23.3492 ], [ 73.6941, 23.3431 ], [ 73.6917, 23.3398 ], [ 73.6912, 23.3362 ], [ 73.6886, 23.3349 ], [ 73.6881, 23.333 ], [ 73.691, 23.3249 ], [ 73.6951, 23.3205 ], [ 73.6959, 23.3167 ], [ 73.6997, 23.3143 ], [ 73.7008, 23.3109 ], [ 73.7031, 23.3091 ], [ 73.7042, 23.3057 ], [ 73.7065, 23.3046 ], [ 73.7095, 23.2988 ], [ 73.7097, 23.2952 ], [ 73.7125, 23.2925 ], [ 73.7137, 23.2896 ], [ 73.7139, 23.2851 ], [ 73.7128, 23.2828 ], [ 73.6973, 23.2685 ], [ 73.6984, 23.2661 ], [ 73.69, 23.2586 ], [ 73.6845, 23.2519 ], [ 73.6812, 23.2505 ], [ 73.6683, 23.2487 ], [ 73.6603, 23.2408 ], [ 73.6599, 23.2316 ], [ 73.6636, 23.2204 ], [ 73.6632, 23.2181 ], [ 73.6593, 23.212 ], [ 73.6502, 23.2062 ], [ 73.6322, 23.2011 ], [ 73.625, 23.2019 ], [ 73.618, 23.205 ], [ 73.6173, 23.2064 ], [ 73.6066, 23.2082 ], [ 73.5769, 23.1964 ], [ 73.5759, 23.2005 ], [ 73.5754, 23.1991 ], [ 73.5724, 23.2128 ], [ 73.5694, 23.2107 ], [ 73.5701, 23.2094 ], [ 73.5604, 23.2033 ], [ 73.556, 23.2018 ], [ 73.5532, 23.2034 ], [ 73.5529, 23.2058 ], [ 73.5559, 23.2073 ], [ 73.5562, 23.2089 ], [ 73.5545, 23.211 ], [ 73.5511, 23.211 ], [ 73.5501, 23.2143 ], [ 73.5487, 23.2143 ], [ 73.5465, 23.2174 ], [ 73.5465, 23.2192 ], [ 73.5444, 23.2208 ], [ 73.5436, 23.2254 ], [ 73.5448, 23.2264 ], [ 73.5442, 23.2281 ], [ 73.5473, 23.2292 ], [ 73.5477, 23.2331 ], [ 73.5511, 23.2374 ], [ 73.5554, 23.237 ], [ 73.5556, 23.2359 ], [ 73.5574, 23.2361 ], [ 73.56, 23.2346 ], [ 73.5618, 23.2376 ], [ 73.5652, 23.2389 ], [ 73.5755, 23.2464 ], [ 73.5763, 23.2468 ], [ 73.5764, 23.2439 ], [ 73.5779, 23.2445 ], [ 73.5772, 23.2461 ], [ 73.5791, 23.2464 ], [ 73.5808, 23.2453 ], [ 73.582, 23.2469 ], [ 73.5807, 23.2485 ], [ 73.582, 23.2487 ], [ 73.5826, 23.2503 ], [ 73.5812, 23.2496 ], [ 73.5801, 23.2508 ], [ 73.5819, 23.2539 ], [ 73.5814, 23.2545 ], [ 73.5798, 23.2536 ], [ 73.5792, 23.2549 ], [ 73.5819, 23.2564 ], [ 73.5822, 23.2582 ], [ 73.5808, 23.2602 ], [ 73.5832, 23.2618 ], [ 73.5839, 23.2601 ], [ 73.5887, 23.2618 ], [ 73.5876, 23.2627 ], [ 73.5849, 23.2623 ], [ 73.5867, 23.2646 ], [ 73.5848, 23.2665 ], [ 73.5834, 23.2657 ], [ 73.581, 23.2663 ], [ 73.5799, 23.2701 ], [ 73.5802, 23.2703 ], [ 73.5807, 23.2709 ], [ 73.5807, 23.271 ], [ 73.5786, 23.2723 ], [ 73.5756, 23.2719 ], [ 73.5754, 23.2734 ], [ 73.572, 23.2731 ], [ 73.572, 23.2754 ], [ 73.5681, 23.2761 ], [ 73.5584, 23.2721 ], [ 73.5538, 23.2719 ], [ 73.5488, 23.2698 ], [ 73.5498, 23.2687 ], [ 73.5486, 23.2675 ], [ 73.5499, 23.2679 ], [ 73.5499, 23.2666 ], [ 73.5461, 23.2633 ], [ 73.5466, 23.2624 ], [ 73.5408, 23.2585 ], [ 73.541, 23.2529 ], [ 73.5312, 23.2475 ], [ 73.5226, 23.259 ], [ 73.5246, 23.2614 ], [ 73.5217, 23.2677 ], [ 73.5229, 23.269 ], [ 73.5301, 23.2715 ], [ 73.5311, 23.2732 ], [ 73.5259, 23.2856 ], [ 73.5342, 23.292 ], [ 73.5402, 23.3083 ], [ 73.5449, 23.3119 ], [ 73.5542, 23.3142 ], [ 73.5573, 23.3175 ], [ 73.5579, 23.3276 ], [ 73.564, 23.3364 ], [ 73.5648, 23.3422 ], [ 73.564, 23.3461 ], [ 73.5702, 23.3486 ], [ 73.5759, 23.3579 ], [ 73.5862, 23.3651 ], [ 73.5875, 23.3718 ], [ 73.59, 23.3741 ], [ 73.5904, 23.3761 ], [ 73.5947, 23.3795 ], [ 73.5939, 23.3834 ], [ 73.6119, 23.3891 ], [ 73.6123, 23.3919 ], [ 73.6145, 23.3946 ], [ 73.6156, 23.3944 ], [ 73.6154, 23.3969 ], [ 73.6181, 23.3971 ], [ 73.6198, 23.4 ], [ 73.6232, 23.4007 ], [ 73.6224, 23.4021 ], [ 73.6243, 23.4027 ], [ 73.6258, 23.4054 ], [ 73.6257, 23.4079 ], [ 73.6302, 23.4136 ], [ 73.6289, 23.4169 ], [ 73.6319, 23.4215 ], [ 73.6287, 23.4261 ], [ 73.6225, 23.4289 ], [ 73.6204, 23.4328 ], [ 73.6212, 23.4362 ], [ 73.6203, 23.4368 ], [ 73.6212, 23.4397 ], [ 73.6226, 23.4402 ], [ 73.6219, 23.4412 ], [ 73.6276, 23.4474 ], [ 73.6272, 23.4486 ], [ 73.632, 23.4496 ], [ 73.636, 23.4491 ], [ 73.6415, 23.444 ], [ 73.6445, 23.4432 ], [ 73.6462, 23.4414 ], [ 73.6475, 23.4365 ], [ 73.6531, 23.4425 ], [ 73.6617, 23.4488 ], [ 73.6739, 23.4541 ], [ 73.6852, 23.4536 ], [ 73.6913, 23.4583 ] ] ] } },
{ "type": "Feature", "properties": { "block": "Lunawada", "district": "Mahisagar" }, "geometry": { "type": "MultiPolygon", "coordinates": [ [ [ [ 73.7458, 23.0642 ], [ 73.75, 23.0594 ], [ 73.767, 23.056 ], [ 73.7661, 23.0521 ], [ 73.7688, 23.0441 ], [ 73.7677, 23.0412 ], [ 73.7643, 23.0383 ], [ 73.7577, 23.0387 ], [ 73.7578, 23.0374 ], [ 73.7566, 23.0369 ], [ 73.7571, 23.0284 ], [ 73.7566, 23.0271 ], [ 73.7559, 23.0275 ], [ 73.7556, 23.0253 ], [ 73.7537, 23.0231 ], [ 73.7493, 23.0209 ], [ 73.7464, 23.0149 ], [ 73.7435, 23.0144 ], [ 73.7413, 23.0117 ], [ 73.7365, 23.0132 ], [ 73.7326, 23.0253 ], [ 73.7323, 23.0331 ], [ 73.7238, 23.0364 ], [ 73.7193, 23.0362 ], [ 73.7172, 23.0302 ], [ 73.7163, 23.0235 ], [ 73.7119, 23.0238 ], [ 73.7026, 23.0215 ], [ 73.6966, 23.0276 ], [ 73.6904, 23.0239 ], [ 73.6853, 23.0241 ], [ 73.6739, 23.0192 ], [ 73.6686, 23.0203 ], [ 73.6671, 23.0216 ], [ 73.6696, 23.0251 ], [ 73.6711, 23.0307 ], [ 73.6699, 23.0331 ], [ 73.6772, 23.035 ], [ 73.6792, 23.0375 ], [ 73.6846, 23.0377 ], [ 73.7158, 23.0532 ], [ 73.7184, 23.0555 ], [ 73.7179, 23.0591 ], [ 73.7189, 23.0615 ], [ 73.726, 23.0619 ], [ 73.7291, 23.0643 ], [ 73.734, 23.0635 ], [ 73.7369, 23.0672 ], [ 73.7458, 23.0642 ] ] ], [ [ [ 73.7201, 23.2583 ], [ 73.7365, 23.2668 ], [ 73.7373, 23.2618 ], [ 73.7408, 23.257 ], [ 73.7437, 23.2586 ], [ 73.7455, 23.2551 ], [ 73.7457, 23.2491 ], [ 73.744, 23.247 ], [ 73.7461, 23.2461 ], [ 73.747, 23.244 ], [ 73.7481, 23.2444 ], [ 73.7485, 23.2404 ], [ 73.7509, 23.2375 ], [ 73.7507, 23.2312 ], [ 73.7436, 23.2238 ], [ 73.747, 23.2245 ], [ 73.7459, 23.2236 ], [ 73.7464, 23.2212 ], [ 73.7436, 23.2196 ], [ 73.7406, 23.2196 ], [ 73.739, 23.2185 ], [ 73.7374, 23.2195 ], [ 73.7336, 23.219 ], [ 73.733, 23.2209 ], [ 73.7292, 23.2188 ], [ 73.7253, 23.2086 ], [ 73.7293, 23.2037 ], [ 73.7312, 23.1992 ], [ 73.7297, 23.1858 ], [ 73.7315, 23.184 ], [ 73.7309, 23.1822 ], [ 73.724, 23.1788 ], [ 73.7233, 23.1725 ], [ 73.7206, 23.1697 ], [ 73.7187, 23.1702 ], [ 73.7177, 23.1676 ], [ 73.7188, 23.1674 ], [ 73.717, 23.1663 ], [ 73.7163, 23.1621 ], [ 73.7122, 23.1627 ], [ 73.7125, 23.1609 ], [ 73.7101, 23.1597 ], [ 73.7103, 23.1586 ], [ 73.7043, 23.1571 ], [ 73.7032, 23.1553 ], [ 73.6967, 23.1554 ], [ 73.6912, 23.1502 ], [ 73.6922, 23.1471 ], [ 73.6915, 23.1402 ], [ 73.696, 23.1398 ], [ 73.6989, 23.1339 ], [ 73.7, 23.1096 ], [ 73.682, 23.1085 ], [ 73.6791, 23.106 ], [ 73.6736, 23.1046 ], [ 73.6703, 23.0985 ], [ 73.6668, 23.0961 ], [ 73.6641, 23.0959 ], [ 73.6586, 23.0779 ], [ 73.6551, 23.0745 ], [ 73.6519, 23.0649 ], [ 73.642, 23.0586 ], [ 73.6401, 23.0534 ], [ 73.6353, 23.05 ], [ 73.6344, 23.0457 ], [ 73.6288, 23.0398 ], [ 73.6296, 23.0304 ], [ 73.6318, 23.0263 ], [ 73.6357, 23.0257 ], [ 73.641, 23.0203 ], [ 73.65, 23.0197 ], [ 73.6561, 23.0217 ], [ 73.6563, 23.0203 ], [ 73.6507, 23.0167 ], [ 73.6432, 23.0151 ], [ 73.6363, 23.0175 ], [ 73.6358, 23.0135 ], [ 73.6315, 23.0117 ], [ 73.6194, 23.0246 ], [ 73.6183, 23.0172 ], [ 73.613, 23.0148 ], [ 73.6091, 23.0095 ], [ 73.6082, 23.0065 ], [ 73.6024, 23.0027 ], [ 73.5981, 22.9971 ], [ 73.5942, 22.9951 ], [ 73.5947, 22.9922 ], [ 73.5874, 22.9913 ], [ 73.5843, 22.9872 ], [ 73.5621, 22.9855 ], [ 73.5525, 22.9889 ], [ 73.5401, 22.9911 ], [ 73.5353, 22.9938 ], [ 73.5331, 22.9879 ], [ 73.5313, 22.9882 ], [ 73.5284, 22.9859 ], [ 73.5258, 22.987 ], [ 73.5245, 22.9862 ], [ 73.5241, 22.9812 ], [ 73.5206, 22.9822 ], [ 73.5176, 22.986 ], [ 73.5146, 22.9835 ], [ 73.5096, 22.9834 ], [ 73.5083, 22.9882 ], [ 73.5052, 22.9893 ], [ 73.5047, 22.988 ], [ 73.5027, 22.9881 ], [ 73.503, 22.9948 ], [ 73.4952, 22.9952 ], [ 73.4895, 22.9937 ], [ 73.485, 22.9943 ], [ 73.4812, 22.9861 ], [ 73.476, 22.9828 ], [ 73.4783, 22.987 ], [ 73.473, 22.9883 ], [ 73.4716, 22.9939 ], [ 73.4714, 23.0007 ], [ 73.4558, 23.0029 ], [ 73.4523, 23.0144 ], [ 73.4479, 23.0161 ], [ 73.4498, 23.0226 ], [ 73.4445, 23.0318 ], [ 73.4369, 23.0327 ], [ 73.4348, 23.0251 ], [ 73.4136, 23.029 ], [ 73.4148, 23.0317 ], [ 73.4135, 23.0365 ], [ 73.4152, 23.0416 ], [ 73.4175, 23.0445 ], [ 73.4173, 23.0481 ], [ 73.4185, 23.0476 ], [ 73.4218, 23.05 ], [ 73.4245, 23.054 ], [ 73.4214, 23.0568 ], [ 73.4181, 23.0624 ], [ 73.415, 23.0646 ], [ 73.4161, 23.0723 ], [ 73.4139, 23.0767 ], [ 73.4181, 23.0794 ], [ 73.4169, 23.0823 ], [ 73.4205, 23.084 ], [ 73.4217, 23.0859 ], [ 73.4211, 23.0894 ], [ 73.4232, 23.0898 ], [ 73.424, 23.093 ], [ 73.4231, 23.0983 ], [ 73.421, 23.1015 ], [ 73.4185, 23.102 ], [ 73.4151, 23.1061 ], [ 73.4127, 23.1047 ], [ 73.4063, 23.1038 ], [ 73.4048, 23.1039 ], [ 73.4042, 23.1053 ], [ 73.4003, 23.102 ], [ 73.3972, 23.1013 ], [ 73.3844, 23.1017 ], [ 73.3757, 23.1037 ], [ 73.3673, 23.1168 ], [ 73.3753, 23.1177 ], [ 73.3833, 23.1354 ], [ 73.3913, 23.1409 ], [ 73.4054, 23.1471 ], [ 73.4104, 23.1461 ], [ 73.4137, 23.1476 ], [ 73.4213, 23.1537 ], [ 73.4266, 23.1561 ], [ 73.4312, 23.1536 ], [ 73.4353, 23.1464 ], [ 73.4335, 23.1427 ], [ 73.4392, 23.1411 ], [ 73.4444, 23.1461 ], [ 73.4514, 23.1499 ], [ 73.4546, 23.15 ], [ 73.4578, 23.1528 ], [ 73.4629, 23.1519 ], [ 73.4831, 23.1535 ], [ 73.4841, 23.15 ], [ 73.4876, 23.1506 ], [ 73.4883, 23.1495 ], [ 73.4925, 23.1515 ], [ 73.4956, 23.1509 ], [ 73.4965, 23.1497 ], [ 73.4954, 23.148 ], [ 73.4972, 23.147 ], [ 73.498, 23.1481 ], [ 73.5034, 23.1443 ], [ 73.5121, 23.1453 ], [ 73.5162, 23.1486 ], [ 73.5188, 23.1526 ], [ 73.5229, 23.1543 ], [ 73.5224, 23.1599 ], [ 73.5199, 23.1623 ], [ 73.5222, 23.1634 ], [ 73.522, 23.166 ], [ 73.5187, 23.165 ], [ 73.5184, 23.1664 ], [ 73.5194, 23.1708 ], [ 73.5229, 23.1734 ], [ 73.5241, 23.1724 ], [ 73.5284, 23.174 ], [ 73.5284, 23.1769 ], [ 73.5355, 23.1814 ], [ 73.5325, 23.1823 ], [ 73.5316, 23.1875 ], [ 73.5399, 23.1896 ], [ 73.545, 23.1925 ], [ 73.5431, 23.1945 ], [ 73.5449, 23.1946 ], [ 73.5465, 23.1902 ], [ 73.5514, 23.1912 ], [ 73.5535, 23.193 ], [ 73.566, 23.1933 ], [ 73.5675, 23.1924 ], [ 73.5759, 23.2005 ], [ 73.5769, 23.1964 ], [ 73.6066, 23.2082 ], [ 73.6173, 23.2064 ], [ 73.618, 23.205 ], [ 73.625, 23.2019 ], [ 73.6322, 23.2011 ], [ 73.6502, 23.2062 ], [ 73.6593, 23.212 ], [ 73.6632, 23.2181 ], [ 73.6636, 23.2204 ], [ 73.6599, 23.2316 ], [ 73.6603, 23.2408 ], [ 73.6683, 23.2487 ], [ 73.6812, 23.2505 ], [ 73.6845, 23.2519 ], [ 73.6986, 23.2665 ], [ 73.7095, 23.2615 ], [ 73.7201, 23.2583 ] ] ] ] } },
{ "type": "Feature", "properties": { "block": "Virpur", "district": "Mahisagar" }, "geometry": { "type": "MultiPolygon", "coordinates": [ [ [ [ 73.4729, 23.2885 ], [ 73.476, 23.2804 ], [ 73.4761, 23.2766 ], [ 73.474, 23.2729 ], [ 73.4751, 23.2686 ], [ 73.4865, 23.2752 ], [ 73.4978, 23.2776 ], [ 73.5044, 23.2811 ], [ 73.5099, 23.2805 ], [ 73.5159, 23.2814 ], [ 73.5259, 23.2856 ], [ 73.5311, 23.2732 ], [ 73.5301, 23.2715 ], [ 73.5229, 23.269 ], [ 73.5217, 23.2677 ], [ 73.5246, 23.2614 ], [ 73.5226, 23.259 ], [ 73.5312, 23.2475 ], [ 73.541, 23.2529 ], [ 73.5408, 23.2585 ], [ 73.5466, 23.2624 ], [ 73.5461, 23.2633 ], [ 73.5499, 23.2666 ], [ 73.5499, 23.2679 ], [ 73.5486, 23.2675 ], [ 73.5498, 23.2687 ], [ 73.5488, 23.2698 ], [ 73.5538, 23.2719 ], [ 73.5584, 23.2721 ], [ 73.5681, 23.2761 ], [ 73.572, 23.2754 ], [ 73.572, 23.2731 ], [ 73.5754, 23.2734 ], [ 73.5756, 23.2719 ], [ 73.5786, 23.2723 ], [ 73.5807, 23.271 ], [ 73.5799, 23.2701 ], [ 73.581, 23.2663 ], [ 73.5834, 23.2657 ], [ 73.5848, 23.2665 ], [ 73.5867, 23.2646 ], [ 73.5849, 23.2623 ], [ 73.5876, 23.2627 ], [ 73.5887, 23.2615 ], [ 73.5839, 23.2601 ], [ 73.5832, 23.2618 ], [ 73.5808, 23.2602 ], [ 73.5822, 23.2582 ], [ 73.5819, 23.2564 ], [ 73.5792, 23.2549 ], [ 73.5798, 23.2536 ], [ 73.5814, 23.2545 ], [ 73.5819, 23.2539 ], [ 73.5801, 23.2508 ], [ 73.5812, 23.2496 ], [ 73.5826, 23.2503 ], [ 73.582, 23.2487 ], [ 73.5807, 23.2485 ], [ 73.582, 23.2469 ], [ 73.5809, 23.2454 ], [ 73.5772, 23.2461 ], [ 73.5779, 23.2445 ], [ 73.5764, 23.2439 ], [ 73.5763, 23.2468 ], [ 73.5755, 23.2464 ], [ 73.5652, 23.2389 ], [ 73.5618, 23.2376 ], [ 73.56, 23.2346 ], [ 73.5574, 23.2361 ], [ 73.5556, 23.2359 ], [ 73.5554, 23.237 ], [ 73.5511, 23.2374 ], [ 73.5505, 23.2358 ], [ 73.5496, 23.2367 ], [ 73.5477, 23.2331 ], [ 73.5473, 23.2292 ], [ 73.5442, 23.2281 ], [ 73.5448, 23.2264 ], [ 73.5436, 23.2254 ], [ 73.5444, 23.2208 ], [ 73.5465, 23.2192 ], [ 73.5465, 23.2174 ], [ 73.5487, 23.2143 ], [ 73.5501, 23.2143 ], [ 73.5511, 23.211 ], [ 73.5545, 23.211 ], [ 73.5562, 23.2089 ], [ 73.5559, 23.2073 ], [ 73.5529, 23.2058 ], [ 73.5532, 23.2034 ], [ 73.556, 23.2018 ], [ 73.5604, 23.2033 ], [ 73.5701, 23.2094 ], [ 73.5694, 23.2107 ], [ 73.5724, 23.2128 ], [ 73.5754, 23.1991 ], [ 73.5675, 23.1924 ], [ 73.566, 23.1933 ], [ 73.5535, 23.193 ], [ 73.5514, 23.1912 ], [ 73.5465, 23.1902 ], [ 73.5449, 23.1946 ], [ 73.5431, 23.1945 ], [ 73.545, 23.1925 ], [ 73.5399, 23.1896 ], [ 73.5318, 23.1877 ], [ 73.5325, 23.1823 ], [ 73.5354, 23.1813 ], [ 73.5284, 23.1769 ], [ 73.5284, 23.174 ], [ 73.5241, 23.1724 ], [ 73.5229, 23.1734 ], [ 73.5194, 23.1708 ], [ 73.5183, 23.1669 ], [ 73.5187, 23.165 ], [ 73.522, 23.166 ], [ 73.5222, 23.1634 ], [ 73.5199, 23.1623 ], [ 73.5224, 23.1599 ], [ 73.5229, 23.1543 ], [ 73.5188, 23.1526 ], [ 73.5162, 23.1486 ], [ 73.5121, 23.1453 ], [ 73.5034, 23.1443 ], [ 73.498, 23.1481 ], [ 73.4972, 23.147 ], [ 73.4954, 23.148 ], [ 73.4965, 23.1497 ], [ 73.4956, 23.1509 ], [ 73.4925, 23.1515 ], [ 73.4883, 23.1495 ], [ 73.4876, 23.1506 ], [ 73.4841, 23.15 ], [ 73.4831, 23.1535 ], [ 73.4629, 23.1519 ], [ 73.4578, 23.1528 ], [ 73.4546, 23.15 ], [ 73.4514, 23.1499 ], [ 73.4444, 23.1461 ], [ 73.4392, 23.1411 ], [ 73.4335, 23.1427 ], [ 73.4353, 23.1464 ], [ 73.4312, 23.1536 ], [ 73.4266, 23.1561 ], [ 73.4235, 23.1551 ], [ 73.4108, 23.1462 ], [ 73.4054, 23.1471 ], [ 73.3901, 23.1401 ], [ 73.3827, 23.1347 ], [ 73.3753, 23.1177 ], [ 73.3673, 23.1168 ], [ 73.3656, 23.1217 ], [ 73.367, 23.1286 ], [ 73.3656, 23.131 ], [ 73.3639, 23.1313 ], [ 73.3707, 23.1356 ], [ 73.3734, 23.1386 ], [ 73.3738, 23.1406 ], [ 73.3704, 23.1429 ], [ 73.369, 23.147 ], [ 73.37, 23.1648 ], [ 73.3709, 23.1677 ], [ 73.3753, 23.1694 ], [ 73.3746, 23.1715 ], [ 73.3656, 23.1754 ], [ 73.3631, 23.1753 ], [ 73.3606, 23.1769 ], [ 73.3556, 23.1769 ], [ 73.3505, 23.1836 ], [ 73.3467, 23.1824 ], [ 73.3453, 23.1807 ], [ 73.3423, 23.1816 ], [ 73.345, 23.1844 ], [ 73.3443, 23.1867 ], [ 73.3474, 23.1889 ], [ 73.3454, 23.1908 ], [ 73.3449, 23.1964 ], [ 73.3425, 23.1981 ], [ 73.3417, 23.2002 ], [ 73.3483, 23.2014 ], [ 73.3481, 23.2025 ], [ 73.3515, 23.203 ], [ 73.3525, 23.2069 ], [ 73.3553, 23.2104 ], [ 73.3746, 23.2158 ], [ 73.3851, 23.2209 ], [ 73.3741, 23.2363 ], [ 73.3783, 23.2407 ], [ 73.3857, 23.2439 ], [ 73.3852, 23.2449 ], [ 73.3923, 23.2511 ], [ 73.3978, 23.2539 ], [ 73.407, 23.261 ], [ 73.4215, 23.2689 ], [ 73.4275, 23.2696 ], [ 73.437, 23.2769 ], [ 73.4436, 23.2775 ], [ 73.4613, 23.2868 ], [ 73.4693, 23.2871 ], [ 73.4729, 23.2885 ] ] ], [ [ [ 73.4355, 23.2826 ], [ 73.4243, 23.2785 ], [ 73.4226, 23.2845 ], [ 73.4349, 23.288 ], [ 73.4355, 23.2826 ] ] ] ] } },
{ "type": "Feature", "properties": { "block": "Balasinor", "district": "Mahisagar" }, "geometry": { "type": "Polygon", "coordinates": [ [ [ 73.3656, 23.1217 ], [ 73.3697, 23.112 ], [ 73.3761, 23.1034 ], [ 73.3846, 23.1017 ], [ 73.3972, 23.1013 ], [ 73.4003, 23.102 ], [ 73.4042, 23.1053 ], [ 73.4048, 23.1039 ], [ 73.4063, 23.1038 ], [ 73.4127, 23.1047 ], [ 73.4151, 23.1061 ], [ 73.4185, 23.102 ], [ 73.421, 23.1015 ], [ 73.4231, 23.0983 ], [ 73.424, 23.093 ], [ 73.4232, 23.0898 ], [ 73.4211, 23.0894 ], [ 73.4217, 23.0859 ], [ 73.4205, 23.084 ], [ 73.4169, 23.0823 ], [ 73.4181, 23.0794 ], [ 73.4139, 23.0767 ], [ 73.4161, 23.0723 ], [ 73.415, 23.0646 ], [ 73.4181, 23.0624 ], [ 73.4214, 23.0568 ], [ 73.4245, 23.054 ], [ 73.4218, 23.05 ], [ 73.4185, 23.0476 ], [ 73.4173, 23.0481 ], [ 73.4175, 23.0445 ], [ 73.4152, 23.0416 ], [ 73.4135, 23.0365 ], [ 73.4148, 23.0317 ], [ 73.4136, 23.029 ], [ 73.4348, 23.0251 ], [ 73.4344, 23.0083 ], [ 73.4366, 22.997 ], [ 73.4389, 22.9916 ], [ 73.4486, 22.9772 ], [ 73.4487, 22.9681 ], [ 73.4455, 22.9636 ], [ 73.4257, 22.9448 ], [ 73.4194, 22.9404 ], [ 73.4147, 22.945 ], [ 73.4107, 22.9551 ], [ 73.4049, 22.9518 ], [ 73.4043, 22.9551 ], [ 73.3934, 22.9514 ], [ 73.393, 22.9527 ], [ 73.3903, 22.953 ], [ 73.3875, 22.9551 ], [ 73.3855, 22.9577 ], [ 73.384, 22.9566 ], [ 73.382, 22.9502 ], [ 73.379, 22.9484 ], [ 73.3788, 22.9464 ], [ 73.3743, 22.9432 ], [ 73.3718, 22.9396 ], [ 73.3705, 22.9395 ], [ 73.3706, 22.9402 ], [ 73.3691, 22.9381 ], [ 73.3679, 22.9393 ], [ 73.3669, 22.9377 ], [ 73.3636, 22.9375 ], [ 73.3628, 22.9356 ], [ 73.3597, 22.9337 ], [ 73.3591, 22.9314 ], [ 73.358, 22.9315 ], [ 73.3501, 22.9241 ], [ 73.3482, 22.925 ], [ 73.3479, 22.9262 ], [ 73.3363, 22.9257 ], [ 73.3301, 22.9277 ], [ 73.3302, 22.9307 ], [ 73.3258, 22.9348 ], [ 73.3216, 22.9362 ], [ 73.3209, 22.938 ], [ 73.3134, 22.9397 ], [ 73.3125, 22.9423 ], [ 73.3092, 22.941 ], [ 73.3043, 22.9368 ], [ 73.3027, 22.9324 ], [ 73.289, 22.9359 ], [ 73.2879, 22.9345 ], [ 73.2798, 22.935 ], [ 73.2768, 22.934 ], [ 73.2733, 22.9299 ], [ 73.2653, 22.9285 ], [ 73.2644, 22.9262 ], [ 73.2638, 22.9277 ], [ 73.2617, 22.9262 ], [ 73.2578, 22.931 ], [ 73.26, 22.9405 ], [ 73.2594, 22.9477 ], [ 73.2573, 22.9543 ], [ 73.251, 22.9641 ], [ 73.2535, 22.9685 ], [ 73.2716, 22.9742 ], [ 73.2759, 22.9766 ], [ 73.2758, 22.9778 ], [ 73.2717, 22.9811 ], [ 73.2723, 22.9824 ], [ 73.2706, 22.9844 ], [ 73.2715, 22.9849 ], [ 73.27, 22.9868 ], [ 73.2702, 22.9886 ], [ 73.2677, 22.991 ], [ 73.2648, 23.0005 ], [ 73.253, 23.0067 ], [ 73.2483, 23.0111 ], [ 73.2476, 23.0132 ], [ 73.2435, 23.0156 ], [ 73.2435, 23.0175 ], [ 73.2422, 23.0179 ], [ 73.2462, 23.0268 ], [ 73.2461, 23.0347 ], [ 73.2446, 23.0377 ], [ 73.255, 23.0403 ], [ 73.2577, 23.0394 ], [ 73.2576, 23.041 ], [ 73.2756, 23.0497 ], [ 73.2736, 23.0536 ], [ 73.2733, 23.0586 ], [ 73.2768, 23.0588 ], [ 73.283, 23.0636 ], [ 73.2911, 23.076 ], [ 73.2989, 23.0839 ], [ 73.3072, 23.0859 ], [ 73.3187, 23.0828 ], [ 73.326, 23.0821 ], [ 73.3264, 23.092 ], [ 73.33, 23.0941 ], [ 73.3306, 23.0987 ], [ 73.3407, 23.1007 ], [ 73.3421, 23.1038 ], [ 73.3394, 23.1077 ], [ 73.3412, 23.1107 ], [ 73.34, 23.1165 ], [ 73.3365, 23.122 ], [ 73.3359, 23.1277 ], [ 73.3387, 23.1306 ], [ 73.3473, 23.1357 ], [ 73.3558, 23.1385 ], [ 73.3621, 23.134 ], [ 73.3639, 23.1313 ], [ 73.3656, 23.131 ], [ 73.367, 23.1286 ], [ 73.3656, 23.1217 ] ] ] } },
{ "type": "Feature", "properties": { "block": "Galteshwar", "district": "Kheda" }, "geometry": { "type": "Polygon", "coordinates": [ [ [ 73.3857, 22.9577 ], [ 73.3875, 22.9551 ], [ 73.3903, 22.953 ], [ 73.393, 22.9527 ], [ 73.3934, 22.9514 ], [ 73.4043, 22.9551 ], [ 73.4049, 22.9518 ], [ 73.4107, 22.9551 ], [ 73.4147, 22.945 ], [ 73.4194, 22.9404 ], [ 73.3831, 22.9154 ], [ 73.3706, 22.9036 ], [ 73.3676, 22.8977 ], [ 73.3668, 22.8934 ], [ 73.368, 22.8868 ], [ 73.3825, 22.8704 ], [ 73.3856, 22.8595 ], [ 73.3847, 22.8541 ], [ 73.3819, 22.8481 ], [ 73.3731, 22.8365 ], [ 73.3734, 22.8287 ], [ 73.3717, 22.8226 ], [ 73.3665, 22.8187 ], [ 73.3632, 22.8132 ], [ 73.3618, 22.8071 ], [ 73.3636, 22.7992 ], [ 73.3512, 22.7926 ], [ 73.3245, 22.786 ], [ 73.3156, 22.7816 ], [ 73.3119, 22.7818 ], [ 73.3081, 22.7836 ], [ 73.3021, 22.782 ], [ 73.2968, 22.7831 ], [ 73.2913, 22.7821 ], [ 73.2884, 22.7836 ], [ 73.2801, 22.7818 ], [ 73.276, 22.7822 ], [ 73.2676, 22.7788 ], [ 73.2622, 22.7822 ], [ 73.2596, 22.7822 ], [ 73.2594, 22.784 ], [ 73.2542, 22.7836 ], [ 73.2536, 22.7866 ], [ 73.2477, 22.788 ], [ 73.2463, 22.7957 ], [ 73.2462, 22.8064 ], [ 73.2493, 22.8127 ], [ 73.2465, 22.8129 ], [ 73.2426, 22.815 ], [ 73.2435, 22.8287 ], [ 73.2451, 22.8314 ], [ 73.2435, 22.8318 ], [ 73.2432, 22.833 ], [ 73.2444, 22.8345 ], [ 73.2437, 22.8379 ], [ 73.2412, 22.8375 ], [ 73.2416, 22.84 ], [ 73.243, 22.8399 ], [ 73.2393, 22.8442 ], [ 73.2408, 22.847 ], [ 73.2427, 22.847 ], [ 73.2426, 22.8481 ], [ 73.2381, 22.8493 ], [ 73.2368, 22.8481 ], [ 73.2353, 22.8515 ], [ 73.2317, 22.8536 ], [ 73.2327, 22.8541 ], [ 73.2323, 22.8555 ], [ 73.2304, 22.8564 ], [ 73.2308, 22.8583 ], [ 73.2292, 22.8609 ], [ 73.2278, 22.8611 ], [ 73.2291, 22.8661 ], [ 73.2334, 22.8681 ], [ 73.2347, 22.8724 ], [ 73.2365, 22.8724 ], [ 73.2391, 22.8754 ], [ 73.2385, 22.8759 ], [ 73.2404, 22.8794 ], [ 73.2375, 22.881 ], [ 73.2427, 22.8839 ], [ 73.2429, 22.8877 ], [ 73.2447, 22.8876 ], [ 73.2446, 22.8896 ], [ 73.2423, 22.8901 ], [ 73.2403, 22.8926 ], [ 73.2429, 22.8933 ], [ 73.2417, 22.8962 ], [ 73.2443, 22.8965 ], [ 73.2473, 22.9017 ], [ 73.2487, 22.9091 ], [ 73.2532, 22.913 ], [ 73.2576, 22.9151 ], [ 73.2614, 22.9154 ], [ 73.2637, 22.9185 ], [ 73.2682, 22.919 ], [ 73.2674, 22.9221 ], [ 73.2651, 22.9226 ], [ 73.2663, 22.9237 ], [ 73.2623, 22.9264 ], [ 73.2638, 22.9277 ], [ 73.2644, 22.9262 ], [ 73.2653, 22.9285 ], [ 73.2733, 22.9299 ], [ 73.2768, 22.934 ], [ 73.2798, 22.935 ], [ 73.2879, 22.9345 ], [ 73.289, 22.9359 ], [ 73.3027, 22.9324 ], [ 73.3043, 22.9368 ], [ 73.3092, 22.941 ], [ 73.3125, 22.9423 ], [ 73.3134, 22.9397 ], [ 73.3209, 22.938 ], [ 73.3216, 22.9362 ], [ 73.3258, 22.9348 ], [ 73.3302, 22.9307 ], [ 73.3301, 22.9277 ], [ 73.3363, 22.9257 ], [ 73.3479, 22.9262 ], [ 73.3482, 22.925 ], [ 73.3501, 22.9241 ], [ 73.358, 22.9315 ], [ 73.3591, 22.9314 ], [ 73.3597, 22.9337 ], [ 73.3628, 22.9356 ], [ 73.3636, 22.9375 ], [ 73.3669, 22.9377 ], [ 73.3679, 22.9393 ], [ 73.3691, 22.9381 ], [ 73.3706, 22.9402 ], [ 73.3705, 22.9395 ], [ 73.3718, 22.9396 ], [ 73.3743, 22.9432 ], [ 73.3788, 22.9464 ], [ 73.379, 22.9484 ], [ 73.382, 22.9502 ], [ 73.384, 22.9566 ], [ 73.3857, 22.9577 ] ] ] } },
{ "type": "Feature", "properties": { "block": "Thasra", "district": "Kheda" }, "geometry": { "type": "Polygon", "coordinates": [ [ [ 73.0587, 22.7187 ], [ 73.0556, 22.7259 ], [ 73.0533, 22.7278 ], [ 73.052, 22.7351 ], [ 73.0545, 22.7367 ], [ 73.0612, 22.737 ], [ 73.0625, 22.7385 ], [ 73.0624, 22.7404 ], [ 73.0636, 22.7405 ], [ 73.0612, 22.7521 ], [ 73.0598, 22.7528 ], [ 73.0613, 22.762 ], [ 73.0609, 22.7655 ], [ 73.0595, 22.7668 ], [ 73.0613, 22.7675 ], [ 73.0621, 22.7664 ], [ 73.0639, 22.7682 ], [ 73.06, 22.7784 ], [ 73.0617, 22.7808 ], [ 73.0608, 22.7828 ], [ 73.0628, 22.7843 ], [ 73.0642, 22.7879 ], [ 73.0636, 22.7899 ], [ 73.0608, 22.7923 ], [ 73.0633, 22.7949 ], [ 73.0664, 22.7942 ], [ 73.0677, 22.7958 ], [ 73.0714, 22.7968 ], [ 73.0738, 22.7989 ], [ 73.0737, 22.8007 ], [ 73.075, 22.8011 ], [ 73.0775, 22.8069 ], [ 73.08, 22.8077 ], [ 73.0811, 22.8106 ], [ 73.083, 22.8117 ], [ 73.082, 22.8144 ], [ 73.0793, 22.8171 ], [ 73.0815, 22.8238 ], [ 73.0791, 22.825 ], [ 73.0796, 22.8298 ], [ 73.0799, 22.8309 ], [ 73.0871, 22.8345 ], [ 73.0888, 22.838 ], [ 73.0823, 22.8415 ], [ 73.079, 22.8491 ], [ 73.081, 22.856 ], [ 73.0831, 22.8585 ], [ 73.0824, 22.8635 ], [ 73.0835, 22.8677 ], [ 73.0902, 22.8714 ], [ 73.0917, 22.8814 ], [ 73.0931, 22.8821 ], [ 73.0936, 22.8848 ], [ 73.0979, 22.8892 ], [ 73.1118, 22.8904 ], [ 73.1188, 22.8929 ], [ 73.1211, 22.8884 ], [ 73.1281, 22.8927 ], [ 73.1376, 22.8902 ], [ 73.1466, 22.8917 ], [ 73.1558, 22.8885 ], [ 73.1687, 22.8884 ], [ 73.1856, 22.8902 ], [ 73.189, 22.8931 ], [ 73.1893, 22.8982 ], [ 73.1873, 22.9 ], [ 73.1876, 22.9076 ], [ 73.2017, 22.9074 ], [ 73.2035, 22.909 ], [ 73.2062, 22.9154 ], [ 73.2115, 22.914 ], [ 73.2132, 22.9151 ], [ 73.2138, 22.9188 ], [ 73.2191, 22.9193 ], [ 73.2208, 22.9211 ], [ 73.2347, 22.9218 ], [ 73.2362, 22.9207 ], [ 73.2393, 22.9209 ], [ 73.2406, 22.9195 ], [ 73.2419, 22.92 ], [ 73.2405, 22.9225 ], [ 73.2406, 22.9266 ], [ 73.2362, 22.9317 ], [ 73.2356, 22.937 ], [ 73.2323, 22.938 ], [ 73.2291, 22.942 ], [ 73.2318, 22.9421 ], [ 73.2322, 22.943 ], [ 73.2319, 22.9519 ], [ 73.2305, 22.9529 ], [ 73.2329, 22.9548 ], [ 73.233, 22.9565 ], [ 73.2313, 22.9585 ], [ 73.232, 22.9599 ], [ 73.2381, 22.9632 ], [ 73.251, 22.9641 ], [ 73.2573, 22.9543 ], [ 73.2594, 22.9477 ], [ 73.26, 22.9405 ], [ 73.258, 22.9303 ], [ 73.2617, 22.9262 ], [ 73.2632, 22.9263 ], [ 73.2663, 22.9237 ], [ 73.2651, 22.9226 ], [ 73.2672, 22.9223 ], [ 73.2684, 22.9197 ], [ 73.2665, 22.9182 ], [ 73.2637, 22.9185 ], [ 73.2614, 22.9154 ], [ 73.2576, 22.9151 ], [ 73.2532, 22.913 ], [ 73.2487, 22.9091 ], [ 73.2473, 22.9017 ], [ 73.2443, 22.8965 ], [ 73.2417, 22.8962 ], [ 73.2429, 22.8933 ], [ 73.2403, 22.8926 ], [ 73.2423, 22.8901 ], [ 73.2446, 22.8896 ], [ 73.2447, 22.8876 ], [ 73.2429, 22.8877 ], [ 73.2427, 22.8839 ], [ 73.2375, 22.881 ], [ 73.2404, 22.8794 ], [ 73.2385, 22.8759 ], [ 73.2391, 22.8754 ], [ 73.2365, 22.8724 ], [ 73.2347, 22.8724 ], [ 73.2334, 22.8681 ], [ 73.2291, 22.8661 ], [ 73.2278, 22.8611 ], [ 73.2292, 22.8609 ], [ 73.2308, 22.8583 ], [ 73.2304, 22.8564 ], [ 73.2323, 22.8555 ], [ 73.2327, 22.8541 ], [ 73.2317, 22.8536 ], [ 73.2353, 22.8515 ], [ 73.2368, 22.8481 ], [ 73.2381, 22.8493 ], [ 73.2426, 22.8481 ], [ 73.2427, 22.847 ], [ 73.2408, 22.847 ], [ 73.2393, 22.8442 ], [ 73.243, 22.8399 ], [ 73.2416, 22.84 ], [ 73.2412, 22.8375 ], [ 73.2437, 22.8379 ], [ 73.2444, 22.8345 ], [ 73.2432, 22.833 ], [ 73.2435, 22.8318 ], [ 73.2451, 22.8314 ], [ 73.2435, 22.8287 ], [ 73.2426, 22.815 ], [ 73.2465, 22.8129 ], [ 73.2493, 22.8127 ], [ 73.2463, 22.8076 ], [ 73.2462, 22.7964 ], [ 73.248, 22.7893 ], [ 73.2474, 22.7886 ], [ 73.2536, 22.7866 ], [ 73.2542, 22.7836 ], [ 73.2594, 22.784 ], [ 73.2596, 22.7822 ], [ 73.2622, 22.7822 ], [ 73.2676, 22.7788 ], [ 73.2688, 22.7793 ], [ 73.263, 22.7754 ], [ 73.2572, 22.7666 ], [ 73.2554, 22.7616 ], [ 73.255, 22.76 ], [ 73.2583, 22.7505 ], [ 73.2598, 22.75 ], [ 73.254, 22.7415 ], [ 73.2515, 22.7303 ], [ 73.2519, 22.7194 ], [ 73.2544, 22.7074 ], [ 73.265, 22.6915 ], [ 73.2649, 22.6875 ], [ 73.2693, 22.6734 ], [ 73.2692, 22.6665 ], [ 73.2603, 22.6568 ], [ 73.2393, 22.6459 ], [ 73.2197, 22.626 ], [ 73.2181, 22.6302 ], [ 73.2183, 22.6327 ], [ 73.2168, 22.6339 ], [ 73.2188, 22.6368 ], [ 73.2125, 22.6441 ], [ 73.2135, 22.6479 ], [ 73.213, 22.6515 ], [ 73.2078, 22.6515 ], [ 73.2002, 22.666 ], [ 73.1982, 22.6668 ], [ 73.1963, 22.6661 ], [ 73.1945, 22.6705 ], [ 73.1998, 22.6714 ], [ 73.2003, 22.6686 ], [ 73.2014, 22.669 ], [ 73.2012, 22.6764 ], [ 73.2037, 22.6778 ], [ 73.2023, 22.6833 ], [ 73.1828, 22.6871 ], [ 73.1579, 22.6814 ], [ 73.1562, 22.6851 ], [ 73.1512, 22.6883 ], [ 73.1474, 22.6971 ], [ 73.1456, 22.6973 ], [ 73.1455, 22.7 ], [ 73.1465, 22.7012 ], [ 73.1452, 22.7031 ], [ 73.1455, 22.7048 ], [ 73.1434, 22.7053 ], [ 73.142, 22.7116 ], [ 73.1365, 22.7174 ], [ 73.1268, 22.7205 ], [ 73.1248, 22.7221 ], [ 73.1127, 22.7185 ], [ 73.1045, 22.7196 ], [ 73.0975, 22.7178 ], [ 73.097, 22.723 ], [ 73.1006, 22.7247 ], [ 73.0997, 22.7276 ], [ 73.0966, 22.7279 ], [ 73.0958, 22.7267 ], [ 73.0928, 22.727 ], [ 73.09, 22.7251 ], [ 73.0858, 22.7251 ], [ 73.0855, 22.7235 ], [ 73.0832, 22.724 ], [ 73.0814, 22.7212 ], [ 73.0801, 22.7227 ], [ 73.0785, 22.7205 ], [ 73.0757, 22.7203 ], [ 73.0749, 22.7223 ], [ 73.0712, 22.7207 ], [ 73.0699, 22.7185 ], [ 73.0687, 22.7197 ], [ 73.0653, 22.717 ], [ 73.063, 22.7186 ], [ 73.0587, 22.7187 ] ] ] } },
{ "type": "Feature", "properties": { "block": "Umreth", "district": "Anand" }, "geometry": { "type": "MultiPolygon", "coordinates": [ [ [ [ 73.1133, 22.559 ], [ 73.1106, 22.5568 ], [ 73.1114, 22.5559 ], [ 73.109, 22.5546 ], [ 73.1097, 22.5534 ], [ 73.1045, 22.5488 ], [ 73.1027, 22.5496 ], [ 73.104, 22.5523 ], [ 73.1005, 22.5519 ], [ 73.0996, 22.5569 ], [ 73.1013, 22.5578 ], [ 73.1004, 22.5603 ], [ 73.1063, 22.5615 ], [ 73.108, 22.5603 ], [ 73.1104, 22.5613 ], [ 73.1133, 22.559 ] ] ], [ [ [ 73.1133, 22.559 ], [ 73.117, 22.564 ], [ 73.1192, 22.5644 ], [ 73.1165, 22.5686 ], [ 73.117, 22.5753 ], [ 73.1152, 22.5762 ], [ 73.1123, 22.584 ], [ 73.1083, 22.5885 ], [ 73.1074, 22.5918 ], [ 73.1052, 22.5919 ], [ 73.1028, 22.594 ], [ 73.1049, 22.5978 ], [ 73.112, 22.5955 ], [ 73.117, 22.5963 ], [ 73.119, 22.5983 ], [ 73.1196, 22.6006 ], [ 73.1239, 22.6032 ], [ 73.1284, 22.6133 ], [ 73.1307, 22.6138 ], [ 73.1331, 22.6124 ], [ 73.1398, 22.6123 ], [ 73.1385, 22.6171 ], [ 73.1413, 22.6214 ], [ 73.1394, 22.6266 ], [ 73.1361, 22.6256 ], [ 73.1352, 22.6275 ], [ 73.1327, 22.6283 ], [ 73.1355, 22.6295 ], [ 73.1356, 22.6311 ], [ 73.1285, 22.6544 ], [ 73.1291, 22.6558 ], [ 73.1255, 22.6549 ], [ 73.1184, 22.6572 ], [ 73.1021, 22.6533 ], [ 73.1014, 22.6546 ], [ 73.0894, 22.651 ], [ 73.0901, 22.65 ], [ 73.0857, 22.647 ], [ 73.0797, 22.6451 ], [ 73.0796, 22.6362 ], [ 73.081, 22.6347 ], [ 73.0778, 22.6311 ], [ 73.0793, 22.6274 ], [ 73.077, 22.6232 ], [ 73.0782, 22.6189 ], [ 73.0768, 22.6158 ], [ 73.0773, 22.6125 ], [ 73.0709, 22.61 ], [ 73.0684, 22.6115 ], [ 73.0572, 22.6101 ], [ 73.0514, 22.6124 ], [ 73.0413, 22.611 ], [ 73.04, 22.612 ], [ 73.0339, 22.6105 ], [ 73.033, 22.6121 ], [ 73.0277, 22.6128 ], [ 73.0257, 22.618 ], [ 73.0266, 22.619 ], [ 73.0218, 22.6177 ], [ 73.0226, 22.6195 ], [ 73.0205, 22.6243 ], [ 73.0219, 22.6253 ], [ 73.02, 22.6262 ], [ 73.0197, 22.6277 ], [ 73.0227, 22.6335 ], [ 73.0218, 22.6351 ], [ 73.0226, 22.6391 ], [ 73.0199, 22.639 ], [ 73.02, 22.6425 ], [ 73.0191, 22.6425 ], [ 73.018, 22.6453 ], [ 73.0165, 22.6452 ], [ 73.0153, 22.6483 ], [ 73.0118, 22.6463 ], [ 73.009, 22.6547 ], [ 73.0042, 22.6553 ], [ 72.9977, 22.6543 ], [ 72.9932, 22.6532 ], [ 72.9866, 22.6496 ], [ 72.9847, 22.6536 ], [ 72.9864, 22.6566 ], [ 72.9881, 22.6655 ], [ 72.99, 22.6676 ], [ 72.99, 22.6714 ], [ 72.9918, 22.672 ], [ 72.9934, 22.6805 ], [ 72.9922, 22.6879 ], [ 72.9952, 22.6882 ], [ 72.9963, 22.6914 ], [ 72.9959, 22.6949 ], [ 72.9976, 22.696 ], [ 72.9979, 22.6977 ], [ 72.9973, 22.7 ], [ 73.0052, 22.7027 ], [ 73.0078, 22.7042 ], [ 73.0075, 22.7057 ], [ 73.0092, 22.7053 ], [ 73.0085, 22.711 ], [ 73.0061, 22.7118 ], [ 73.004, 22.7156 ], [ 73.0055, 22.7172 ], [ 73.0032, 22.7217 ], [ 73.0073, 22.7262 ], [ 73.0116, 22.727 ], [ 73.0139, 22.7254 ], [ 73.0217, 22.7254 ], [ 73.0251, 22.7315 ], [ 73.0249, 22.735 ], [ 73.0307, 22.7337 ], [ 73.0326, 22.7344 ], [ 73.0338, 22.7302 ], [ 73.0379, 22.7297 ], [ 73.0392, 22.7285 ], [ 73.0398, 22.7262 ], [ 73.039, 22.7251 ], [ 73.0369, 22.7258 ], [ 73.0368, 22.7213 ], [ 73.0391, 22.7194 ], [ 73.0425, 22.7186 ], [ 73.0413, 22.7171 ], [ 73.043, 22.7177 ], [ 73.0447, 22.7162 ], [ 73.0448, 22.7145 ], [ 73.0438, 22.7137 ], [ 73.0452, 22.713 ], [ 73.0477, 22.7166 ], [ 73.0524, 22.7184 ], [ 73.0569, 22.7178 ], [ 73.0609, 22.7191 ], [ 73.0653, 22.717 ], [ 73.0687, 22.7197 ], [ 73.0699, 22.7185 ], [ 73.0712, 22.7207 ], [ 73.0749, 22.7223 ], [ 73.0757, 22.7203 ], [ 73.0785, 22.7205 ], [ 73.0801, 22.7227 ], [ 73.0814, 22.7212 ], [ 73.0832, 22.724 ], [ 73.0855, 22.7235 ], [ 73.0858, 22.7251 ], [ 73.09, 22.7251 ], [ 73.0928, 22.727 ], [ 73.0958, 22.7267 ], [ 73.0966, 22.7279 ], [ 73.0997, 22.7276 ], [ 73.1006, 22.7247 ], [ 73.097, 22.723 ], [ 73.0975, 22.7178 ], [ 73.1045, 22.7196 ], [ 73.1127, 22.7185 ], [ 73.1248, 22.7221 ], [ 73.1268, 22.7205 ], [ 73.1365, 22.7174 ], [ 73.142, 22.7116 ], [ 73.1436, 22.7048 ], [ 73.1455, 22.7048 ], [ 73.1452, 22.7031 ], [ 73.1465, 22.7012 ], [ 73.1455, 22.7 ], [ 73.1456, 22.6973 ], [ 73.1474, 22.6971 ], [ 73.1512, 22.6883 ], [ 73.1562, 22.6851 ], [ 73.1579, 22.6814 ], [ 73.1828, 22.6871 ], [ 73.2023, 22.6833 ], [ 73.2037, 22.6778 ], [ 73.2012, 22.6764 ], [ 73.2014, 22.669 ], [ 73.2003, 22.6686 ], [ 73.1998, 22.6714 ], [ 73.1945, 22.6705 ], [ 73.1963, 22.6661 ], [ 73.1982, 22.6668 ], [ 73.2002, 22.666 ], [ 73.2078, 22.6515 ], [ 73.213, 22.6515 ], [ 73.2135, 22.6479 ], [ 73.2125, 22.6441 ], [ 73.2188, 22.6368 ], [ 73.2168, 22.6339 ], [ 73.2183, 22.6327 ], [ 73.2181, 22.6298 ], [ 73.2198, 22.6263 ], [ 73.2188, 22.6213 ], [ 73.216, 22.6203 ], [ 73.2097, 22.6204 ], [ 73.2011, 22.6179 ], [ 73.1943, 22.6097 ], [ 73.1913, 22.6032 ], [ 73.1845, 22.6025 ], [ 73.1602, 22.5926 ], [ 73.1562, 22.5888 ], [ 73.1535, 22.5829 ], [ 73.1534, 22.564 ], [ 73.1502, 22.5521 ], [ 73.1469, 22.5447 ], [ 73.1226, 22.5569 ], [ 73.1133, 22.559 ] ] ] ] } },
{ "type": "Feature", "properties": { "block": "Mahudha", "district": "Kheda" }, "geometry": { "type": "Polygon", "coordinates": [ [ [ 73.0567, 22.8905 ], [ 73.0628, 22.8882 ], [ 73.0711, 22.8893 ], [ 73.077, 22.8882 ], [ 73.0817, 22.8889 ], [ 73.0964, 22.8875 ], [ 73.0936, 22.8848 ], [ 73.0931, 22.8821 ], [ 73.0917, 22.8814 ], [ 73.0902, 22.8714 ], [ 73.0835, 22.8677 ], [ 73.0824, 22.8635 ], [ 73.0831, 22.8585 ], [ 73.081, 22.856 ], [ 73.079, 22.8491 ], [ 73.0823, 22.8415 ], [ 73.0888, 22.838 ], [ 73.0871, 22.8345 ], [ 73.0799, 22.8309 ], [ 73.0796, 22.8298 ], [ 73.0791, 22.825 ], [ 73.0815, 22.8238 ], [ 73.0793, 22.8171 ], [ 73.082, 22.8144 ], [ 73.083, 22.8117 ], [ 73.0811, 22.8106 ], [ 73.08, 22.8077 ], [ 73.0775, 22.8069 ], [ 73.075, 22.8011 ], [ 73.0737, 22.8007 ], [ 73.0738, 22.7989 ], [ 73.0714, 22.7968 ], [ 73.0677, 22.7958 ], [ 73.0664, 22.7942 ], [ 73.0633, 22.7949 ], [ 73.0608, 22.7923 ], [ 73.0636, 22.7899 ], [ 73.0642, 22.7879 ], [ 73.0628, 22.7843 ], [ 73.0608, 22.7828 ], [ 73.0617, 22.7808 ], [ 73.06, 22.7784 ], [ 73.0639, 22.7682 ], [ 73.0621, 22.7664 ], [ 73.0613, 22.7675 ], [ 73.0595, 22.7668 ], [ 73.0609, 22.7655 ], [ 73.0613, 22.762 ], [ 73.0598, 22.7528 ], [ 73.0612, 22.7521 ], [ 73.0636, 22.7405 ], [ 73.0624, 22.7404 ], [ 73.0625, 22.7385 ], [ 73.0612, 22.737 ], [ 73.0545, 22.7367 ], [ 73.052, 22.7351 ], [ 73.0533, 22.7278 ], [ 73.0556, 22.7259 ], [ 73.0587, 22.7187 ], [ 73.0576, 22.7179 ], [ 73.0524, 22.7184 ], [ 73.0477, 22.7166 ], [ 73.0454, 22.7131 ], [ 73.0441, 22.7133 ], [ 73.0447, 22.7162 ], [ 73.043, 22.7177 ], [ 73.0415, 22.7169 ], [ 73.0425, 22.7186 ], [ 73.0391, 22.7194 ], [ 73.0368, 22.7213 ], [ 73.037, 22.726 ], [ 73.0386, 22.7248 ], [ 73.0398, 22.7262 ], [ 73.039, 22.729 ], [ 73.0338, 22.7302 ], [ 73.0329, 22.7342 ], [ 73.0306, 22.7337 ], [ 73.0251, 22.735 ], [ 73.024, 22.7385 ], [ 73.0223, 22.7383 ], [ 73.0204, 22.7357 ], [ 73.0188, 22.7358 ], [ 73.0197, 22.7385 ], [ 73.0155, 22.7369 ], [ 73.0156, 22.7379 ], [ 73.0144, 22.7381 ], [ 73.0149, 22.7409 ], [ 73.0122, 22.7415 ], [ 73.0128, 22.7426 ], [ 73.0118, 22.7435 ], [ 73.0084, 22.7424 ], [ 73.0083, 22.7453 ], [ 73.0058, 22.7429 ], [ 73.0045, 22.7454 ], [ 73.0058, 22.7483 ], [ 73.0043, 22.7526 ], [ 73.0044, 22.7589 ], [ 73.0029, 22.7597 ], [ 73.0035, 22.766 ], [ 72.9903, 22.7646 ], [ 72.9882, 22.7627 ], [ 72.9786, 22.76 ], [ 72.9774, 22.7577 ], [ 72.9785, 22.7572 ], [ 72.978, 22.7562 ], [ 72.9771, 22.7556 ], [ 72.9757, 22.7568 ], [ 72.973, 22.755 ], [ 72.9724, 22.7564 ], [ 72.9709, 22.7556 ], [ 72.9675, 22.7571 ], [ 72.9679, 22.7603 ], [ 72.9642, 22.7619 ], [ 72.9634, 22.7611 ], [ 72.9617, 22.766 ], [ 72.9593, 22.768 ], [ 72.9588, 22.7725 ], [ 72.9576, 22.7707 ], [ 72.9571, 22.7722 ], [ 72.955, 22.7726 ], [ 72.9541, 22.7718 ], [ 72.955, 22.7702 ], [ 72.9538, 22.7699 ], [ 72.9537, 22.771 ], [ 72.949, 22.7703 ], [ 72.9492, 22.7724 ], [ 72.9469, 22.7738 ], [ 72.9408, 22.7682 ], [ 72.9375, 22.7747 ], [ 72.9295, 22.7806 ], [ 72.9275, 22.7805 ], [ 72.9228, 22.776 ], [ 72.9202, 22.7755 ], [ 72.9146, 22.7812 ], [ 72.9126, 22.7812 ], [ 72.9025, 22.7767 ], [ 72.8977, 22.7764 ], [ 72.889, 22.7682 ], [ 72.8888, 22.7579 ], [ 72.8908, 22.7535 ], [ 72.8877, 22.7508 ], [ 72.88, 22.7565 ], [ 72.8688, 22.7595 ], [ 72.8689, 22.7613 ], [ 72.8713, 22.7641 ], [ 72.8692, 22.765 ], [ 72.871, 22.7668 ], [ 72.8712, 22.7691 ], [ 72.8692, 22.7698 ], [ 72.8683, 22.773 ], [ 72.8588, 22.7746 ], [ 72.8587, 22.7769 ], [ 72.857, 22.7793 ], [ 72.8586, 22.78 ], [ 72.8595, 22.7842 ], [ 72.8579, 22.785 ], [ 72.8571, 22.7877 ], [ 72.8646, 22.7888 ], [ 72.8684, 22.7914 ], [ 72.8668, 22.7966 ], [ 72.8755, 22.7984 ], [ 72.8758, 22.8017 ], [ 72.8788, 22.803 ], [ 72.8813, 22.808 ], [ 72.8881, 22.8095 ], [ 72.8873, 22.8103 ], [ 72.8887, 22.8106 ], [ 72.8896, 22.8086 ], [ 72.8954, 22.8111 ], [ 72.8945, 22.8124 ], [ 72.8962, 22.8127 ], [ 72.8962, 22.8153 ], [ 72.887, 22.8171 ], [ 72.8864, 22.8213 ], [ 72.8877, 22.8294 ], [ 72.8963, 22.83 ], [ 72.8951, 22.8268 ], [ 72.8969, 22.8264 ], [ 72.8969, 22.8272 ], [ 72.8999, 22.8279 ], [ 72.9, 22.83 ], [ 72.8992, 22.8298 ], [ 72.9, 22.8327 ], [ 72.8978, 22.8323 ], [ 72.8978, 22.831 ], [ 72.8925, 22.8305 ], [ 72.8921, 22.833 ], [ 72.8958, 22.8361 ], [ 72.8964, 22.8334 ], [ 72.8938, 22.8331 ], [ 72.8938, 22.832 ], [ 72.8975, 22.8329 ], [ 72.8966, 22.8369 ], [ 72.8978, 22.8377 ], [ 72.8981, 22.8358 ], [ 72.8994, 22.8362 ], [ 72.901, 22.8402 ], [ 72.9046, 22.8427 ], [ 72.912, 22.8465 ], [ 72.9176, 22.8468 ], [ 72.9147, 22.8503 ], [ 72.9156, 22.861 ], [ 72.9155, 22.8633 ], [ 72.9143, 22.8632 ], [ 72.9148, 22.8644 ], [ 72.9205, 22.8673 ], [ 72.9242, 22.8715 ], [ 72.9354, 22.8765 ], [ 72.9407, 22.8674 ], [ 72.9452, 22.8674 ], [ 72.9577, 22.8702 ], [ 72.9601, 22.8716 ], [ 72.9623, 22.87 ], [ 72.9657, 22.8751 ], [ 72.9693, 22.873 ], [ 72.9664, 22.8703 ], [ 72.9658, 22.8677 ], [ 72.9689, 22.86 ], [ 72.9711, 22.861 ], [ 72.9724, 22.8588 ], [ 72.9749, 22.8592 ], [ 72.975, 22.8566 ], [ 72.977, 22.8565 ], [ 72.9806, 22.8574 ], [ 72.9808, 22.8613 ], [ 72.9823, 22.8628 ], [ 72.9818, 22.8654 ], [ 72.9838, 22.8675 ], [ 72.9881, 22.8698 ], [ 72.9893, 22.872 ], [ 72.999, 22.8747 ], [ 73.0014, 22.873 ], [ 73.0003, 22.8721 ], [ 72.9976, 22.8731 ], [ 72.9968, 22.8725 ], [ 72.9992, 22.869 ], [ 72.997, 22.8658 ], [ 73.0029, 22.8594 ], [ 73.0, 22.8534 ], [ 73.0008, 22.8517 ], [ 73.0131, 22.8459 ], [ 73.0167, 22.8479 ], [ 73.017, 22.85 ], [ 73.0189, 22.8516 ], [ 73.0175, 22.8535 ], [ 73.0179, 22.8571 ], [ 73.0187, 22.8592 ], [ 73.0224, 22.8604 ], [ 73.0241, 22.8651 ], [ 73.0231, 22.8778 ], [ 73.0217, 22.879 ], [ 73.0223, 22.8812 ], [ 73.0314, 22.8859 ], [ 73.0332, 22.8892 ], [ 73.0378, 22.8865 ], [ 73.0434, 22.878 ], [ 73.0465, 22.8779 ], [ 73.047, 22.8744 ], [ 73.0514, 22.8747 ], [ 73.0523, 22.8764 ], [ 73.0492, 22.8823 ], [ 73.0511, 22.8869 ], [ 73.0567, 22.8905 ] ] ] } },
{ "type": "Feature", "properties": { "block": "Mehmedabad", "district": "Kheda" }, "geometry": { "type": "Polygon", "coordinates": [ [ [ 72.8387, 22.9817 ], [ 72.8475, 22.9757 ], [ 72.8492, 22.9757 ], [ 72.8542, 22.9795 ], [ 72.8569, 22.9801 ], [ 72.8594, 22.979 ], [ 72.8613, 22.9764 ], [ 72.8649, 22.9763 ], [ 72.865, 22.9775 ], [ 72.8676, 22.9781 ], [ 72.8698, 22.9765 ], [ 72.8774, 22.9756 ], [ 72.8803, 22.9739 ], [ 72.878, 22.9701 ], [ 72.8765, 22.9597 ], [ 72.8785, 22.9526 ], [ 72.886, 22.9463 ], [ 72.8866, 22.9441 ], [ 72.8847, 22.9421 ], [ 72.88, 22.9412 ], [ 72.8785, 22.9317 ], [ 72.881, 22.9289 ], [ 72.8808, 22.9248 ], [ 72.8779, 22.9211 ], [ 72.8745, 22.9197 ], [ 72.8727, 22.916 ], [ 72.8806, 22.9116 ], [ 72.8862, 22.9111 ], [ 72.9115, 22.9148 ], [ 72.9189, 22.9137 ], [ 72.9196, 22.9122 ], [ 72.9147, 22.907 ], [ 72.9143, 22.9047 ], [ 72.9143, 22.9019 ], [ 72.9163, 22.9026 ], [ 72.9184, 22.8966 ], [ 72.9107, 22.8935 ], [ 72.9095, 22.8901 ], [ 72.9145, 22.8902 ], [ 72.9244, 22.8956 ], [ 72.9305, 22.8961 ], [ 72.9329, 22.8954 ], [ 72.9352, 22.8928 ], [ 72.9438, 22.892 ], [ 72.9459, 22.888 ], [ 72.9447, 22.8876 ], [ 72.9446, 22.8857 ], [ 72.9399, 22.8859 ], [ 72.9388, 22.8855 ], [ 72.9389, 22.884 ], [ 72.9374, 22.8839 ], [ 72.9377, 22.882 ], [ 72.9365, 22.8819 ], [ 72.9372, 22.8775 ], [ 72.9242, 22.8715 ], [ 72.9205, 22.8673 ], [ 72.9148, 22.8644 ], [ 72.9143, 22.8632 ], [ 72.9155, 22.8633 ], [ 72.9156, 22.861 ], [ 72.9147, 22.8503 ], [ 72.9176, 22.8468 ], [ 72.912, 22.8465 ], [ 72.9046, 22.8427 ], [ 72.901, 22.8402 ], [ 72.8994, 22.8362 ], [ 72.8981, 22.8358 ], [ 72.8978, 22.8377 ], [ 72.8966, 22.8369 ], [ 72.8975, 22.8329 ], [ 72.8938, 22.832 ], [ 72.8938, 22.8331 ], [ 72.8964, 22.8334 ], [ 72.8958, 22.8361 ], [ 72.8921, 22.833 ], [ 72.8925, 22.8305 ], [ 72.8978, 22.831 ], [ 72.8978, 22.8323 ], [ 72.9, 22.8327 ], [ 72.8992, 22.8298 ], [ 72.9, 22.83 ], [ 72.8999, 22.8279 ], [ 72.8969, 22.8272 ], [ 72.8969, 22.8264 ], [ 72.8951, 22.8268 ], [ 72.8963, 22.83 ], [ 72.8877, 22.8294 ], [ 72.8864, 22.8213 ], [ 72.887, 22.8171 ], [ 72.8962, 22.8153 ], [ 72.8962, 22.8127 ], [ 72.8945, 22.8124 ], [ 72.8954, 22.8111 ], [ 72.8896, 22.8086 ], [ 72.8887, 22.8106 ], [ 72.8873, 22.8103 ], [ 72.8881, 22.8095 ], [ 72.8813, 22.808 ], [ 72.8788, 22.803 ], [ 72.8758, 22.8017 ], [ 72.8755, 22.7984 ], [ 72.8668, 22.7966 ], [ 72.8684, 22.7914 ], [ 72.8646, 22.7888 ], [ 72.8571, 22.7877 ], [ 72.8579, 22.785 ], [ 72.8595, 22.7842 ], [ 72.8586, 22.78 ], [ 72.853, 22.7788 ], [ 72.8415, 22.7736 ], [ 72.8349, 22.7734 ], [ 72.835, 22.7686 ], [ 72.8332, 22.7659 ], [ 72.8331, 22.7628 ], [ 72.8288, 22.7601 ], [ 72.8242, 22.761 ], [ 72.8203, 22.7635 ], [ 72.8195, 22.7627 ], [ 72.8186, 22.7638 ], [ 72.8169, 22.7635 ], [ 72.8173, 22.7625 ], [ 72.8163, 22.7623 ], [ 72.8151, 22.7638 ], [ 72.8122, 22.7627 ], [ 72.8078, 22.7644 ], [ 72.804, 22.7542 ], [ 72.7991, 22.7529 ], [ 72.7999, 22.7459 ], [ 72.7973, 22.7428 ], [ 72.7954, 22.7432 ], [ 72.7927, 22.7481 ], [ 72.7913, 22.7482 ], [ 72.7858, 22.7449 ], [ 72.7794, 22.7448 ], [ 72.7784, 22.7423 ], [ 72.7731, 22.7442 ], [ 72.7704, 22.7429 ], [ 72.765, 22.7442 ], [ 72.7642, 22.743 ], [ 72.7654, 22.739 ], [ 72.7648, 22.7382 ], [ 72.7585, 22.7382 ], [ 72.7572, 22.7429 ], [ 72.7546, 22.7429 ], [ 72.7546, 22.7464 ], [ 72.7531, 22.7462 ], [ 72.7523, 22.7479 ], [ 72.7589, 22.7505 ], [ 72.7615, 22.7592 ], [ 72.7516, 22.7588 ], [ 72.7476, 22.7638 ], [ 72.746, 22.7693 ], [ 72.7447, 22.7697 ], [ 72.7409, 22.7693 ], [ 72.7368, 22.7672 ], [ 72.7354, 22.7679 ], [ 72.7312, 22.7636 ], [ 72.7293, 22.7644 ], [ 72.7291, 22.7697 ], [ 72.725, 22.7738 ], [ 72.7255, 22.7755 ], [ 72.7243, 22.7763 ], [ 72.7261, 22.7776 ], [ 72.7191, 22.7774 ], [ 72.7118, 22.7794 ], [ 72.7084, 22.7815 ], [ 72.713, 22.7915 ], [ 72.7143, 22.7986 ], [ 72.7158, 22.7989 ], [ 72.7116, 22.8108 ], [ 72.7047, 22.8077 ], [ 72.6945, 22.8088 ], [ 72.6916, 22.8043 ], [ 72.6879, 22.8026 ], [ 72.6718, 22.802 ], [ 72.6651, 22.8124 ], [ 72.6847, 22.8135 ], [ 72.6874, 22.8151 ], [ 72.6905, 22.8196 ], [ 72.6888, 22.8249 ], [ 72.6892, 22.8322 ], [ 72.6874, 22.8342 ], [ 72.6871, 22.8383 ], [ 72.6838, 22.8379 ], [ 72.6809, 22.8418 ], [ 72.6752, 22.8431 ], [ 72.6749, 22.8443 ], [ 72.6761, 22.8452 ], [ 72.6745, 22.8453 ], [ 72.6733, 22.8473 ], [ 72.6728, 22.8504 ], [ 72.679, 22.853 ], [ 72.6798, 22.8587 ], [ 72.6793, 22.8653 ], [ 72.6809, 22.8724 ], [ 72.6798, 22.8734 ], [ 72.6806, 22.8742 ], [ 72.68, 22.8763 ], [ 72.6787, 22.8764 ], [ 72.6781, 22.8803 ], [ 72.681, 22.8801 ], [ 72.6838, 22.8818 ], [ 72.6892, 22.8796 ], [ 72.6929, 22.8813 ], [ 72.6938, 22.8807 ], [ 72.697, 22.8833 ], [ 72.6996, 22.8838 ], [ 72.7014, 22.8871 ], [ 72.7066, 22.8897 ], [ 72.7079, 22.8915 ], [ 72.7072, 22.8921 ], [ 72.7094, 22.8937 ], [ 72.7098, 22.8963 ], [ 72.7159, 22.9047 ], [ 72.7154, 22.9082 ], [ 72.7236, 22.9092 ], [ 72.7231, 22.9138 ], [ 72.7246, 22.9143 ], [ 72.7308, 22.9149 ], [ 72.7376, 22.9134 ], [ 72.7365, 22.9083 ], [ 72.742, 22.9087 ], [ 72.7408, 22.9061 ], [ 72.742, 22.9057 ], [ 72.7477, 22.9093 ], [ 72.7544, 22.909 ], [ 72.7576, 22.9103 ], [ 72.7601, 22.907 ], [ 72.7711, 22.9093 ], [ 72.7758, 22.9066 ], [ 72.7856, 22.9084 ], [ 72.7912, 22.9079 ], [ 72.7889, 22.9152 ], [ 72.7957, 22.9167 ], [ 72.7956, 22.9181 ], [ 72.7993, 22.9193 ], [ 72.7978, 22.926 ], [ 72.7987, 22.9297 ], [ 72.7976, 22.9314 ], [ 72.8043, 22.9335 ], [ 72.8059, 22.9327 ], [ 72.8049, 22.9417 ], [ 72.8105, 22.9432 ], [ 72.8131, 22.9482 ], [ 72.8166, 22.95 ], [ 72.8173, 22.9524 ], [ 72.8193, 22.9539 ], [ 72.8224, 22.9546 ], [ 72.8254, 22.957 ], [ 72.8271, 22.9544 ], [ 72.8341, 22.9594 ], [ 72.8384, 22.9644 ], [ 72.8408, 22.9629 ], [ 72.8426, 22.9671 ], [ 72.8393, 22.9705 ], [ 72.8391, 22.976 ], [ 72.8399, 22.977 ], [ 72.8383, 22.9779 ], [ 72.8377, 22.9804 ], [ 72.8387, 22.9817 ] ] ] } },
{ "type": "Feature", "properties": { "block": "Vaso", "district": "Kheda" }, "geometry": { "type": "MultiPolygon", "coordinates": [ [ [ [ 72.7403, 22.6057 ], [ 72.7441, 22.6058 ], [ 72.7469, 22.6021 ], [ 72.746, 22.6016 ], [ 72.747, 22.6009 ], [ 72.7453, 22.5999 ], [ 72.7467, 22.5972 ], [ 72.7459, 22.5967 ], [ 72.7415, 22.5988 ], [ 72.7403, 22.6057 ] ] ], [ [ [ 72.7824, 22.721 ], [ 72.792, 22.7193 ], [ 72.7986, 22.7169 ], [ 72.7983, 22.7119 ], [ 72.7994, 22.7119 ], [ 72.8005, 22.7087 ], [ 72.8041, 22.7067 ], [ 72.8039, 22.7059 ], [ 72.7999, 22.7053 ], [ 72.7909, 22.6994 ], [ 72.7899, 22.6976 ], [ 72.7921, 22.6923 ], [ 72.797, 22.6892 ], [ 72.8018, 22.6831 ], [ 72.8056, 22.6844 ], [ 72.8135, 22.6832 ], [ 72.8152, 22.682 ], [ 72.8173, 22.6773 ], [ 72.8195, 22.6772 ], [ 72.8208, 22.6755 ], [ 72.8221, 22.6755 ], [ 72.8221, 22.6771 ], [ 72.8241, 22.6772 ], [ 72.8259, 22.6756 ], [ 72.8281, 22.671 ], [ 72.8301, 22.6702 ], [ 72.8342, 22.6709 ], [ 72.8357, 22.6646 ], [ 72.835, 22.6565 ], [ 72.8332, 22.6558 ], [ 72.8308, 22.6509 ], [ 72.8259, 22.6464 ], [ 72.827, 22.6386 ], [ 72.8311, 22.6342 ], [ 72.8319, 22.6312 ], [ 72.8297, 22.6269 ], [ 72.8271, 22.626 ], [ 72.8283, 22.6222 ], [ 72.8303, 22.6208 ], [ 72.8312, 22.6179 ], [ 72.8331, 22.6182 ], [ 72.8351, 22.6144 ], [ 72.8219, 22.6072 ], [ 72.8165, 22.6075 ], [ 72.8155, 22.6084 ], [ 72.8105, 22.6081 ], [ 72.8083, 22.6115 ], [ 72.8046, 22.6114 ], [ 72.8044, 22.6101 ], [ 72.8006, 22.6087 ], [ 72.7958, 22.6097 ], [ 72.7959, 22.6141 ], [ 72.7935, 22.6168 ], [ 72.7927, 22.6214 ], [ 72.7911, 22.623 ], [ 72.7767, 22.6198 ], [ 72.7776, 22.6157 ], [ 72.7709, 22.6122 ], [ 72.771, 22.6102 ], [ 72.7738, 22.6071 ], [ 72.7764, 22.594 ], [ 72.7795, 22.5901 ], [ 72.777, 22.5885 ], [ 72.7706, 22.5905 ], [ 72.7608, 22.5908 ], [ 72.7566, 22.5919 ], [ 72.7561, 22.5936 ], [ 72.752, 22.593 ], [ 72.7504, 22.5973 ], [ 72.7523, 22.5989 ], [ 72.7529, 22.6041 ], [ 72.7551, 22.6105 ], [ 72.7569, 22.6126 ], [ 72.7534, 22.6133 ], [ 72.7521, 22.6147 ], [ 72.7514, 22.6134 ], [ 72.7445, 22.6137 ], [ 72.7449, 22.6123 ], [ 72.7399, 22.6121 ], [ 72.7381, 22.6105 ], [ 72.7352, 22.6115 ], [ 72.7356, 22.6141 ], [ 72.7378, 22.6134 ], [ 72.7379, 22.6158 ], [ 72.7343, 22.6177 ], [ 72.7351, 22.6193 ], [ 72.7323, 22.6254 ], [ 72.7378, 22.6259 ], [ 72.7381, 22.6288 ], [ 72.74, 22.6281 ], [ 72.7417, 22.63 ], [ 72.7439, 22.6359 ], [ 72.7455, 22.6376 ], [ 72.7451, 22.6392 ], [ 72.7433, 22.639 ], [ 72.7428, 22.6408 ], [ 72.7472, 22.6412 ], [ 72.7427, 22.6448 ], [ 72.7407, 22.6452 ], [ 72.7338, 22.6405 ], [ 72.7329, 22.6375 ], [ 72.7291, 22.6336 ], [ 72.7282, 22.6297 ], [ 72.7249, 22.6284 ], [ 72.7189, 22.6309 ], [ 72.7166, 22.6277 ], [ 72.7173, 22.6248 ], [ 72.7143, 22.6246 ], [ 72.7144, 22.6307 ], [ 72.7085, 22.6337 ], [ 72.7054, 22.6328 ], [ 72.704, 22.6338 ], [ 72.6957, 22.6301 ], [ 72.6856, 22.6292 ], [ 72.6842, 22.628 ], [ 72.6776, 22.6294 ], [ 72.6764, 22.6325 ], [ 72.6815, 22.6343 ], [ 72.6828, 22.6397 ], [ 72.6818, 22.6451 ], [ 72.6826, 22.6492 ], [ 72.6812, 22.649 ], [ 72.6796, 22.6506 ], [ 72.6812, 22.6543 ], [ 72.6793, 22.6629 ], [ 72.6801, 22.667 ], [ 72.6792, 22.6677 ], [ 72.6805, 22.6695 ], [ 72.6903, 22.6747 ], [ 72.6943, 22.679 ], [ 72.6986, 22.6784 ], [ 72.7037, 22.6831 ], [ 72.7123, 22.6853 ], [ 72.7245, 22.6868 ], [ 72.7253, 22.686 ], [ 72.7291, 22.6877 ], [ 72.7286, 22.6884 ], [ 72.7316, 22.6909 ], [ 72.732, 22.6941 ], [ 72.735, 22.6966 ], [ 72.737, 22.695 ], [ 72.7494, 22.6911 ], [ 72.7574, 22.6911 ], [ 72.7579, 22.6977 ], [ 72.7626, 22.6954 ], [ 72.764, 22.6984 ], [ 72.7633, 22.6996 ], [ 72.7654, 22.6996 ], [ 72.7661, 22.7013 ], [ 72.7691, 22.7026 ], [ 72.7706, 22.7121 ], [ 72.7721, 22.7138 ], [ 72.7714, 22.7141 ], [ 72.7726, 22.7149 ], [ 72.773, 22.7177 ], [ 72.7712, 22.7186 ], [ 72.7717, 22.7227 ], [ 72.7757, 22.7286 ], [ 72.7789, 22.731 ], [ 72.7805, 22.7303 ], [ 72.7824, 22.721 ] ] ] ] } },
{ "type": "Feature", "properties": { "block": "Nadiad", "district": "Kheda" }, "geometry": { "type": "Polygon", "coordinates": [ [ [ 72.9146, 22.7812 ], [ 72.9202, 22.7755 ], [ 72.9228, 22.776 ], [ 72.9275, 22.7805 ], [ 72.9295, 22.7806 ], [ 72.9375, 22.7747 ], [ 72.9408, 22.7682 ], [ 72.9469, 22.7738 ], [ 72.9492, 22.7724 ], [ 72.949, 22.7703 ], [ 72.9537, 22.771 ], [ 72.9538, 22.7699 ], [ 72.955, 22.7702 ], [ 72.9541, 22.7718 ], [ 72.955, 22.7726 ], [ 72.9571, 22.7722 ], [ 72.9576, 22.7707 ], [ 72.9588, 22.7725 ], [ 72.9593, 22.768 ], [ 72.9617, 22.766 ], [ 72.9634, 22.7611 ], [ 72.9642, 22.7619 ], [ 72.9679, 22.7603 ], [ 72.9675, 22.7571 ], [ 72.9709, 22.7556 ], [ 72.9724, 22.7564 ], [ 72.973, 22.755 ], [ 72.9757, 22.7568 ], [ 72.9771, 22.7556 ], [ 72.978, 22.7562 ], [ 72.9785, 22.7572 ], [ 72.9774, 22.7577 ], [ 72.9786, 22.76 ], [ 72.9882, 22.7627 ], [ 72.9903, 22.7646 ], [ 73.0035, 22.766 ], [ 73.0029, 22.7597 ], [ 73.0044, 22.7589 ], [ 73.0043, 22.7526 ], [ 73.0058, 22.7483 ], [ 73.0045, 22.7454 ], [ 73.0058, 22.7429 ], [ 73.0077, 22.7452 ], [ 73.0089, 22.7446 ], [ 73.0084, 22.7424 ], [ 73.0118, 22.7435 ], [ 73.0128, 22.7426 ], [ 73.0122, 22.7415 ], [ 73.0149, 22.7409 ], [ 73.0144, 22.7381 ], [ 73.0156, 22.7379 ], [ 73.0155, 22.7369 ], [ 73.0201, 22.7382 ], [ 73.0192, 22.7356 ], [ 73.0212, 22.7359 ], [ 73.0223, 22.7383 ], [ 73.024, 22.7385 ], [ 73.0253, 22.733 ], [ 73.0244, 22.7299 ], [ 73.0217, 22.7254 ], [ 73.0139, 22.7254 ], [ 73.0116, 22.727 ], [ 73.0073, 22.7262 ], [ 73.0036, 22.7227 ], [ 73.0037, 22.7192 ], [ 73.0055, 22.7172 ], [ 73.004, 22.7156 ], [ 73.0061, 22.7118 ], [ 73.0085, 22.711 ], [ 73.0092, 22.7053 ], [ 73.0075, 22.7057 ], [ 73.0078, 22.7042 ], [ 73.0052, 22.7027 ], [ 72.9973, 22.7 ], [ 72.9979, 22.6977 ], [ 72.9976, 22.696 ], [ 72.9959, 22.6949 ], [ 72.9963, 22.6914 ], [ 72.9952, 22.6882 ], [ 72.9922, 22.6879 ], [ 72.9934, 22.6805 ], [ 72.9918, 22.672 ], [ 72.99, 22.6714 ], [ 72.99, 22.6676 ], [ 72.9881, 22.6655 ], [ 72.9849, 22.6537 ], [ 72.9806, 22.6525 ], [ 72.9763, 22.6529 ], [ 72.9751, 22.6417 ], [ 72.9628, 22.6339 ], [ 72.9619, 22.6361 ], [ 72.9521, 22.6325 ], [ 72.9457, 22.632 ], [ 72.9409, 22.6301 ], [ 72.9298, 22.6292 ], [ 72.9288, 22.6276 ], [ 72.9281, 22.6167 ], [ 72.9259, 22.6139 ], [ 72.925, 22.606 ], [ 72.9222, 22.6034 ], [ 72.9199, 22.5974 ], [ 72.9174, 22.5947 ], [ 72.9106, 22.5924 ], [ 72.9057, 22.5927 ], [ 72.9007, 22.5903 ], [ 72.8976, 22.595 ], [ 72.8895, 22.5919 ], [ 72.8789, 22.5855 ], [ 72.8707, 22.5843 ], [ 72.8672, 22.5824 ], [ 72.8641, 22.5878 ], [ 72.8597, 22.5914 ], [ 72.863, 22.5937 ], [ 72.8622, 22.5967 ], [ 72.863, 22.6009 ], [ 72.875, 22.6035 ], [ 72.8749, 22.6109 ], [ 72.874, 22.6139 ], [ 72.8717, 22.6149 ], [ 72.8719, 22.6204 ], [ 72.8602, 22.6171 ], [ 72.859, 22.6171 ], [ 72.8583, 22.6184 ], [ 72.8538, 22.6184 ], [ 72.8564, 22.6095 ], [ 72.8498, 22.6057 ], [ 72.8506, 22.6017 ], [ 72.8434, 22.5973 ], [ 72.8397, 22.5987 ], [ 72.8333, 22.5968 ], [ 72.8305, 22.5943 ], [ 72.8277, 22.5951 ], [ 72.8272, 22.6039 ], [ 72.823, 22.6033 ], [ 72.8214, 22.6062 ], [ 72.8222, 22.6077 ], [ 72.8351, 22.6144 ], [ 72.8331, 22.6182 ], [ 72.8312, 22.6179 ], [ 72.8303, 22.6208 ], [ 72.8283, 22.6222 ], [ 72.8271, 22.626 ], [ 72.8297, 22.6269 ], [ 72.8319, 22.6312 ], [ 72.8311, 22.6342 ], [ 72.827, 22.6386 ], [ 72.8259, 22.6464 ], [ 72.8308, 22.6509 ], [ 72.8332, 22.6558 ], [ 72.835, 22.6565 ], [ 72.8357, 22.6646 ], [ 72.8342, 22.6709 ], [ 72.8301, 22.6702 ], [ 72.8281, 22.671 ], [ 72.8259, 22.6756 ], [ 72.8241, 22.6772 ], [ 72.8221, 22.6771 ], [ 72.8221, 22.6755 ], [ 72.8208, 22.6755 ], [ 72.8195, 22.6772 ], [ 72.8173, 22.6773 ], [ 72.8152, 22.682 ], [ 72.8135, 22.6832 ], [ 72.8056, 22.6844 ], [ 72.8018, 22.6831 ], [ 72.797, 22.6892 ], [ 72.7921, 22.6923 ], [ 72.7899, 22.6976 ], [ 72.7909, 22.6994 ], [ 72.7999, 22.7053 ], [ 72.8039, 22.7059 ], [ 72.804, 22.7069 ], [ 72.8005, 22.7087 ], [ 72.7994, 22.7119 ], [ 72.7983, 22.7119 ], [ 72.7986, 22.7169 ], [ 72.792, 22.7193 ], [ 72.7824, 22.721 ], [ 72.7802, 22.7309 ], [ 72.7757, 22.7286 ], [ 72.7745, 22.7295 ], [ 72.7751, 22.7311 ], [ 72.7729, 22.7309 ], [ 72.7709, 22.7316 ], [ 72.771, 22.7328 ], [ 72.7682, 22.7335 ], [ 72.767, 22.7382 ], [ 72.769, 22.7381 ], [ 72.7701, 22.7414 ], [ 72.7691, 22.7432 ], [ 72.7711, 22.7431 ], [ 72.7725, 22.7443 ], [ 72.7784, 22.7423 ], [ 72.7794, 22.7448 ], [ 72.7858, 22.7449 ], [ 72.7895, 22.7477 ], [ 72.7924, 22.7482 ], [ 72.7954, 22.7432 ], [ 72.7973, 22.7428 ], [ 72.7999, 22.7459 ], [ 72.7991, 22.7529 ], [ 72.804, 22.7542 ], [ 72.8078, 22.7644 ], [ 72.8122, 22.7627 ], [ 72.8151, 22.7638 ], [ 72.8163, 22.7623 ], [ 72.8173, 22.7625 ], [ 72.8169, 22.7635 ], [ 72.8186, 22.7638 ], [ 72.8195, 22.7627 ], [ 72.8203, 22.7635 ], [ 72.8242, 22.761 ], [ 72.8288, 22.7601 ], [ 72.8331, 22.7628 ], [ 72.8332, 22.7659 ], [ 72.835, 22.7686 ], [ 72.8349, 22.7734 ], [ 72.8415, 22.7736 ], [ 72.8556, 22.7794 ], [ 72.8584, 22.7775 ], [ 72.8592, 22.7741 ], [ 72.8683, 22.773 ], [ 72.8692, 22.7698 ], [ 72.8712, 22.7691 ], [ 72.871, 22.7668 ], [ 72.8692, 22.765 ], [ 72.8713, 22.7641 ], [ 72.8689, 22.7613 ], [ 72.8688, 22.7595 ], [ 72.88, 22.7565 ], [ 72.8877, 22.7508 ], [ 72.8908, 22.7535 ], [ 72.889, 22.7568 ], [ 72.8884, 22.7672 ], [ 72.8953, 22.7748 ], [ 72.8977, 22.7764 ], [ 72.9025, 22.7767 ], [ 72.9055, 22.7787 ], [ 72.9084, 22.7787 ], [ 72.9126, 22.7812 ], [ 72.9146, 22.7812 ] ] ] } },
{ "type": "Feature", "properties": { "block": "Petlad", "district": "Anand" }, "geometry": { "type": "Polygon", "coordinates": [ [ [ 72.7911, 22.623 ], [ 72.7927, 22.6214 ], [ 72.7935, 22.6168 ], [ 72.7959, 22.6141 ], [ 72.796, 22.6094 ], [ 72.8018, 22.6087 ], [ 72.8044, 22.6101 ], [ 72.8043, 22.6112 ], [ 72.8083, 22.6115 ], [ 72.8105, 22.6081 ], [ 72.8155, 22.6084 ], [ 72.8165, 22.6075 ], [ 72.8219, 22.6072 ], [ 72.8225, 22.6036 ], [ 72.8272, 22.6039 ], [ 72.8272, 22.5958 ], [ 72.8305, 22.5943 ], [ 72.8333, 22.5968 ], [ 72.8397, 22.5987 ], [ 72.8434, 22.5973 ], [ 72.8506, 22.6017 ], [ 72.8498, 22.6057 ], [ 72.8564, 22.6095 ], [ 72.8538, 22.6184 ], [ 72.8583, 22.6184 ], [ 72.859, 22.6171 ], [ 72.8602, 22.6171 ], [ 72.8719, 22.6204 ], [ 72.8717, 22.6149 ], [ 72.874, 22.6139 ], [ 72.8749, 22.6109 ], [ 72.875, 22.6035 ], [ 72.863, 22.6009 ], [ 72.8622, 22.5967 ], [ 72.863, 22.5937 ], [ 72.8597, 22.5914 ], [ 72.8641, 22.5878 ], [ 72.8664, 22.5842 ], [ 72.8689, 22.5724 ], [ 72.8672, 22.5699 ], [ 72.8623, 22.5685 ], [ 72.8658, 22.5599 ], [ 72.8603, 22.5532 ], [ 72.8601, 22.5506 ], [ 72.8685, 22.548 ], [ 72.8735, 22.5419 ], [ 72.8758, 22.5422 ], [ 72.8793, 22.5372 ], [ 72.8776, 22.5366 ], [ 72.8773, 22.5337 ], [ 72.8743, 22.5313 ], [ 72.864, 22.5291 ], [ 72.8643, 22.5261 ], [ 72.8601, 22.5246 ], [ 72.862, 22.5192 ], [ 72.8617, 22.5167 ], [ 72.8629, 22.5153 ], [ 72.8618, 22.5102 ], [ 72.8645, 22.5046 ], [ 72.8646, 22.5035 ], [ 72.863, 22.5028 ], [ 72.865, 22.5 ], [ 72.8723, 22.4995 ], [ 72.8796, 22.5011 ], [ 72.8808, 22.5025 ], [ 72.8802, 22.5063 ], [ 72.8861, 22.5096 ], [ 72.8875, 22.5111 ], [ 72.887, 22.5131 ], [ 72.8907, 22.5142 ], [ 72.8999, 22.5138 ], [ 72.9032, 22.5043 ], [ 72.8976, 22.5008 ], [ 72.897, 22.499 ], [ 72.9019, 22.4907 ], [ 72.9003, 22.4884 ], [ 72.8935, 22.4857 ], [ 72.8867, 22.489 ], [ 72.8876, 22.4842 ], [ 72.8869, 22.4829 ], [ 72.8833, 22.4809 ], [ 72.882, 22.4785 ], [ 72.8772, 22.4779 ], [ 72.8774, 22.4643 ], [ 72.8719, 22.4618 ], [ 72.8711, 22.4631 ], [ 72.8663, 22.4615 ], [ 72.8671, 22.4586 ], [ 72.8551, 22.4552 ], [ 72.8507, 22.4531 ], [ 72.8499, 22.4509 ], [ 72.8455, 22.4506 ], [ 72.8458, 22.448 ], [ 72.8434, 22.4435 ], [ 72.8448, 22.4426 ], [ 72.8458, 22.438 ], [ 72.8423, 22.4358 ], [ 72.8406, 22.4377 ], [ 72.8252, 22.4344 ], [ 72.8288, 22.4305 ], [ 72.8304, 22.4175 ], [ 72.8355, 22.4127 ], [ 72.8367, 22.409 ], [ 72.8268, 22.4074 ], [ 72.8259, 22.4049 ], [ 72.8243, 22.4042 ], [ 72.8123, 22.4023 ], [ 72.8064, 22.3936 ], [ 72.8025, 22.394 ], [ 72.7978, 22.3921 ], [ 72.7977, 22.3943 ], [ 72.7934, 22.394 ], [ 72.7894, 22.3976 ], [ 72.7891, 22.3995 ], [ 72.7826, 22.4005 ], [ 72.7815, 22.4066 ], [ 72.777, 22.4073 ], [ 72.7711, 22.3983 ], [ 72.7684, 22.3969 ], [ 72.7651, 22.3968 ], [ 72.7644, 22.3943 ], [ 72.7603, 22.3938 ], [ 72.758, 22.4017 ], [ 72.7504, 22.4156 ], [ 72.7478, 22.4146 ], [ 72.7437, 22.4148 ], [ 72.7439, 22.4222 ], [ 72.7424, 22.4251 ], [ 72.7402, 22.424 ], [ 72.7408, 22.4212 ], [ 72.7335, 22.417 ], [ 72.7326, 22.4192 ], [ 72.7316, 22.4189 ], [ 72.7279, 22.4231 ], [ 72.7224, 22.4247 ], [ 72.7208, 22.4206 ], [ 72.7166, 22.4176 ], [ 72.7165, 22.4145 ], [ 72.7121, 22.4098 ], [ 72.7129, 22.408 ], [ 72.7109, 22.4059 ], [ 72.7084, 22.4002 ], [ 72.7056, 22.4008 ], [ 72.706, 22.4045 ], [ 72.7075, 22.4051 ], [ 72.7032, 22.4127 ], [ 72.697, 22.4163 ], [ 72.6918, 22.4221 ], [ 72.6887, 22.423 ], [ 72.6892, 22.4266 ], [ 72.6882, 22.4279 ], [ 72.6893, 22.4307 ], [ 72.6885, 22.4343 ], [ 72.6865, 22.4348 ], [ 72.6827, 22.4447 ], [ 72.6796, 22.4471 ], [ 72.6783, 22.447 ], [ 72.6746, 22.453 ], [ 72.6662, 22.4521 ], [ 72.66, 22.449 ], [ 72.6582, 22.4517 ], [ 72.6589, 22.452 ], [ 72.6584, 22.4587 ], [ 72.6653, 22.4598 ], [ 72.673, 22.4651 ], [ 72.6812, 22.4663 ], [ 72.6816, 22.4703 ], [ 72.6795, 22.477 ], [ 72.6803, 22.483 ], [ 72.6881, 22.4847 ], [ 72.6999, 22.4898 ], [ 72.7071, 22.4957 ], [ 72.7126, 22.4968 ], [ 72.7169, 22.4932 ], [ 72.7216, 22.4928 ], [ 72.723, 22.4906 ], [ 72.7288, 22.4907 ], [ 72.7371, 22.5 ], [ 72.7388, 22.5004 ], [ 72.7402, 22.4986 ], [ 72.7416, 22.4992 ], [ 72.7457, 22.5057 ], [ 72.7492, 22.5086 ], [ 72.7516, 22.5088 ], [ 72.7537, 22.5118 ], [ 72.7534, 22.514 ], [ 72.7551, 22.5178 ], [ 72.7615, 22.5149 ], [ 72.7622, 22.5127 ], [ 72.767, 22.51 ], [ 72.7698, 22.5108 ], [ 72.7786, 22.5206 ], [ 72.7959, 22.5234 ], [ 72.7954, 22.5242 ], [ 72.7966, 22.525 ], [ 72.795, 22.528 ], [ 72.7945, 22.5334 ], [ 72.7918, 22.5365 ], [ 72.7862, 22.5403 ], [ 72.7825, 22.5458 ], [ 72.7835, 22.549 ], [ 72.7932, 22.5556 ], [ 72.7942, 22.559 ], [ 72.7928, 22.5702 ], [ 72.7939, 22.5714 ], [ 72.7828, 22.5747 ], [ 72.7825, 22.5761 ], [ 72.7792, 22.5775 ], [ 72.7793, 22.5823 ], [ 72.7811, 22.5858 ], [ 72.7793, 22.5907 ], [ 72.7764, 22.594 ], [ 72.7738, 22.6071 ], [ 72.771, 22.6102 ], [ 72.7709, 22.6123 ], [ 72.7776, 22.6157 ], [ 72.7767, 22.6198 ], [ 72.7911, 22.623 ] ] ] } },
{ "type": "Feature", "properties": { "block": "Anand", "district": "Anand" }, "geometry": { "type": "Polygon", "coordinates": [ [ [ 73.1133, 22.559 ], [ 73.1104, 22.5613 ], [ 73.108, 22.5603 ], [ 73.1063, 22.5615 ], [ 73.1004, 22.5603 ], [ 73.1013, 22.5578 ], [ 73.0996, 22.5569 ], [ 73.1005, 22.5519 ], [ 73.104, 22.5523 ], [ 73.1027, 22.5496 ], [ 73.1045, 22.5488 ], [ 73.1097, 22.5534 ], [ 73.109, 22.5546 ], [ 73.1114, 22.5559 ], [ 73.1106, 22.5568 ], [ 73.1133, 22.559 ], [ 73.1226, 22.5569 ], [ 73.1469, 22.5447 ], [ 73.1405, 22.5311 ], [ 73.1357, 22.5246 ], [ 73.125, 22.5204 ], [ 73.1214, 22.5176 ], [ 73.1118, 22.5147 ], [ 73.1047, 22.5143 ], [ 73.1, 22.5155 ], [ 73.097, 22.5118 ], [ 73.0936, 22.5116 ], [ 73.0917, 22.5103 ], [ 73.0905, 22.5056 ], [ 73.0879, 22.5027 ], [ 73.0876, 22.4961 ], [ 73.0899, 22.4797 ], [ 73.0937, 22.4656 ], [ 73.0934, 22.4555 ], [ 73.0921, 22.4534 ], [ 73.0796, 22.4431 ], [ 73.0743, 22.4364 ], [ 73.0701, 22.4338 ], [ 73.0677, 22.4365 ], [ 73.0661, 22.4427 ], [ 73.0642, 22.4445 ], [ 73.061, 22.4437 ], [ 73.0558, 22.4402 ], [ 73.0556, 22.4427 ], [ 73.0536, 22.4418 ], [ 73.049, 22.4452 ], [ 73.0423, 22.447 ], [ 73.0396, 22.4447 ], [ 73.0376, 22.4449 ], [ 73.0339, 22.4431 ], [ 73.0311, 22.4434 ], [ 73.0308, 22.4423 ], [ 73.025, 22.4431 ], [ 73.0221, 22.4424 ], [ 73.0191, 22.4464 ], [ 73.0138, 22.4455 ], [ 73.0148, 22.4513 ], [ 73.0127, 22.4515 ], [ 73.0147, 22.461 ], [ 73.0066, 22.4646 ], [ 73.002, 22.4683 ], [ 72.9956, 22.4673 ], [ 72.9873, 22.4626 ], [ 72.9858, 22.4554 ], [ 72.9844, 22.4608 ], [ 72.9823, 22.4618 ], [ 72.9798, 22.4614 ], [ 72.9786, 22.4634 ], [ 72.9759, 22.463 ], [ 72.9747, 22.4664 ], [ 72.9714, 22.4645 ], [ 72.9676, 22.4647 ], [ 72.9667, 22.4676 ], [ 72.9639, 22.4676 ], [ 72.9625, 22.4694 ], [ 72.9565, 22.4703 ], [ 72.955, 22.4735 ], [ 72.955, 22.4779 ], [ 72.9592, 22.4789 ], [ 72.9586, 22.4845 ], [ 72.9564, 22.4832 ], [ 72.9514, 22.4844 ], [ 72.9508, 22.486 ], [ 72.9476, 22.4875 ], [ 72.9449, 22.4948 ], [ 72.9436, 22.495 ], [ 72.9422, 22.4916 ], [ 72.9385, 22.4903 ], [ 72.9382, 22.4877 ], [ 72.9349, 22.485 ], [ 72.9347, 22.4833 ], [ 72.9315, 22.4821 ], [ 72.9266, 22.4821 ], [ 72.9267, 22.4833 ], [ 72.9244, 22.4842 ], [ 72.9235, 22.4885 ], [ 72.9266, 22.4895 ], [ 72.9258, 22.4936 ], [ 72.9252, 22.4946 ], [ 72.9201, 22.4947 ], [ 72.9203, 22.4982 ], [ 72.915, 22.496 ], [ 72.9152, 22.4885 ], [ 72.9065, 22.4869 ], [ 72.8988, 22.4946 ], [ 72.897, 22.499 ], [ 72.8976, 22.5008 ], [ 72.9032, 22.5043 ], [ 72.8999, 22.5138 ], [ 72.8907, 22.5142 ], [ 72.887, 22.5131 ], [ 72.8875, 22.5111 ], [ 72.8861, 22.5096 ], [ 72.8802, 22.5063 ], [ 72.8808, 22.5025 ], [ 72.8796, 22.5011 ], [ 72.8723, 22.4995 ], [ 72.865, 22.5 ], [ 72.863, 22.5028 ], [ 72.8646, 22.5035 ], [ 72.8645, 22.5046 ], [ 72.8618, 22.5102 ], [ 72.8629, 22.5153 ], [ 72.8617, 22.5167 ], [ 72.862, 22.5192 ], [ 72.8601, 22.5246 ], [ 72.8643, 22.5261 ], [ 72.864, 22.5291 ], [ 72.8743, 22.5313 ], [ 72.8773, 22.5337 ], [ 72.8776, 22.5366 ], [ 72.8793, 22.5372 ], [ 72.8758, 22.5422 ], [ 72.8735, 22.5419 ], [ 72.8685, 22.548 ], [ 72.8601, 22.5506 ], [ 72.8603, 22.5532 ], [ 72.8658, 22.5599 ], [ 72.8623, 22.5685 ], [ 72.8672, 22.5699 ], [ 72.8689, 22.5724 ], [ 72.8672, 22.5824 ], [ 72.8707, 22.5843 ], [ 72.8789, 22.5855 ], [ 72.8895, 22.5919 ], [ 72.8976, 22.595 ], [ 72.9007, 22.5903 ], [ 72.9057, 22.5927 ], [ 72.9106, 22.5924 ], [ 72.9174, 22.5947 ], [ 72.9199, 22.5974 ], [ 72.9222, 22.6034 ], [ 72.925, 22.606 ], [ 72.9259, 22.6139 ], [ 72.9281, 22.6167 ], [ 72.9288, 22.6276 ], [ 72.9298, 22.6292 ], [ 72.9409, 22.6301 ], [ 72.9457, 22.632 ], [ 72.9521, 22.6325 ], [ 72.9619, 22.6361 ], [ 72.9628, 22.6339 ], [ 72.9751, 22.6417 ], [ 72.9763, 22.6529 ], [ 72.9806, 22.6525 ], [ 72.9847, 22.6536 ], [ 72.9866, 22.6496 ], [ 72.9932, 22.6532 ], [ 73.0084, 22.6552 ], [ 73.0118, 22.6463 ], [ 73.0153, 22.6483 ], [ 73.0165, 22.6452 ], [ 73.018, 22.6453 ], [ 73.0191, 22.6425 ], [ 73.02, 22.6425 ], [ 73.0199, 22.639 ], [ 73.0226, 22.6391 ], [ 73.0218, 22.6351 ], [ 73.0227, 22.6335 ], [ 73.0197, 22.6277 ], [ 73.02, 22.6262 ], [ 73.0219, 22.6253 ], [ 73.0205, 22.6243 ], [ 73.0226, 22.6195 ], [ 73.0218, 22.6177 ], [ 73.0266, 22.619 ], [ 73.0257, 22.618 ], [ 73.0277, 22.6128 ], [ 73.033, 22.6121 ], [ 73.0339, 22.6105 ], [ 73.0486, 22.6125 ], [ 73.0545, 22.6117 ], [ 73.0572, 22.6101 ], [ 73.0684, 22.6115 ], [ 73.0709, 22.61 ], [ 73.0777, 22.613 ], [ 73.0768, 22.6158 ], [ 73.0782, 22.6189 ], [ 73.077, 22.6232 ], [ 73.0793, 22.6274 ], [ 73.0778, 22.6311 ], [ 73.081, 22.6347 ], [ 73.0796, 22.6362 ], [ 73.0797, 22.6451 ], [ 73.0857, 22.647 ], [ 73.0901, 22.65 ], [ 73.0894, 22.651 ], [ 73.1014, 22.6546 ], [ 73.1021, 22.6533 ], [ 73.1184, 22.6572 ], [ 73.1255, 22.6549 ], [ 73.1291, 22.6558 ], [ 73.1285, 22.6544 ], [ 73.1356, 22.6311 ], [ 73.1355, 22.6295 ], [ 73.1327, 22.6283 ], [ 73.1352, 22.6275 ], [ 73.1361, 22.6256 ], [ 73.1394, 22.6266 ], [ 73.1413, 22.6214 ], [ 73.1385, 22.6171 ], [ 73.1398, 22.6123 ], [ 73.1331, 22.6124 ], [ 73.1307, 22.6138 ], [ 73.1284, 22.6133 ], [ 73.1239, 22.6032 ], [ 73.1196, 22.6006 ], [ 73.119, 22.5983 ], [ 73.117, 22.5963 ], [ 73.112, 22.5955 ], [ 73.1049, 22.5978 ], [ 73.1028, 22.594 ], [ 73.1052, 22.5919 ], [ 73.1074, 22.5918 ], [ 73.1083, 22.5885 ], [ 73.1123, 22.584 ], [ 73.1152, 22.5762 ], [ 73.117, 22.5753 ], [ 73.1165, 22.5686 ], [ 73.1192, 22.5644 ], [ 73.117, 22.564 ], [ 73.1133, 22.559 ] ] ] } },
{ "type": "Feature", "properties": { "block": "Anklav", "district": "Anand" }, "geometry": { "type": "MultiPolygon", "coordinates": [ [ [ [ 72.952, 22.374 ], [ 72.9538, 22.3727 ], [ 72.9518, 22.3687 ], [ 72.9485, 22.3689 ], [ 72.9496, 22.3731 ], [ 72.952, 22.374 ] ] ], [ [ [ 73.0148, 22.4513 ], [ 73.0138, 22.4455 ], [ 73.0191, 22.4464 ], [ 73.0221, 22.4424 ], [ 73.025, 22.4431 ], [ 73.0308, 22.4423 ], [ 73.0311, 22.4434 ], [ 73.0339, 22.4431 ], [ 73.0376, 22.4449 ], [ 73.0396, 22.4447 ], [ 73.0423, 22.447 ], [ 73.049, 22.4452 ], [ 73.0536, 22.4418 ], [ 73.0556, 22.4427 ], [ 73.0558, 22.4402 ], [ 73.061, 22.4437 ], [ 73.0642, 22.4445 ], [ 73.0661, 22.4427 ], [ 73.0677, 22.4365 ], [ 73.0701, 22.4338 ], [ 73.0661, 22.4304 ], [ 73.0646, 22.4254 ], [ 73.0682, 22.4104 ], [ 73.0728, 22.4004 ], [ 73.0726, 22.396 ], [ 73.068, 22.3853 ], [ 73.0574, 22.3758 ], [ 73.0527, 22.3734 ], [ 73.0481, 22.3668 ], [ 73.0468, 22.3628 ], [ 73.0468, 22.3589 ], [ 73.0534, 22.3394 ], [ 73.0633, 22.3212 ], [ 73.0633, 22.3173 ], [ 73.0599, 22.3111 ], [ 73.0538, 22.3056 ], [ 73.0351, 22.2958 ], [ 73.027, 22.2857 ], [ 73.0092, 22.2677 ], [ 72.9976, 22.264 ], [ 72.9919, 22.2608 ], [ 72.9745, 22.2541 ], [ 72.9682, 22.2628 ], [ 72.9517, 22.2633 ], [ 72.9506, 22.2698 ], [ 72.9505, 22.285 ], [ 72.9489, 22.2928 ], [ 72.952, 22.2947 ], [ 72.9578, 22.2946 ], [ 72.9643, 22.2962 ], [ 72.9634, 22.2943 ], [ 72.9648, 22.2946 ], [ 72.9653, 22.2979 ], [ 72.9628, 22.3136 ], [ 72.9641, 22.3138 ], [ 72.9641, 22.3148 ], [ 72.9631, 22.3172 ], [ 72.9658, 22.3169 ], [ 72.9654, 22.3204 ], [ 72.9669, 22.3199 ], [ 72.9678, 22.3236 ], [ 72.9703, 22.3228 ], [ 72.978, 22.3239 ], [ 72.9789, 22.3257 ], [ 72.982, 22.3259 ], [ 72.9836, 22.3279 ], [ 72.9854, 22.3263 ], [ 72.9919, 22.3343 ], [ 72.9923, 22.3394 ], [ 72.9933, 22.3391 ], [ 72.9938, 22.3404 ], [ 72.9891, 22.3467 ], [ 72.9843, 22.3496 ], [ 72.9838, 22.3478 ], [ 72.9776, 22.3472 ], [ 72.9766, 22.3458 ], [ 72.9735, 22.3466 ], [ 72.971, 22.3436 ], [ 72.9651, 22.3425 ], [ 72.9646, 22.3437 ], [ 72.9602, 22.3434 ], [ 72.9598, 22.3453 ], [ 72.9587, 22.3456 ], [ 72.961, 22.3489 ], [ 72.9603, 22.3505 ], [ 72.9545, 22.3562 ], [ 72.9563, 22.357 ], [ 72.9559, 22.3579 ], [ 72.9547, 22.3593 ], [ 72.9535, 22.3584 ], [ 72.9523, 22.3592 ], [ 72.9496, 22.3635 ], [ 72.9578, 22.3673 ], [ 72.9581, 22.3703 ], [ 72.9594, 22.3718 ], [ 72.9562, 22.3721 ], [ 72.9618, 22.3733 ], [ 72.9618, 22.3743 ], [ 72.9631, 22.3745 ], [ 72.9637, 22.3809 ], [ 72.9652, 22.3808 ], [ 72.9644, 22.378 ], [ 72.9677, 22.3771 ], [ 72.9693, 22.3784 ], [ 72.9697, 22.3813 ], [ 72.9768, 22.3801 ], [ 72.9783, 22.3854 ], [ 72.9752, 22.3854 ], [ 72.9744, 22.3872 ], [ 72.9774, 22.391 ], [ 72.9725, 22.3953 ], [ 72.9715, 22.3953 ], [ 72.9731, 22.392 ], [ 72.972, 22.3915 ], [ 72.9696, 22.3965 ], [ 72.9747, 22.4036 ], [ 72.9728, 22.411 ], [ 72.9742, 22.4154 ], [ 72.97, 22.4184 ], [ 72.9757, 22.4253 ], [ 72.9755, 22.4279 ], [ 72.9776, 22.4289 ], [ 72.9784, 22.4327 ], [ 72.9811, 22.4352 ], [ 72.9853, 22.4358 ], [ 72.9831, 22.4404 ], [ 72.9845, 22.4419 ], [ 72.9842, 22.4431 ], [ 72.9827, 22.4438 ], [ 72.987, 22.4478 ], [ 72.9858, 22.4554 ], [ 72.9873, 22.4626 ], [ 72.9956, 22.4673 ], [ 72.9994, 22.4683 ], [ 73.0027, 22.4679 ], [ 73.0066, 22.4646 ], [ 73.0147, 22.461 ], [ 73.0127, 22.4515 ], [ 73.0148, 22.4513 ] ], [ [ 72.9592, 22.3599 ], [ 72.96, 22.3568 ], [ 72.9635, 22.3569 ], [ 72.9611, 22.3635 ], [ 72.959, 22.3631 ], [ 72.96, 22.3603 ], [ 72.9592, 22.3599 ] ] ] ] } },
{ "type": "Feature", "properties": { "block": "Borsad", "district": "Anand" }, "geometry": { "type": "MultiPolygon", "coordinates": [ [ [ [ 72.9633, 22.3576 ], [ 72.96, 22.3568 ], [ 72.959, 22.3631 ], [ 72.9611, 22.3635 ], [ 72.9633, 22.3576 ] ] ], [ [ [ 72.9203, 22.4982 ], [ 72.9201, 22.4947 ], [ 72.9252, 22.4946 ], [ 72.9258, 22.4936 ], [ 72.9266, 22.4895 ], [ 72.9235, 22.4885 ], [ 72.9244, 22.4842 ], [ 72.9267, 22.4833 ], [ 72.9266, 22.4821 ], [ 72.9315, 22.4821 ], [ 72.9347, 22.4833 ], [ 72.9349, 22.485 ], [ 72.9382, 22.4877 ], [ 72.9385, 22.4903 ], [ 72.9422, 22.4916 ], [ 72.9436, 22.495 ], [ 72.9449, 22.4948 ], [ 72.9476, 22.4875 ], [ 72.9508, 22.486 ], [ 72.9514, 22.4844 ], [ 72.9564, 22.4832 ], [ 72.9586, 22.4845 ], [ 72.9592, 22.4789 ], [ 72.955, 22.4779 ], [ 72.955, 22.4735 ], [ 72.9565, 22.4703 ], [ 72.9625, 22.4694 ], [ 72.9639, 22.4676 ], [ 72.9667, 22.4676 ], [ 72.9676, 22.4647 ], [ 72.9714, 22.4645 ], [ 72.9747, 22.4664 ], [ 72.9759, 22.463 ], [ 72.9786, 22.4634 ], [ 72.9798, 22.4614 ], [ 72.9837, 22.4614 ], [ 72.9865, 22.4534 ], [ 72.987, 22.4478 ], [ 72.9827, 22.4438 ], [ 72.9842, 22.4431 ], [ 72.9845, 22.4419 ], [ 72.9831, 22.4404 ], [ 72.9853, 22.4358 ], [ 72.9811, 22.4352 ], [ 72.9784, 22.4327 ], [ 72.9776, 22.4289 ], [ 72.9755, 22.4279 ], [ 72.9757, 22.4253 ], [ 72.97, 22.4184 ], [ 72.9742, 22.4154 ], [ 72.9728, 22.411 ], [ 72.9747, 22.4036 ], [ 72.9696, 22.3965 ], [ 72.972, 22.3915 ], [ 72.9731, 22.392 ], [ 72.9715, 22.3953 ], [ 72.9725, 22.3953 ], [ 72.9774, 22.391 ], [ 72.9744, 22.3872 ], [ 72.9752, 22.3854 ], [ 72.9783, 22.3854 ], [ 72.9768, 22.3801 ], [ 72.9697, 22.3813 ], [ 72.9693, 22.3784 ], [ 72.9677, 22.3771 ], [ 72.9644, 22.378 ], [ 72.9652, 22.3808 ], [ 72.9637, 22.3809 ], [ 72.9631, 22.3745 ], [ 72.9618, 22.3743 ], [ 72.9618, 22.3733 ], [ 72.9562, 22.3721 ], [ 72.9594, 22.3718 ], [ 72.9581, 22.3703 ], [ 72.9578, 22.3673 ], [ 72.9496, 22.3635 ], [ 72.9523, 22.3592 ], [ 72.9535, 22.3584 ], [ 72.9547, 22.3593 ], [ 72.9559, 22.3579 ], [ 72.9563, 22.357 ], [ 72.9545, 22.3562 ], [ 72.9603, 22.3505 ], [ 72.961, 22.3489 ], [ 72.9587, 22.3456 ], [ 72.9598, 22.3453 ], [ 72.9602, 22.3434 ], [ 72.9646, 22.3437 ], [ 72.9651, 22.3425 ], [ 72.971, 22.3436 ], [ 72.9735, 22.3466 ], [ 72.9766, 22.3458 ], [ 72.9776, 22.3472 ], [ 72.9838, 22.3478 ], [ 72.9843, 22.3496 ], [ 72.9891, 22.3467 ], [ 72.9938, 22.3404 ], [ 72.9933, 22.3391 ], [ 72.9923, 22.3394 ], [ 72.9919, 22.3343 ], [ 72.9854, 22.3263 ], [ 72.9836, 22.3279 ], [ 72.982, 22.3259 ], [ 72.9789, 22.3257 ], [ 72.978, 22.3239 ], [ 72.9703, 22.3228 ], [ 72.9678, 22.3236 ], [ 72.9669, 22.3199 ], [ 72.9654, 22.3204 ], [ 72.9658, 22.3169 ], [ 72.9631, 22.3172 ], [ 72.9641, 22.3148 ], [ 72.9641, 22.3138 ], [ 72.9628, 22.3136 ], [ 72.9653, 22.2979 ], [ 72.9648, 22.2946 ], [ 72.9634, 22.2943 ], [ 72.9643, 22.2962 ], [ 72.9578, 22.2946 ], [ 72.952, 22.2947 ], [ 72.9489, 22.2928 ], [ 72.9455, 22.3017 ], [ 72.9425, 22.3048 ], [ 72.9364, 22.3065 ], [ 72.9262, 22.306 ], [ 72.9166, 22.3009 ], [ 72.9111, 22.2937 ], [ 72.9113, 22.2878 ], [ 72.9161, 22.2787 ], [ 72.917, 22.2743 ], [ 72.9164, 22.2667 ], [ 72.9105, 22.262 ], [ 72.9043, 22.2604 ], [ 72.8954, 22.2599 ], [ 72.8871, 22.2632 ], [ 72.8686, 22.2746 ], [ 72.8406, 22.275 ], [ 72.8335, 22.2715 ], [ 72.8266, 22.2643 ], [ 72.8149, 22.2547 ], [ 72.8027, 22.2523 ], [ 72.7913, 22.252 ], [ 72.7879, 22.2549 ], [ 72.7852, 22.2597 ], [ 72.7861, 22.2641 ], [ 72.7847, 22.2677 ], [ 72.7812, 22.2708 ], [ 72.7797, 22.2731 ], [ 72.7797, 22.2751 ], [ 72.7783, 22.275 ], [ 72.7753, 22.2807 ], [ 72.7663, 22.2812 ], [ 72.7674, 22.2765 ], [ 72.7585, 22.277 ], [ 72.7557, 22.2755 ], [ 72.7475, 22.2785 ], [ 72.7491, 22.284 ], [ 72.7488, 22.2872 ], [ 72.7538, 22.2909 ], [ 72.7522, 22.2951 ], [ 72.7563, 22.2956 ], [ 72.7576, 22.2989 ], [ 72.7568, 22.3012 ], [ 72.7601, 22.3084 ], [ 72.7639, 22.3099 ], [ 72.7638, 22.3128 ], [ 72.7596, 22.3177 ], [ 72.7596, 22.3207 ], [ 72.7598, 22.3227 ], [ 72.7639, 22.3272 ], [ 72.7641, 22.335 ], [ 72.7662, 22.3371 ], [ 72.7655, 22.3424 ], [ 72.7723, 22.3436 ], [ 72.767, 22.3591 ], [ 72.7645, 22.3598 ], [ 72.7595, 22.3583 ], [ 72.7538, 22.3596 ], [ 72.7536, 22.3661 ], [ 72.7628, 22.3704 ], [ 72.7608, 22.3828 ], [ 72.7564, 22.3879 ], [ 72.7593, 22.3932 ], [ 72.7644, 22.3943 ], [ 72.7651, 22.3968 ], [ 72.7684, 22.3969 ], [ 72.7711, 22.3983 ], [ 72.777, 22.4073 ], [ 72.7815, 22.4066 ], [ 72.7826, 22.4005 ], [ 72.7891, 22.3995 ], [ 72.7894, 22.3976 ], [ 72.7934, 22.394 ], [ 72.7977, 22.3943 ], [ 72.7978, 22.3921 ], [ 72.8025, 22.394 ], [ 72.8064, 22.3936 ], [ 72.8123, 22.4023 ], [ 72.8243, 22.4042 ], [ 72.8259, 22.4049 ], [ 72.8268, 22.4074 ], [ 72.8367, 22.409 ], [ 72.8355, 22.4127 ], [ 72.8304, 22.4175 ], [ 72.8288, 22.4305 ], [ 72.8252, 22.4344 ], [ 72.8406, 22.4377 ], [ 72.843, 22.4361 ], [ 72.8458, 22.438 ], [ 72.8448, 22.4426 ], [ 72.8434, 22.4435 ], [ 72.8458, 22.448 ], [ 72.8455, 22.4506 ], [ 72.8499, 22.4509 ], [ 72.8507, 22.4531 ], [ 72.8551, 22.4552 ], [ 72.8671, 22.4586 ], [ 72.8663, 22.4615 ], [ 72.8711, 22.4631 ], [ 72.8719, 22.4618 ], [ 72.8774, 22.4643 ], [ 72.8772, 22.4779 ], [ 72.882, 22.4785 ], [ 72.8833, 22.4809 ], [ 72.8869, 22.4829 ], [ 72.8876, 22.4842 ], [ 72.8867, 22.489 ], [ 72.8926, 22.4857 ], [ 72.9003, 22.4884 ], [ 72.9019, 22.4907 ], [ 72.9065, 22.4869 ], [ 72.9152, 22.4885 ], [ 72.915, 22.496 ], [ 72.9203, 22.4982 ] ], [ [ 72.9485, 22.3689 ], [ 72.9518, 22.3687 ], [ 72.9538, 22.3727 ], [ 72.952, 22.374 ], [ 72.9498, 22.3732 ], [ 72.9485, 22.3689 ] ] ] ] } },
{ "type": "Feature", "properties": { "block": "Santrampur", "district": "Mahisagar" }, "geometry": { "type": "MultiPolygon", "coordinates": [ [ [ [ 73.8387, 23.2115 ], [ 73.839, 23.2072 ], [ 73.8364, 23.2039 ], [ 73.8343, 23.2039 ], [ 73.835, 23.2053 ], [ 73.8343, 23.2062 ], [ 73.8328, 23.2046 ], [ 73.8314, 23.2058 ], [ 73.8329, 23.2068 ], [ 73.8312, 23.2085 ], [ 73.8321, 23.2105 ], [ 73.8349, 23.2109 ], [ 73.8357, 23.2094 ], [ 73.8358, 23.2115 ], [ 73.8387, 23.2115 ] ] ], [ [ [ 73.9614, 23.3727 ], [ 73.9679, 23.3748 ], [ 73.9711, 23.3743 ], [ 73.9755, 23.3715 ], [ 73.9771, 23.3648 ], [ 73.9804, 23.3624 ], [ 73.9792, 23.359 ], [ 73.9801, 23.3574 ], [ 73.9794, 23.3556 ], [ 73.9805, 23.3537 ], [ 73.9814, 23.3381 ], [ 73.9876, 23.3358 ], [ 73.9978, 23.3357 ], [ 73.9962, 23.3289 ], [ 73.9936, 23.3271 ], [ 73.9923, 23.3239 ], [ 73.9877, 23.3197 ], [ 73.9847, 23.3101 ], [ 73.9861, 23.3014 ], [ 73.99, 23.2984 ], [ 73.9902, 23.2965 ], [ 73.9948, 23.2942 ], [ 73.9955, 23.2923 ], [ 73.997, 23.2917 ], [ 73.9972, 23.2891 ], [ 73.9969, 23.2877 ], [ 73.9891, 23.2835 ], [ 73.9879, 23.2816 ], [ 73.9882, 23.2788 ], [ 73.9852, 23.2739 ], [ 73.9833, 23.2615 ], [ 73.9861, 23.2581 ], [ 73.987, 23.2586 ], [ 73.9894, 23.2569 ], [ 73.9916, 23.25 ], [ 73.9943, 23.2485 ], [ 73.9932, 23.2433 ], [ 73.9904, 23.2402 ], [ 73.9909, 23.231 ], [ 73.9927, 23.2279 ], [ 73.9895, 23.2222 ], [ 73.9898, 23.2209 ], [ 73.9854, 23.2185 ], [ 73.9721, 23.2231 ], [ 73.9702, 23.2251 ], [ 73.9647, 23.2248 ], [ 73.9663, 23.2232 ], [ 73.9651, 23.217 ], [ 73.9677, 23.2069 ], [ 73.97, 23.2064 ], [ 73.9754, 23.2083 ], [ 73.9795, 23.2079 ], [ 73.9814, 23.2089 ], [ 73.9821, 23.2116 ], [ 73.9857, 23.208 ], [ 73.9835, 23.2044 ], [ 73.9839, 23.2023 ], [ 73.98, 23.1999 ], [ 73.9806, 23.1932 ], [ 73.9817, 23.1924 ], [ 73.9838, 23.1928 ], [ 73.9836, 23.1911 ], [ 73.9729, 23.1888 ], [ 73.9752, 23.1847 ], [ 73.9723, 23.1831 ], [ 73.9719, 23.18 ], [ 73.9737, 23.1722 ], [ 73.9753, 23.173 ], [ 73.9798, 23.1666 ], [ 73.9854, 23.1658 ], [ 73.9904, 23.1602 ], [ 73.9922, 23.1604 ], [ 73.991, 23.1559 ], [ 73.9921, 23.1478 ], [ 73.9954, 23.1453 ], [ 73.9951, 23.1361 ], [ 73.9884, 23.1379 ], [ 73.9873, 23.1374 ], [ 73.9814, 23.1396 ], [ 73.9782, 23.1371 ], [ 73.9758, 23.1324 ], [ 73.9755, 23.1241 ], [ 73.9821, 23.1189 ], [ 73.9939, 23.1157 ], [ 73.9981, 23.1149 ], [ 74.0036, 23.1174 ], [ 74.0049, 23.1157 ], [ 74.0049, 23.1087 ], [ 74.0131, 23.1038 ], [ 74.0121, 23.102 ], [ 74.0195, 23.0935 ], [ 74.0191, 23.0918 ], [ 74.0173, 23.092 ], [ 74.0129, 23.0878 ], [ 74.0059, 23.0878 ], [ 74.0046, 23.0891 ], [ 74.003, 23.089 ], [ 74.0017, 23.0863 ], [ 73.9983, 23.0857 ], [ 73.996, 23.088 ], [ 73.9884, 23.0919 ], [ 73.9824, 23.0985 ], [ 73.9686, 23.1001 ], [ 73.9682, 23.1035 ], [ 73.9664, 23.104 ], [ 73.9667, 23.106 ], [ 73.965, 23.1083 ], [ 73.9657, 23.1084 ], [ 73.9637, 23.1106 ], [ 73.9646, 23.1112 ], [ 73.9625, 23.1114 ], [ 73.9621, 23.1128 ], [ 73.959, 23.114 ], [ 73.9534, 23.1087 ], [ 73.9461, 23.1107 ], [ 73.9451, 23.1013 ], [ 73.9422, 23.0983 ], [ 73.9343, 23.0966 ], [ 73.9304, 23.0973 ], [ 73.9286, 23.0935 ], [ 73.9177, 23.092 ], [ 73.9115, 23.0845 ], [ 73.9067, 23.0811 ], [ 73.9052, 23.0685 ], [ 73.9081, 23.0528 ], [ 73.9036, 23.0496 ], [ 73.9003, 23.0492 ], [ 73.8851, 23.0524 ], [ 73.8812, 23.0572 ], [ 73.8603, 23.0603 ], [ 73.8526, 23.0667 ], [ 73.8448, 23.0777 ], [ 73.8464, 23.0793 ], [ 73.842, 23.083 ], [ 73.8437, 23.085 ], [ 73.8424, 23.0869 ], [ 73.8299, 23.0928 ], [ 73.8221, 23.0995 ], [ 73.8172, 23.0997 ], [ 73.8138, 23.1012 ], [ 73.8148, 23.1039 ], [ 73.8095, 23.1091 ], [ 73.804, 23.1072 ], [ 73.8022, 23.0992 ], [ 73.7953, 23.0949 ], [ 73.791, 23.0891 ], [ 73.7792, 23.0836 ], [ 73.7738, 23.0756 ], [ 73.7676, 23.0729 ], [ 73.7603, 23.0729 ], [ 73.7579, 23.0751 ], [ 73.7526, 23.0737 ], [ 73.7512, 23.0719 ], [ 73.7447, 23.0693 ], [ 73.7458, 23.0642 ], [ 73.7369, 23.0672 ], [ 73.734, 23.0635 ], [ 73.7291, 23.0643 ], [ 73.726, 23.0619 ], [ 73.7189, 23.0615 ], [ 73.7179, 23.0591 ], [ 73.7184, 23.0555 ], [ 73.7167, 23.0537 ], [ 73.7103, 23.064 ], [ 73.7119, 23.0674 ], [ 73.7106, 23.0722 ], [ 73.7028, 23.0824 ], [ 73.6971, 23.0885 ], [ 73.6918, 23.0909 ], [ 73.6915, 23.0939 ], [ 73.682, 23.0922 ], [ 73.6816, 23.0963 ], [ 73.6777, 23.0985 ], [ 73.6734, 23.1044 ], [ 73.6791, 23.106 ], [ 73.6801, 23.1077 ], [ 73.6844, 23.1092 ], [ 73.6919, 23.1087 ], [ 73.7, 23.1096 ], [ 73.6989, 23.1339 ], [ 73.696, 23.1398 ], [ 73.6915, 23.1402 ], [ 73.6922, 23.1471 ], [ 73.6912, 23.1502 ], [ 73.6967, 23.1554 ], [ 73.7032, 23.1553 ], [ 73.7043, 23.1571 ], [ 73.7103, 23.1586 ], [ 73.7101, 23.1597 ], [ 73.7125, 23.1609 ], [ 73.7122, 23.1627 ], [ 73.7163, 23.1621 ], [ 73.717, 23.1663 ], [ 73.7188, 23.1674 ], [ 73.7177, 23.1676 ], [ 73.7187, 23.1702 ], [ 73.7206, 23.1697 ], [ 73.7233, 23.1725 ], [ 73.724, 23.1788 ], [ 73.7309, 23.1822 ], [ 73.7315, 23.184 ], [ 73.7297, 23.1858 ], [ 73.7312, 23.1992 ], [ 73.7301, 23.2015 ], [ 73.7329, 23.2029 ], [ 73.7434, 23.2025 ], [ 73.7561, 23.1977 ], [ 73.7569, 23.1998 ], [ 73.7649, 23.2008 ], [ 73.7681, 23.2035 ], [ 73.7718, 23.1976 ], [ 73.7705, 23.1922 ], [ 73.7743, 23.1886 ], [ 73.7747, 23.1862 ], [ 73.7799, 23.1872 ], [ 73.7864, 23.1834 ], [ 73.7935, 23.1827 ], [ 73.7989, 23.1834 ], [ 73.8005, 23.1807 ], [ 73.805, 23.1813 ], [ 73.8062, 23.1794 ], [ 73.8125, 23.178 ], [ 73.8138, 23.1754 ], [ 73.8185, 23.1771 ], [ 73.8177, 23.1791 ], [ 73.8213, 23.1818 ], [ 73.8235, 23.1857 ], [ 73.8333, 23.1913 ], [ 73.8421, 23.2006 ], [ 73.843, 23.2062 ], [ 73.8402, 23.2081 ], [ 73.84, 23.2103 ], [ 73.8434, 23.2105 ], [ 73.8458, 23.2117 ], [ 73.8454, 23.2131 ], [ 73.8471, 23.212 ], [ 73.8485, 23.2133 ], [ 73.8485, 23.2143 ], [ 73.8468, 23.2147 ], [ 73.8476, 23.2157 ], [ 73.8476, 23.2222 ], [ 73.8491, 23.2236 ], [ 73.8516, 23.2235 ], [ 73.8513, 23.2198 ], [ 73.8539, 23.2194 ], [ 73.8551, 23.2244 ], [ 73.8568, 23.2249 ], [ 73.8602, 23.221 ], [ 73.8626, 23.2211 ], [ 73.8651, 23.2036 ], [ 73.8647, 23.1993 ], [ 73.8618, 23.1937 ], [ 73.8607, 23.1854 ], [ 73.8697, 23.1847 ], [ 73.8725, 23.1958 ], [ 73.8715, 23.206 ], [ 73.8751, 23.2075 ], [ 73.8747, 23.2095 ], [ 73.8856, 23.2103 ], [ 73.8813, 23.2585 ], [ 73.8787, 23.2644 ], [ 73.8735, 23.2678 ], [ 73.8706, 23.2757 ], [ 73.8671, 23.28 ], [ 73.8651, 23.285 ], [ 73.8609, 23.2832 ], [ 73.8584, 23.284 ], [ 73.8534, 23.2959 ], [ 73.8488, 23.2995 ], [ 73.8509, 23.305 ], [ 73.8529, 23.3078 ], [ 73.8561, 23.3097 ], [ 73.8553, 23.3114 ], [ 73.8608, 23.3136 ], [ 73.8608, 23.3149 ], [ 73.862, 23.3144 ], [ 73.8617, 23.3131 ], [ 73.8632, 23.3134 ], [ 73.8639, 23.3121 ], [ 73.8712, 23.3142 ], [ 73.8713, 23.3236 ], [ 73.8746, 23.3238 ], [ 73.8761, 23.3263 ], [ 73.8805, 23.3277 ], [ 73.8802, 23.3285 ], [ 73.8831, 23.3306 ], [ 73.8842, 23.3335 ], [ 73.8874, 23.3358 ], [ 73.8896, 23.3364 ], [ 73.8919, 23.3341 ], [ 73.8939, 23.3338 ], [ 73.9009, 23.336 ], [ 73.9082, 23.3349 ], [ 73.9163, 23.3352 ], [ 73.9287, 23.3373 ], [ 73.9357, 23.3397 ], [ 73.9394, 23.3444 ], [ 73.937, 23.3606 ], [ 73.938, 23.3679 ], [ 73.9523, 23.3752 ], [ 73.9575, 23.3795 ], [ 73.9599, 23.3777 ], [ 73.9614, 23.3727 ] ] ] ] } },
{ "type": "Feature", "properties": { "block": "Kadana", "district": "Mahisagar" }, "geometry": { "type": "Polygon", "coordinates": [ [ [ 73.7723, 23.438 ], [ 73.7766, 23.4378 ], [ 73.779, 23.4313 ], [ 73.7921, 23.4304 ], [ 73.7958, 23.4317 ], [ 73.8026, 23.4375 ], [ 73.8186, 23.4385 ], [ 73.8246, 23.4426 ], [ 73.8287, 23.4477 ], [ 73.8287, 23.4438 ], [ 73.8303, 23.4432 ], [ 73.8318, 23.4405 ], [ 73.8331, 23.4358 ], [ 73.8315, 23.4323 ], [ 73.8324, 23.4311 ], [ 73.8309, 23.4312 ], [ 73.8302, 23.4262 ], [ 73.8341, 23.4236 ], [ 73.8351, 23.4204 ], [ 73.8396, 23.4188 ], [ 73.8391, 23.4171 ], [ 73.8406, 23.4162 ], [ 73.8409, 23.4134 ], [ 73.8457, 23.4104 ], [ 73.8456, 23.4075 ], [ 73.8493, 23.4055 ], [ 73.85, 23.402 ], [ 73.8582, 23.3962 ], [ 73.8593, 23.3921 ], [ 73.8612, 23.3915 ], [ 73.8618, 23.3896 ], [ 73.8636, 23.3895 ], [ 73.8634, 23.3872 ], [ 73.8608, 23.3857 ], [ 73.8618, 23.3836 ], [ 73.8658, 23.3842 ], [ 73.8664, 23.3813 ], [ 73.8692, 23.3819 ], [ 73.867, 23.3785 ], [ 73.8678, 23.378 ], [ 73.8719, 23.3773 ], [ 73.873, 23.3795 ], [ 73.8738, 23.3769 ], [ 73.8725, 23.3759 ], [ 73.8737, 23.3751 ], [ 73.8725, 23.3725 ], [ 73.8741, 23.3707 ], [ 73.8743, 23.3638 ], [ 73.8759, 23.3616 ], [ 73.8812, 23.3582 ], [ 73.8872, 23.3573 ], [ 73.8898, 23.3509 ], [ 73.8913, 23.3505 ], [ 73.8908, 23.3489 ], [ 73.8928, 23.3478 ], [ 73.8896, 23.3364 ], [ 73.8842, 23.3335 ], [ 73.8831, 23.3306 ], [ 73.8802, 23.3285 ], [ 73.8805, 23.3277 ], [ 73.8761, 23.3263 ], [ 73.8746, 23.3238 ], [ 73.8713, 23.3236 ], [ 73.8712, 23.3142 ], [ 73.8639, 23.3121 ], [ 73.8632, 23.3134 ], [ 73.8617, 23.3131 ], [ 73.862, 23.3144 ], [ 73.8608, 23.3149 ], [ 73.8608, 23.3136 ], [ 73.8588, 23.3123 ], [ 73.8563, 23.3123 ], [ 73.8553, 23.3114 ], [ 73.8561, 23.3097 ], [ 73.852, 23.3069 ], [ 73.8488, 23.2995 ], [ 73.8534, 23.2959 ], [ 73.8584, 23.284 ], [ 73.8609, 23.2832 ], [ 73.8651, 23.285 ], [ 73.8671, 23.28 ], [ 73.8706, 23.2757 ], [ 73.8735, 23.2678 ], [ 73.8787, 23.2644 ], [ 73.8813, 23.2585 ], [ 73.8856, 23.2103 ], [ 73.8747, 23.2095 ], [ 73.8751, 23.2075 ], [ 73.8715, 23.206 ], [ 73.8725, 23.1958 ], [ 73.8697, 23.1847 ], [ 73.8607, 23.1854 ], [ 73.8618, 23.1937 ], [ 73.8647, 23.1993 ], [ 73.8651, 23.2036 ], [ 73.8626, 23.2211 ], [ 73.8602, 23.221 ], [ 73.8568, 23.2249 ], [ 73.8551, 23.2244 ], [ 73.8539, 23.2194 ], [ 73.8513, 23.2198 ], [ 73.8516, 23.2235 ], [ 73.8491, 23.2236 ], [ 73.8476, 23.2222 ], [ 73.8476, 23.2157 ], [ 73.8468, 23.2147 ], [ 73.8485, 23.2143 ], [ 73.8485, 23.2133 ], [ 73.8471, 23.212 ], [ 73.8454, 23.2131 ], [ 73.8458, 23.2117 ], [ 73.8434, 23.2105 ], [ 73.84, 23.2103 ], [ 73.8402, 23.2081 ], [ 73.843, 23.2062 ], [ 73.8421, 23.2006 ], [ 73.8333, 23.1913 ], [ 73.8235, 23.1857 ], [ 73.8213, 23.1818 ], [ 73.8177, 23.1791 ], [ 73.8185, 23.1771 ], [ 73.8138, 23.1754 ], [ 73.8125, 23.178 ], [ 73.8062, 23.1794 ], [ 73.805, 23.1813 ], [ 73.8005, 23.1807 ], [ 73.7989, 23.1834 ], [ 73.7935, 23.1827 ], [ 73.7864, 23.1834 ], [ 73.7799, 23.1872 ], [ 73.7747, 23.1862 ], [ 73.7743, 23.1886 ], [ 73.7705, 23.1922 ], [ 73.7718, 23.1976 ], [ 73.7681, 23.2035 ], [ 73.7649, 23.2008 ], [ 73.7569, 23.1998 ], [ 73.7561, 23.1977 ], [ 73.7434, 23.2025 ], [ 73.7329, 23.2029 ], [ 73.7301, 23.2015 ], [ 73.7253, 23.2086 ], [ 73.7292, 23.2188 ], [ 73.733, 23.2209 ], [ 73.7336, 23.219 ], [ 73.7374, 23.2195 ], [ 73.739, 23.2185 ], [ 73.7406, 23.2196 ], [ 73.7436, 23.2196 ], [ 73.7464, 23.2212 ], [ 73.7459, 23.2236 ], [ 73.747, 23.2245 ], [ 73.7436, 23.2238 ], [ 73.7507, 23.2312 ], [ 73.7509, 23.2375 ], [ 73.7485, 23.2404 ], [ 73.7481, 23.2444 ], [ 73.747, 23.244 ], [ 73.7461, 23.2461 ], [ 73.744, 23.247 ], [ 73.7457, 23.2491 ], [ 73.7463, 23.2526 ], [ 73.745, 23.2562 ], [ 73.7437, 23.2586 ], [ 73.7408, 23.257 ], [ 73.7373, 23.2618 ], [ 73.7361, 23.267 ], [ 73.7279, 23.2617 ], [ 73.7201, 23.2583 ], [ 73.7095, 23.2615 ], [ 73.6973, 23.2672 ], [ 73.7007, 23.2721 ], [ 73.7048, 23.2745 ], [ 73.7072, 23.278 ], [ 73.7091, 23.2785 ], [ 73.7113, 23.2824 ], [ 73.7128, 23.2828 ], [ 73.7139, 23.2851 ], [ 73.7137, 23.2896 ], [ 73.7125, 23.2925 ], [ 73.7097, 23.2952 ], [ 73.7095, 23.2988 ], [ 73.7065, 23.3046 ], [ 73.7042, 23.3057 ], [ 73.6997, 23.3143 ], [ 73.6959, 23.3167 ], [ 73.6951, 23.3205 ], [ 73.691, 23.3249 ], [ 73.6884, 23.3315 ], [ 73.6882, 23.3342 ], [ 73.6912, 23.3362 ], [ 73.6917, 23.3398 ], [ 73.6941, 23.3431 ], [ 73.6921, 23.3492 ], [ 73.69, 23.3512 ], [ 73.6901, 23.3537 ], [ 73.698, 23.359 ], [ 73.6997, 23.363 ], [ 73.6996, 23.3692 ], [ 73.7037, 23.3714 ], [ 73.7026, 23.3732 ], [ 73.6984, 23.3759 ], [ 73.6915, 23.3764 ], [ 73.6896, 23.3775 ], [ 73.6876, 23.3798 ], [ 73.6875, 23.384 ], [ 73.6928, 23.391 ], [ 73.6996, 23.3899 ], [ 73.7044, 23.3934 ], [ 73.7078, 23.3935 ], [ 73.7108, 23.3956 ], [ 73.7165, 23.402 ], [ 73.7206, 23.4011 ], [ 73.7235, 23.4025 ], [ 73.7245, 23.404 ], [ 73.7208, 23.4101 ], [ 73.7254, 23.418 ], [ 73.7287, 23.4232 ], [ 73.735, 23.4255 ], [ 73.7366, 23.4298 ], [ 73.7499, 23.4407 ], [ 73.7565, 23.4502 ], [ 73.755, 23.4532 ], [ 73.7557, 23.4543 ], [ 73.7672, 23.4531 ], [ 73.7706, 23.4481 ], [ 73.7723, 23.438 ] ], [ [ 73.838, 23.2115 ], [ 73.8358, 23.2115 ], [ 73.8357, 23.2094 ], [ 73.8349, 23.2109 ], [ 73.8321, 23.2105 ], [ 73.8312, 23.2085 ], [ 73.8329, 23.2068 ], [ 73.8314, 23.2058 ], [ 73.8328, 23.2046 ], [ 73.8342, 23.2062 ], [ 73.835, 23.2053 ], [ 73.8343, 23.2039 ], [ 73.837, 23.2044 ], [ 73.839, 23.2072 ], [ 73.838, 23.2115 ] ] ] } }
]
}
