Year,Season,Param,District,Block,Observed,Forecast,Diff,RMSE,Corr
2021,All,Rainfall,Anand,Anand,1006.5,2497.2,1490.7,14.7142,0.6439
2021,All,Rainfall,Anand,Anklav,1032.2,2497.2,1465.0,14.6353,0.6497
2021,All,Rainfall,Anand,Borsad,1072.7,2497.2,1424.5,14.2931,0.6742
2021,All,Rainfall,Anand,Khambhat,1037.6,2497.2,1459.6,13.8961,0.7215
2021,All,Rainfall,Anand,Petlad,1125.5,2497.2,1371.7,13.8441,0.7
2021,All,Rainfall,Anand,Sojitra,1123.9,2497.2,1373.3,13.5491,0.7213
2021,All,Rainfall,Anand,Tarapur,1063.3,2497.2,1433.9,13.6578,0.7244
2021,All,Rainfall,Anand,Umreth,896.2,2497.2,1601.0,15.3209,0.601
2021,All,Rainfall,Kheda,Galteshwar,756.1,2549.5,1793.4,14.0637,0.7157
2021,All,Rainfall,Kheda,Kapadvanj,1172.0,2549.5,1377.5,11.7972,0.7985
2021,All,Rainfall,Kheda,Kathlal,829.4,2549.5,1720.1,14.0072,0.7496
2021,All,Rainfall,Kheda,Kheda,1064.1,2549.5,1485.4,11.7717,0.8277
2021,All,Rainfall,Kheda,Mahudha,932.1,2549.5,1617.4,12.7337,0.7901
2021,All,Rainfall,Kheda,Matar,1065.2,2549.5,1484.3,11.8234,0.827
2021,All,Rainfall,Kheda,Mehmedabad,1080.2,2549.5,1469.3,11.7835,0.8139
2021,All,Rainfall,Kheda,Nadiad,1115.5,2549.5,1434.0,11.9646,0.8039
2021,All,Rainfall,Kheda,Thasra,883.4,2549.5,1666.1,13.3788,0.7462
2021,All,Rainfall,Kheda,Vaso,1157.8,2549.5,1391.7,11.7835,0.8115
2021,All,Rainfall,Mahisagar,Balasinor,1012.6,2167.2,1154.6,11.5144,0.7606
2021,All,Rainfall,Mahisagar,Kadana,782.4,2167.2,1384.8,12.6675,0.7659
2021,All,Rainfall,Mahisagar,Khanpur,761.8,2167.2,1405.4,12.6301,0.7678
2021,All,Rainfall,Mahisagar,Lunawada,940.3,2167.2,1226.9,11.6836,0.7946
2021,All,Rainfall,Mahisagar,Santrampur,1020.6,2167.2,1146.6,11.6887,0.7839
2021,All,Rainfall,Mahisagar,Virpur,926.7,2167.2,1240.5,11.5551,0.797
2021,All,Tmax,Anand,Anand,33.9414,34.0868,0.1455,1.8328,0.8918
2021,All,Tmax,Anand,Anklav,33.8515,34.0868,0.2353,1.7836,0.8968
2021,All,Tmax,Anand,Borsad,33.8942,34.0868,0.1926,1.7885,0.8961
2021,All,Tmax,Anand,Khambhat,33.8356,34.0868,0.2512,1.657,0.9104
2021,All,Tmax,Anand,Petlad,33.9345,34.0868,0.1523,1.7984,0.8956
2021,All,Tmax,Anand,Sojitra,33.9633,34.0868,0.1236,1.8105,0.8951
2021,All,Tmax,Anand,Tarapur,33.9367,34.0868,0.1501,1.7966,0.8967
2021,All,Tmax,Anand,Umreth,33.963,34.0868,0.1238,1.8785,0.8876
2021,All,Tmax,Kheda,Galteshwar,33.8619,34.4378,0.5759,1.9781,0.8885
2021,All,Tmax,Kheda,Kapadvanj,34.0871,34.4378,0.3507,1.9141,0.8946
2021,All,Tmax,Kheda,Kathlal,32.4068,34.4378,2.031,2.8891,0.8681
2021,All,Tmax,Kheda,Kheda,34.0477,34.4378,0.3901,1.856,0.9002
2021,All,Tmax,Kheda,Mahudha,34.2918,34.4378,0.146,1.8469,0.9054
2021,All,Tmax,Kheda,Matar,34.0389,34.4378,0.3989,1.8486,0.9008
2021,All,Tmax,Kheda,Mehmedabad,34.0773,34.4378,0.3605,1.8728,0.8987
2021,All,Tmax,Kheda,Nadiad,33.9984,34.4378,0.4395,1.8947,0.8955
2021,All,Tmax,Kheda,Thasra,33.9093,34.4378,0.5285,1.9661,0.8896
2021,All,Tmax,Kheda,Vaso,33.9784,34.4378,0.4595,1.8866,0.8966
2021,All,Tmax,Mahisagar,Balasinor,33.8652,34.0896,0.2244,1.9312,0.8864
2021,All,Tmax,Mahisagar,Kadana,33.4436,34.0896,0.646,2.1439,0.8807
2021,All,Tmax,Mahisagar,Khanpur,33.6384,34.0896,0.4512,2.0607,0.8827
2021,All,Tmax,Mahisagar,Lunawada,33.6701,34.0896,0.4195,2.004,0.8858
2021,All,Tmax,Mahisagar,Santrampur,33.3436,34.0896,0.746,2.1621,0.8818
2021,All,Tmax,Mahisagar,Virpur,33.857,34.0896,0.2326,1.9496,0.8876
2021,All,Tmin,Anand,Anand,21.9099,22.0551,0.1452,1.3835,0.9629
2021,All,Tmin,Anand,Anklav,21.8929,22.0551,0.1622,1.3721,0.9626
2021,All,Tmin,Anand,Borsad,21.9159,22.0551,0.1392,1.3714,0.9629
2021,All,Tmin,Anand,Khambhat,21.9825,22.0551,0.0726,1.3242,0.9645
2021,All,Tmin,Anand,Petlad,21.9058,22.0551,0.1493,1.3946,0.9622
2021,All,Tmin,Anand,Sojitra,21.9318,22.0551,0.1233,1.4127,0.9612
2021,All,Tmin,Anand,Tarapur,21.9025,22.0551,0.1526,1.414,0.9613
2021,All,Tmin,Anand,Umreth,21.9463,22.0551,0.1088,1.3865,0.963
2021,All,Tmin,Kheda,Galteshwar,21.8315,22.0523,0.2208,1.4477,0.9607
2021,All,Tmin,Kheda,Kapadvanj,22.0981,22.0523,-0.0458,1.4346,0.9611
2021,All,Tmin,Kheda,Kathlal,19.6844,22.0523,2.3679,3.1683,0.912
2021,All,Tmin,Kheda,Kheda,22.0723,22.0523,-0.02,1.3948,0.9628
2021,All,Tmin,Kheda,Mahudha,21.6405,22.0523,0.4118,1.6628,0.9498
2021,All,Tmin,Kheda,Matar,22.0504,22.0523,0.0019,1.3954,0.9627
2021,All,Tmin,Kheda,Mehmedabad,22.1463,22.0523,-0.094,1.3951,0.9631
2021,All,Tmin,Kheda,Nadiad,22.0307,22.0523,0.0216,1.401,0.9626
2021,All,Tmin,Kheda,Thasra,21.8819,22.0523,0.1704,1.4394,0.9609
2021,All,Tmin,Kheda,Vaso,21.9827,22.0523,0.0696,1.4056,0.9623
2021,All,Tmin,Mahisagar,Balasinor,21.7093,22.0263,0.317,1.4779,0.9584
2021,All,Tmin,Mahisagar,Kadana,21.0016,22.0263,1.0247,1.9176,0.9445
2021,All,Tmin,Mahisagar,Khanpur,21.2658,22.0263,0.7605,1.7576,0.9471
2021,All,Tmin,Mahisagar,Lunawada,21.2326,22.0263,0.7937,1.7274,0.9508
2021,All,Tmin,Mahisagar,Santrampur,20.7868,22.0263,1.2395,2.0337,0.9451
2021,All,Tmin,Mahisagar,Virpur,21.5674,22.0263,0.4589,1.5831,0.9524
2021,All,RH-I,Anand,Anand,53.8685,55.1918,1.3233,9.1234,0.9038
2021,All,RH-I,Anand,Anklav,53.1014,55.1918,2.0904,9.1871,0.9074
2021,All,RH-I,Anand,Borsad,53.7096,55.1918,1.4822,8.9683,0.9085
2021,All,RH-I,Anand,Khambhat,56.3973,55.1918,-1.2055,8.4972,0.9132
2021,All,RH-I,Anand,Petlad,54.1726,55.1918,1.0192,8.8748,0.9082
2021,All,RH-I,Anand,Sojitra,54.0438,55.1918,1.1479,8.9346,0.9066
2021,All,RH-I,Anand,Tarapur,53.5918,55.1918,1.6,9.0242,0.9049
2021,All,RH-I,Anand,Umreth,53.4712,55.1918,1.7205,9.2795,0.9016
2021,All,RH-I,Kheda,Galteshwar,53.0932,54.5808,1.4877,9.9217,0.8928
2021,All,RH-I,Kheda,Kapadvanj,52.9863,54.5808,1.5945,9.6583,0.9009
2021,All,RH-I,Kheda,Kathlal,52.4384,54.5808,2.1425,11.4274,0.8759
2021,All,RH-I,Kheda,Kheda,53.3479,54.5808,1.2329,9.4675,0.9019
2021,All,RH-I,Kheda,Mahudha,53.9753,54.5808,0.6055,10.79,0.8741
2021,All,RH-I,Kheda,Matar,53.326,54.5808,1.2548,9.4495,0.9022
2021,All,RH-I,Kheda,Mehmedabad,53.4438,54.5808,1.137,9.4177,0.9028
2021,All,RH-I,Kheda,Nadiad,54.2603,54.5808,0.3205,9.5661,0.899
2021,All,RH-I,Kheda,Thasra,53.2685,54.5808,1.3123,9.7611,0.8961
2021,All,RH-I,Kheda,Vaso,54.1753,54.5808,0.4055,9.6356,0.8972
2021,All,RH-I,Mahisagar,Balasinor,52.3589,52.9479,0.589,10.0708,0.9074
2021,All,RH-I,Mahisagar,Kadana,50.1288,52.9479,2.8192,10.295,0.9111
2021,All,RH-I,Mahisagar,Khanpur,50.0767,52.9479,2.8712,10.298,0.9113
2021,All,RH-I,Mahisagar,Lunawada,51.0274,52.9479,1.9205,9.9466,0.9135
2021,All,RH-I,Mahisagar,Santrampur,51.3233,52.9479,1.6247,9.9229,0.9135
2021,All,RH-I,Mahisagar,Virpur,50.8712,52.9479,2.0767,10.0134,0.9127
2021,All,RH-II,Anand,Anand,30.9945,34.1836,3.189,6.4647,0.9551
2021,All,RH-II,Anand,Anklav,30.9973,34.1836,3.1863,6.2612,0.9575
2021,All,RH-II,Anand,Borsad,31.2658,34.1836,2.9178,6.0999,0.9588
2021,All,RH-II,Anand,Khambhat,38.8164,34.1836,-4.6329,7.2075,0.9559
2021,All,RH-II,Anand,Petlad,31.3863,34.1836,2.7973,6.1084,0.9588
2021,All,RH-II,Anand,Sojitra,31.1534,34.1836,3.0301,6.275,0.958
2021,All,RH-II,Anand,Tarapur,30.9315,34.1836,3.2521,6.31,0.9579
2021,All,RH-II,Anand,Umreth,30.3288,34.1836,3.8548,6.8915,0.9525
2021,All,RH-II,Kheda,Galteshwar,30.2247,31.6658,1.4411,5.995,0.9549
2021,All,RH-II,Kheda,Kapadvanj,30.1507,31.6658,1.5151,6.0021,0.9555
2021,All,RH-II,Kheda,Kathlal,30.3178,31.6658,1.3479,7.4551,0.9327
2021,All,RH-II,Kheda,Kheda,30.5918,31.6658,1.074,5.8305,0.9563
2021,All,RH-II,Kheda,Mahudha,29.8438,31.6658,1.8219,6.8589,0.9418
2021,All,RH-II,Kheda,Matar,30.611,31.6658,1.0548,5.8152,0.9564
2021,All,RH-II,Kheda,Mehmedabad,30.5918,31.6658,1.074,5.8567,0.9561
2021,All,RH-II,Kheda,Nadiad,31.1726,31.6658,0.4932,5.6945,0.9575
2021,All,RH-II,Kheda,Thasra,30.3836,31.6658,1.2822,5.8408,0.9566
2021,All,RH-II,Kheda,Vaso,31.1699,31.6658,0.4959,5.6493,0.9581
2021,All,RH-II,Mahisagar,Balasinor,29.926,30.5315,0.6055,5.8378,0.9603
2021,All,RH-II,Mahisagar,Kadana,28.9918,30.5315,1.5397,6.3677,0.9545
2021,All,RH-II,Mahisagar,Khanpur,28.8959,30.5315,1.6356,6.2944,0.9559
2021,All,RH-II,Mahisagar,Lunawada,29.5918,30.5315,0.9397,5.9618,0.9586
2021,All,RH-II,Mahisagar,Santrampur,29.9479,30.5315,0.5836,6.0421,0.9568
2021,All,RH-II,Mahisagar,Virpur,29.3808,30.5315,1.1507,5.9945,0.9587
2021,All,Wind,Anand,Anand,13.6329,15.0441,1.4112,3.0348,0.8792
2021,All,Wind,Anand,Anklav,13.9151,15.0441,1.129,2.817,0.8891
2021,All,Wind,Anand,Borsad,13.8658,15.0441,1.1784,2.9049,0.8823
2021,All,Wind,Anand,Khambhat,16.011,15.0441,-0.9668,3.0232,0.8723
2021,All,Wind,Anand,Petlad,13.8712,15.0441,1.1729,2.9542,0.8768
2021,All,Wind,Anand,Sojitra,13.8603,15.0441,1.1838,3.0042,0.8724
2021,All,Wind,Anand,Tarapur,14.4137,15.0441,0.6304,2.876,0.8674
2021,All,Wind,Anand,Umreth,13.9781,15.0441,1.066,2.9481,0.8784
2021,All,Wind,Kheda,Galteshwar,14.337,14.249,-0.0879,2.7537,0.8846
2021,All,Wind,Kheda,Kapadvanj,14.0027,14.249,0.2463,2.6433,0.874
2021,All,Wind,Kheda,Kathlal,12.2658,14.249,1.9833,3.8772,0.7894
2021,All,Wind,Kheda,Kheda,13.5452,14.249,0.7038,2.8093,0.8653
2021,All,Wind,Kheda,Mahudha,13.1096,14.249,1.1395,3.4026,0.8053
2021,All,Wind,Kheda,Matar,13.5836,14.249,0.6655,2.8146,0.8631
2021,All,Wind,Kheda,Mehmedabad,13.3726,14.249,0.8764,2.8738,0.8639
2021,All,Wind,Kheda,Nadiad,13.4822,14.249,0.7668,2.7741,0.8701
2021,All,Wind,Kheda,Thasra,14.1753,14.249,0.0737,2.6892,0.8839
2021,All,Wind,Kheda,Vaso,13.589,14.249,0.66,2.7389,0.871
2021,All,Wind,Mahisagar,Balasinor,14.2548,14.8622,0.6074,2.7033,0.8932
2021,All,Wind,Mahisagar,Kadana,14.4767,14.8622,0.3855,2.6799,0.8924
2021,All,Wind,Mahisagar,Khanpur,14.4137,14.8622,0.4485,2.667,0.8893
2021,All,Wind,Mahisagar,Lunawada,13.9616,14.8622,0.9005,2.663,0.8991
2021,All,Wind,Mahisagar,Santrampur,14.4521,14.8622,0.4101,2.6614,0.8955
2021,All,Wind,Mahisagar,Virpur,14.2849,14.8622,0.5773,2.6976,0.8875
2021,Winter,Rainfall,Anand,Anand,7.1,101.0,93.9,6.8968,0.9342
2021,Winter,Rainfall,Anand,Anklav,9.5,101.0,91.5,6.7307,0.93
2021,Winter,Rainfall,Anand,Borsad,8.8,101.0,92.2,6.751,0.9342
2021,Winter,Rainfall,Anand,Khambhat,9.5,101.0,91.5,6.6648,0.934
2021,Winter,Rainfall,Anand,Petlad,8.1,101.0,92.9,6.8093,0.9343
2021,Winter,Rainfall,Anand,Sojitra,7.1,101.0,93.9,6.878,0.934
2021,Winter,Rainfall,Anand,Tarapur,7.0,101.0,94.0,6.8783,0.9337
2021,Winter,Rainfall,Anand,Umreth,6.3,101.0,94.7,6.9519,0.9392
2021,Winter,Rainfall,Kheda,Galteshwar,7.1,39.5,32.4,2.2718,0.5244
2021,Winter,Rainfall,Kheda,Kapadvanj,5.2,39.5,34.3,2.3364,0.5241
2021,Winter,Rainfall,Kheda,Kathlal,0.2,39.5,39.3,2.574,-0.0183
2021,Winter,Rainfall,Kheda,Kheda,5.3,39.5,34.2,2.3326,0.5241
2021,Winter,Rainfall,Kheda,Mahudha,0.2,39.5,39.3,2.574,-0.0183
2021,Winter,Rainfall,Kheda,Matar,5.4,39.5,34.1,2.3289,0.5241
2021,Winter,Rainfall,Kheda,Mehmedabad,5.0,39.5,34.5,2.3441,0.524
2021,Winter,Rainfall,Kheda,Nadiad,6.2,39.5,33.3,2.3005,0.5243
2021,Winter,Rainfall,Kheda,Thasra,6.8,39.5,32.7,2.2744,0.537
2021,Winter,Rainfall,Kheda,Vaso,6.7,39.5,32.8,2.2841,0.5244
2021,Winter,Rainfall,Mahisagar,Balasinor,6.9,17.0,10.1,0.5964,0.8269
2021,Winter,Rainfall,Mahisagar,Kadana,3.5,17.0,13.5,0.7738,0.8354
2021,Winter,Rainfall,Mahisagar,Khanpur,3.6,17.0,13.4,0.7668,0.835
2021,Winter,Rainfall,Mahisagar,Lunawada,5.2,17.0,11.8,0.6603,0.8272
2021,Winter,Rainfall,Mahisagar,Santrampur,5.6,17.0,11.4,0.6474,0.83
2021,Winter,Rainfall,Mahisagar,Virpur,4.6,17.0,12.4,0.6971,0.8302
2021,Winter,Tmax,Anand,Anand,29.66,30.0611,0.4011,1.8661,0.7682
2021,Winter,Tmax,Anand,Anklav,29.4967,30.0611,0.5644,1.8267,0.7799
2021,Winter,Tmax,Anand,Borsad,29.5467,30.0611,0.5144,1.8361,0.7759
2021,Winter,Tmax,Anand,Khambhat,29.3578,30.0611,0.7033,1.6595,0.8196
2021,Winter,Tmax,Anand,Petlad,29.5978,30.0611,0.4633,1.8444,0.7733
2021,Winter,Tmax,Anand,Sojitra,29.6378,30.0611,0.4233,1.8331,0.7771
2021,Winter,Tmax,Anand,Tarapur,29.5822,30.0611,0.4789,1.7888,0.7872
2021,Winter,Tmax,Anand,Umreth,29.7978,30.0611,0.2633,1.8648,0.768
2021,Winter,Tmax,Kheda,Galteshwar,29.6522,29.95,0.2978,1.9462,0.7371
2021,Winter,Tmax,Kheda,Kapadvanj,29.6822,29.95,0.2678,1.9894,0.7303
2021,Winter,Tmax,Kheda,Kathlal,28.6578,29.95,1.2922,2.6819,0.7005
2021,Winter,Tmax,Kheda,Kheda,29.62,29.95,0.33,1.9456,0.7405
2021,Winter,Tmax,Kheda,Mahudha,29.4389,29.95,0.5111,1.9735,0.7509
2021,Winter,Tmax,Kheda,Matar,29.6156,29.95,0.3344,1.944,0.741
2021,Winter,Tmax,Kheda,Mehmedabad,29.6456,29.95,0.3044,1.9645,0.7357
2021,Winter,Tmax,Kheda,Nadiad,29.6267,29.95,0.3233,1.9628,0.7361
2021,Winter,Tmax,Kheda,Thasra,29.6622,29.95,0.2878,1.9575,0.7352
2021,Winter,Tmax,Kheda,Vaso,29.6044,29.95,0.3456,1.959,0.7387
2021,Winter,Tmax,Mahisagar,Balasinor,29.6456,29.9889,0.3433,1.9071,0.7591
2021,Winter,Tmax,Mahisagar,Kadana,29.3722,29.9889,0.6167,2.0952,0.751
2021,Winter,Tmax,Mahisagar,Khanpur,29.4822,29.9889,0.5067,2.0448,0.7499
2021,Winter,Tmax,Mahisagar,Lunawada,29.54,29.9889,0.4489,1.9914,0.7541
2021,Winter,Tmax,Mahisagar,Santrampur,29.3367,29.9889,0.6522,2.0895,0.7556
2021,Winter,Tmax,Mahisagar,Virpur,29.6089,29.9889,0.38,1.9562,0.7548
2021,Winter,Tmin,Anand,Anand,14.7867,15.2722,0.4856,1.673,0.6852
2021,Winter,Tmin,Anand,Anklav,14.8289,15.2722,0.4433,1.6119,0.7063
2021,Winter,Tmin,Anand,Borsad,14.8433,15.2722,0.4289,1.6437,0.6923
2021,Winter,Tmin,Anand,Khambhat,14.9244,15.2722,0.3478,1.4828,0.7205
2021,Winter,Tmin,Anand,Petlad,14.8133,15.2722,0.4589,1.7195,0.6717
2021,Winter,Tmin,Anand,Sojitra,14.8344,15.2722,0.4378,1.7589,0.6566
2021,Winter,Tmin,Anand,Tarapur,14.8078,15.2722,0.4644,1.7474,0.6612
2021,Winter,Tmin,Anand,Umreth,14.79,15.2722,0.4822,1.6912,0.6689
2021,Winter,Tmin,Kheda,Galteshwar,14.7767,14.85,0.0733,2.0269,0.5576
2021,Winter,Tmin,Kheda,Kapadvanj,14.8611,14.85,-0.0111,1.9941,0.5732
2021,Winter,Tmin,Kheda,Kathlal,13.6189,14.85,1.2311,3.1476,0.2393
2021,Winter,Tmin,Kheda,Kheda,14.89,14.85,-0.04,1.9925,0.5793
2021,Winter,Tmin,Kheda,Mahudha,14.6311,14.85,0.2189,2.0715,0.5384
2021,Winter,Tmin,Kheda,Matar,14.8844,14.85,-0.0344,1.9975,0.5777
2021,Winter,Tmin,Kheda,Mehmedabad,14.9144,14.85,-0.0644,1.9762,0.5877
2021,Winter,Tmin,Kheda,Nadiad,14.8611,14.85,-0.0111,2.0101,0.5694
2021,Winter,Tmin,Kheda,Thasra,14.7944,14.85,0.0556,2.0296,0.5556
2021,Winter,Tmin,Kheda,Vaso,14.8567,14.85,-0.0067,2.0191,0.5666
2021,Winter,Tmin,Mahisagar,Balasinor,14.7222,15.1222,0.4,1.8157,0.576
2021,Winter,Tmin,Mahisagar,Kadana,14.4411,15.1222,0.6811,2.0155,0.5356
2021,Winter,Tmin,Mahisagar,Khanpur,14.5967,15.1222,0.5256,1.8912,0.5654
2021,Winter,Tmin,Mahisagar,Lunawada,14.5478,15.1222,0.5744,1.9256,0.5467
2021,Winter,Tmin,Mahisagar,Santrampur,14.2933,15.1222,0.8289,2.1347,0.5076
2021,Winter,Tmin,Mahisagar,Virpur,14.72,15.1222,0.4022,1.8019,0.5852
2021,Winter,RH-I,Anand,Anand,41.3,42.5667,1.2667,8.9132,0.7666
2021,Winter,RH-I,Anand,Anklav,39.4889,42.5667,3.0778,9.2346,0.7678
2021,Winter,RH-I,Anand,Borsad,40.6222,42.5667,1.9444,9.0388,0.7641
2021,Winter,RH-I,Anand,Khambhat,44.2333,42.5667,-1.6667,9.0811,0.7488
2021,Winter,RH-I,Anand,Petlad,41.5,42.5667,1.0667,9.0431,0.7597
2021,Winter,RH-I,Anand,Sojitra,41.5667,42.5667,1.0,9.228,0.7501
2021,Winter,RH-I,Anand,Tarapur,41.4111,42.5667,1.1556,9.4716,0.7375
2021,Winter,RH-I,Anand,Umreth,40.8222,42.5667,1.7444,8.8223,0.774
2021,Winter,RH-I,Kheda,Galteshwar,41.1889,41.7778,0.5889,9.7143,0.7475
2021,Winter,RH-I,Kheda,Kapadvanj,40.2333,41.7778,1.5444,9.8336,0.7447
2021,Winter,RH-I,Kheda,Kathlal,39.7667,41.7778,2.0111,11.094,0.6712
2021,Winter,RH-I,Kheda,Kheda,40.8333,41.7778,0.9444,9.3494,0.7684
2021,Winter,RH-I,Kheda,Mahudha,40.8333,41.7778,0.9444,10.5299,0.7024
2021,Winter,RH-I,Kheda,Matar,40.8222,41.7778,0.9556,9.2976,0.7712
2021,Winter,RH-I,Kheda,Mehmedabad,40.8444,41.7778,0.9333,9.3393,0.7688
2021,Winter,RH-I,Kheda,Nadiad,41.4556,41.7778,0.3222,9.2322,0.7735
2021,Winter,RH-I,Kheda,Thasra,41.1333,41.7778,0.6444,9.5893,0.7542
2021,Winter,RH-I,Kheda,Vaso,41.3889,41.7778,0.3889,9.2418,0.7732
2021,Winter,RH-I,Mahisagar,Balasinor,40.1667,39.5,-0.6667,10.2035,0.7221
2021,Winter,RH-I,Mahisagar,Kadana,39.0444,39.5,0.4556,10.7966,0.6812
2021,Winter,RH-I,Mahisagar,Khanpur,38.6667,39.5,0.8333,10.9296,0.6737
2021,Winter,RH-I,Mahisagar,Lunawada,39.0111,39.5,0.4889,10.6542,0.6914
2021,Winter,RH-I,Mahisagar,Santrampur,39.6778,39.5,-0.1778,10.4764,0.7024
2021,Winter,RH-I,Mahisagar,Virpur,38.7,39.5,0.8,10.761,0.6849
2021,Winter,RH-II,Anand,Anand,23.4333,26.0333,2.6,4.7188,0.9324
2021,Winter,RH-II,Anand,Anklav,23.1556,26.0333,2.8778,4.9922,0.9234
2021,Winter,RH-II,Anand,Borsad,23.3889,26.0333,2.6444,4.761,0.9301
2021,Winter,RH-II,Anand,Khambhat,31.8556,26.0333,-5.8222,7.1383,0.9137
2021,Winter,RH-II,Anand,Petlad,23.4,26.0333,2.6333,4.4833,0.941
2021,Winter,RH-II,Anand,Sojitra,23.1,26.0333,2.9333,4.5923,0.9421
2021,Winter,RH-II,Anand,Tarapur,22.9778,26.0333,3.0556,4.6916,0.9402
2021,Winter,RH-II,Anand,Umreth,22.9556,26.0333,3.0778,4.7317,0.9404
2021,Winter,RH-II,Kheda,Galteshwar,23.8444,22.7667,-1.0778,3.7639,0.938
2021,Winter,RH-II,Kheda,Kapadvanj,23.0,22.7667,-0.2333,3.7698,0.9309
2021,Winter,RH-II,Kheda,Kathlal,22.1333,22.7667,0.6333,5.7106,0.835
2021,Winter,RH-II,Kheda,Kheda,23.4889,22.7667,-0.7222,3.6773,0.9367
2021,Winter,RH-II,Kheda,Mahudha,22.8222,22.7667,-0.0556,4.9114,0.8796
2021,Winter,RH-II,Kheda,Matar,23.5,22.7667,-0.7333,3.6757,0.9369
2021,Winter,RH-II,Kheda,Mehmedabad,23.4556,22.7667,-0.6889,3.624,0.9384
2021,Winter,RH-II,Kheda,Nadiad,23.9,22.7667,-1.1333,3.6998,0.9407
2021,Winter,RH-II,Kheda,Thasra,23.7333,22.7667,-0.9667,3.6893,0.9393
2021,Winter,RH-II,Kheda,Vaso,23.8333,22.7667,-1.0667,3.7088,0.9397
2021,Winter,RH-II,Mahisagar,Balasinor,22.9667,20.4556,-2.5111,4.7726,0.9122
2021,Winter,RH-II,Mahisagar,Kadana,22.0222,20.4556,-1.5667,5.0122,0.8734
2021,Winter,RH-II,Mahisagar,Khanpur,21.6889,20.4556,-1.2333,5.0476,0.8657
2021,Winter,RH-II,Mahisagar,Lunawada,21.9667,20.4556,-1.5111,4.7819,0.886
2021,Winter,RH-II,Mahisagar,Santrampur,22.6111,20.4556,-2.1556,4.8097,0.8985
2021,Winter,RH-II,Mahisagar,Virpur,21.7889,20.4556,-1.3333,4.8899,0.8767
2021,Winter,Wind,Anand,Anand,11.0556,12.26,1.2044,1.8885,0.9242
2021,Winter,Wind,Anand,Anklav,11.1222,12.26,1.1378,1.7776,0.9299
2021,Winter,Wind,Anand,Borsad,11.1222,12.26,1.1378,1.8305,0.9219
2021,Winter,Wind,Anand,Khambhat,13.0333,12.26,-0.7733,1.9815,0.9014
2021,Winter,Wind,Anand,Petlad,11.3444,12.26,0.9156,1.7152,0.9194
2021,Winter,Wind,Anand,Sojitra,11.5111,12.26,0.7489,1.5985,0.9236
2021,Winter,Wind,Anand,Tarapur,11.9556,12.26,0.3044,1.5025,0.9175
2021,Winter,Wind,Anand,Umreth,11.0778,12.26,1.1822,1.9658,0.9238
2021,Winter,Wind,Kheda,Galteshwar,11.2778,11.6678,0.39,1.4788,0.9252
2021,Winter,Wind,Kheda,Kapadvanj,11.8556,11.6678,-0.1878,1.4143,0.9268
2021,Winter,Wind,Kheda,Kathlal,10.9222,11.6678,0.7456,2.1072,0.8374
2021,Winter,Wind,Kheda,Kheda,11.6667,11.6678,0.0011,1.404,0.9225
2021,Winter,Wind,Kheda,Mahudha,11.3222,11.6678,0.3456,1.8019,0.8699
2021,Winter,Wind,Kheda,Matar,11.6778,11.6678,-0.01,1.4095,0.9219
2021,Winter,Wind,Kheda,Mehmedabad,11.6111,11.6678,0.0567,1.3768,0.9256
2021,Winter,Wind,Kheda,Nadiad,11.5111,11.6678,0.1567,1.3953,0.9255
2021,Winter,Wind,Kheda,Thasra,11.3778,11.6678,0.29,1.4213,0.9282
2021,Winter,Wind,Kheda,Vaso,11.5556,11.6678,0.1122,1.4492,0.9178
2021,Winter,Wind,Mahisagar,Balasinor,11.5444,12.5911,1.0467,2.3059,0.8493
2021,Winter,Wind,Mahisagar,Kadana,11.5556,12.5911,1.0356,2.2861,0.8461
2021,Winter,Wind,Mahisagar,Khanpur,11.8889,12.5911,0.7022,2.2518,0.8357
2021,Winter,Wind,Mahisagar,Lunawada,11.6,12.5911,0.9911,2.2754,0.847
2021,Winter,Wind,Mahisagar,Santrampur,11.3889,12.5911,1.2022,2.378,0.843
2021,Winter,Wind,Mahisagar,Virpur,12.0444,12.5911,0.5467,2.2866,0.8273
2021,Summer,Rainfall,Anand,Anand,19.4,101.5,82.1,7.692,0.5042
2021,Summer,Rainfall,Anand,Anklav,17.5,101.5,84.0,7.7072,0.5099
2021,Summer,Rainfall,Anand,Borsad,21.1,101.5,80.4,7.638,0.51
2021,Summer,Rainfall,Anand,Khambhat,15.0,101.5,86.5,7.8624,0.4475
2021,Summer,Rainfall,Anand,Petlad,23.4,101.5,78.1,7.6295,0.4878
2021,Summer,Rainfall,Anand,Sojitra,22.0,101.5,79.5,7.7047,0.4565
2021,Summer,Rainfall,Anand,Tarapur,20.9,101.5,80.6,7.737,0.4533
2021,Summer,Rainfall,Anand,Umreth,16.2,101.5,85.3,7.781,0.5021
2021,Summer,Rainfall,Kheda,Galteshwar,11.8,49.0,37.2,3.2551,0.1339
2021,Summer,Rainfall,Kheda,Kapadvanj,14.0,49.0,35.0,3.2485,0.1195
2021,Summer,Rainfall,Kheda,Kathlal,9.9,49.0,39.1,3.2516,0.1113
2021,Summer,Rainfall,Kheda,Kheda,12.4,49.0,36.6,3.2547,0.116
2021,Summer,Rainfall,Kheda,Mahudha,10.5,49.0,38.5,3.2771,0.0542
2021,Summer,Rainfall,Kheda,Matar,13.3,49.0,35.7,3.2568,0.117
2021,Summer,Rainfall,Kheda,Mehmedabad,12.2,49.0,36.8,3.2525,0.1146
2021,Summer,Rainfall,Kheda,Nadiad,17.7,49.0,31.3,3.2724,0.1257
2021,Summer,Rainfall,Kheda,Thasra,14.5,49.0,34.5,3.2535,0.1341
2021,Summer,Rainfall,Kheda,Vaso,19.0,49.0,30.0,3.2964,0.1132
2021,Summer,Rainfall,Mahisagar,Balasinor,12.3,32.2,19.9,1.7263,0.2108
2021,Summer,Rainfall,Mahisagar,Kadana,8.0,32.2,24.2,1.7319,0.1246
2021,Summer,Rainfall,Mahisagar,Khanpur,7.1,32.2,25.1,1.735,0.1201
2021,Summer,Rainfall,Mahisagar,Lunawada,6.8,32.2,25.4,1.7178,0.1767
2021,Summer,Rainfall,Mahisagar,Santrampur,9.9,32.2,22.3,1.7284,0.1393
2021,Summer,Rainfall,Mahisagar,Virpur,7.7,32.2,24.5,1.7268,0.1455
2021,Summer,Tmax,Anand,Anand,38.8435,38.75,-0.0935,1.9038,0.5923
2021,Summer,Tmax,Anand,Anklav,38.6261,38.75,0.1239,1.892,0.5985
2021,Summer,Tmax,Anand,Borsad,38.6946,38.75,0.0554,1.8992,0.5984
2021,Summer,Tmax,Anand,Khambhat,38.6033,38.75,0.1467,1.7601,0.6447
2021,Summer,Tmax,Anand,Petlad,38.8,38.75,-0.05,1.9034,0.6008
2021,Summer,Tmax,Anand,Sojitra,38.9011,38.75,-0.1511,1.9071,0.5963
2021,Summer,Tmax,Anand,Tarapur,38.8761,38.75,-0.1261,1.8865,0.6046
2021,Summer,Tmax,Anand,Umreth,38.9489,38.75,-0.1989,1.9384,0.5727
2021,Summer,Tmax,Kheda,Galteshwar,38.8804,39.0467,0.1663,1.8583,0.614
2021,Summer,Tmax,Kheda,Kapadvanj,39.2598,39.0467,-0.213,1.9529,0.5858
2021,Summer,Tmax,Kheda,Kathlal,37.0098,39.0467,2.037,2.7167,0.6378
2021,Summer,Tmax,Kheda,Kheda,39.162,39.0467,-0.1152,1.793,0.6336
2021,Summer,Tmax,Kheda,Mahudha,39.3261,39.0467,-0.2793,1.9129,0.6295
2021,Summer,Tmax,Kheda,Matar,39.1348,39.0467,-0.088,1.7837,0.6384
2021,Summer,Tmax,Kheda,Mehmedabad,39.225,39.0467,-0.1783,1.8383,0.6195
2021,Summer,Tmax,Kheda,Nadiad,39.0293,39.0467,0.0174,1.8437,0.6215
2021,Summer,Tmax,Kheda,Thasra,38.9848,39.0467,0.062,1.8625,0.6065
2021,Summer,Tmax,Kheda,Vaso,38.9902,39.0467,0.0565,1.8208,0.6333
2021,Summer,Tmax,Mahisagar,Balasinor,39.0228,38.75,-0.2728,2.0626,0.5231
2021,Summer,Tmax,Mahisagar,Kadana,38.825,38.75,-0.075,2.0622,0.5571
2021,Summer,Tmax,Mahisagar,Khanpur,38.9533,38.75,-0.2033,2.0846,0.544
2021,Summer,Tmax,Mahisagar,Lunawada,38.9424,38.75,-0.1924,2.0624,0.5347
2021,Summer,Tmax,Mahisagar,Santrampur,38.7446,38.75,0.0054,2.0258,0.5672
2021,Summer,Tmax,Mahisagar,Virpur,39.0663,38.75,-0.3163,2.0945,0.5291
2021,Summer,Tmin,Anand,Anand,24.0239,24.0228,-0.0011,1.3748,0.9165
2021,Summer,Tmin,Anand,Anklav,23.9435,24.0228,0.0793,1.4068,0.9109
2021,Summer,Tmin,Anand,Borsad,23.9913,24.0228,0.0315,1.3844,0.9139
2021,Summer,Tmin,Anand,Khambhat,23.9685,24.0228,0.0543,1.2402,0.9289
2021,Summer,Tmin,Anand,Petlad,24.0033,24.0228,0.0196,1.3824,0.9155
2021,Summer,Tmin,Anand,Sojitra,24.0522,24.0228,-0.0293,1.3795,0.9154
2021,Summer,Tmin,Anand,Tarapur,24.0109,24.0228,0.012,1.378,0.9155
2021,Summer,Tmin,Anand,Umreth,24.0565,24.0228,-0.0337,1.3333,0.921
2021,Summer,Tmin,Kheda,Galteshwar,23.8772,24.2457,0.3685,1.2292,0.9381
2021,Summer,Tmin,Kheda,Kapadvanj,24.2424,24.2457,0.0033,1.2076,0.9343
2021,Summer,Tmin,Kheda,Kathlal,21.1022,24.2457,3.1435,3.4619,0.9208
2021,Summer,Tmin,Kheda,Kheda,24.3022,24.2457,-0.0565,1.1355,0.9411
2021,Summer,Tmin,Kheda,Mahudha,23.6283,24.2457,0.6174,1.4706,0.9305
2021,Summer,Tmin,Kheda,Matar,24.2717,24.2457,-0.0261,1.1314,0.9413
2021,Summer,Tmin,Kheda,Mehmedabad,24.3804,24.2457,-0.1348,1.1462,0.9405
2021,Summer,Tmin,Kheda,Nadiad,24.2022,24.2457,0.0435,1.1431,0.9412
2021,Summer,Tmin,Kheda,Thasra,23.9457,24.2457,0.3,1.2142,0.9376
2021,Summer,Tmin,Kheda,Vaso,24.1554,24.2457,0.0902,1.1519,0.9409
2021,Summer,Tmin,Mahisagar,Balasinor,23.687,24.05,0.363,1.4376,0.9112
2021,Summer,Tmin,Mahisagar,Kadana,23.2337,24.05,0.8163,1.82,0.8728
2021,Summer,Tmin,Mahisagar,Khanpur,23.4554,24.05,0.5946,1.7406,0.8702
2021,Summer,Tmin,Mahisagar,Lunawada,23.2554,24.05,0.7946,1.7111,0.8909
2021,Summer,Tmin,Mahisagar,Santrampur,22.9543,24.05,1.0957,1.8879,0.8896
2021,Summer,Tmin,Mahisagar,Virpur,23.6196,24.05,0.4304,1.6085,0.885
2021,Summer,RH-I,Anand,Anand,42.1522,42.413,0.2609,8.3809,0.8854
2021,Summer,RH-I,Anand,Anklav,41.4565,42.413,0.9565,8.9102,0.8757
2021,Summer,RH-I,Anand,Borsad,42.0761,42.413,0.337,8.4074,0.8843
2021,Summer,RH-I,Anand,Khambhat,48.0217,42.413,-5.6087,9.2806,0.9076
2021,Summer,RH-I,Anand,Petlad,42.5543,42.413,-0.1413,7.7984,0.8976
2021,Summer,RH-I,Anand,Sojitra,42.3696,42.413,0.0435,7.3233,0.908
2021,Summer,RH-I,Anand,Tarapur,42.3043,42.413,0.1087,7.1247,0.9118
2021,Summer,RH-I,Anand,Umreth,41.2174,42.413,1.1957,8.4326,0.8852
2021,Summer,RH-I,Kheda,Galteshwar,40.0109,39.8152,-0.1957,9.809,0.8451
2021,Summer,RH-I,Kheda,Kapadvanj,39.5326,39.8152,0.2826,7.2965,0.9132
2021,Summer,RH-I,Kheda,Kathlal,36.8804,39.8152,2.9348,11.6666,0.814
2021,Summer,RH-I,Kheda,Kheda,41.2717,39.8152,-1.4565,7.9701,0.8987
2021,Summer,RH-I,Kheda,Mahudha,42.663,39.8152,-2.8478,11.0138,0.8334
2021,Summer,RH-I,Kheda,Matar,41.3913,39.8152,-1.5761,8.118,0.8952
2021,Summer,RH-I,Kheda,Mehmedabad,41.2609,39.8152,-1.4457,7.6293,0.9079
2021,Summer,RH-I,Kheda,Nadiad,42.1087,39.8152,-2.2935,9.2566,0.8698
2021,Summer,RH-I,Kheda,Thasra,40.0652,39.8152,-0.25,9.3745,0.8581
2021,Summer,RH-I,Kheda,Vaso,42.3152,39.8152,-2.5,9.4363,0.8643
2021,Summer,RH-I,Mahisagar,Balasinor,37.7283,34.3587,-3.3696,9.7323,0.8647
2021,Summer,RH-I,Mahisagar,Kadana,31.7065,34.3587,2.6522,7.7207,0.9156
2021,Summer,RH-I,Mahisagar,Khanpur,32.1957,34.3587,2.163,7.6762,0.913
2021,Summer,RH-I,Mahisagar,Lunawada,33.8804,34.3587,0.4783,8.0041,0.8971
2021,Summer,RH-I,Mahisagar,Santrampur,33.0109,34.3587,1.3478,7.5843,0.9105
2021,Summer,RH-I,Mahisagar,Virpur,34.25,34.3587,0.1087,7.6386,0.9066
2021,Summer,RH-II,Anand,Anand,12.9022,17.7391,4.837,7.7775,0.8257
2021,Summer,RH-II,Anand,Anklav,13.2935,17.7391,4.4457,7.5043,0.8274
2021,Summer,RH-II,Anand,Borsad,13.3804,17.7391,4.3587,7.4695,0.825
2021,Summer,RH-II,Anand,Khambhat,23.6957,17.7391,-5.9565,8.7066,0.8062
2021,Summer,RH-II,Anand,Petlad,13.3043,17.7391,4.4348,7.534,0.824
2021,Summer,RH-II,Anand,Sojitra,13.1304,17.7391,4.6087,7.6769,0.822
2021,Summer,RH-II,Anand,Tarapur,13.4348,17.7391,4.3043,7.5253,0.8201
2021,Summer,RH-II,Anand,Umreth,12.4891,17.7391,5.25,8.1448,0.8199
2021,Summer,RH-II,Kheda,Galteshwar,12.3152,14.4348,2.1196,6.5234,0.8263
2021,Summer,RH-II,Kheda,Kapadvanj,11.6196,14.4348,2.8152,6.696,0.8345
2021,Summer,RH-II,Kheda,Kathlal,11.6413,14.4348,2.7935,6.6619,0.8344
2021,Summer,RH-II,Kheda,Kheda,12.3261,14.4348,2.1087,6.6349,0.8209
2021,Summer,RH-II,Kheda,Mahudha,11.663,14.4348,2.7717,6.9759,0.8137
2021,Summer,RH-II,Kheda,Matar,12.4022,14.4348,2.0326,6.6078,0.8191
2021,Summer,RH-II,Kheda,Mehmedabad,12.1739,14.4348,2.2609,6.6806,0.8212
2021,Summer,RH-II,Kheda,Nadiad,12.5326,14.4348,1.9022,6.51,0.8178
2021,Summer,RH-II,Kheda,Thasra,12.3043,14.4348,2.1304,6.4538,0.8315
2021,Summer,RH-II,Kheda,Vaso,12.7391,14.4348,1.6957,6.4353,0.8187
2021,Summer,RH-II,Mahisagar,Balasinor,11.6304,13.0326,1.4022,5.5197,0.8598
2021,Summer,RH-II,Mahisagar,Kadana,10.7717,13.0326,2.2609,5.6453,0.8762
2021,Summer,RH-II,Mahisagar,Khanpur,10.6957,13.0326,2.337,5.7075,0.8739
2021,Summer,RH-II,Mahisagar,Lunawada,10.9674,13.0326,2.0652,5.6569,0.8681
2021,Summer,RH-II,Mahisagar,Santrampur,11.0761,13.0326,1.9565,5.5049,0.8773
2021,Summer,RH-II,Mahisagar,Virpur,10.9348,13.0326,2.0978,5.6751,0.8668
2021,Summer,Wind,Anand,Anand,12.8696,14.5087,1.6391,3.8768,0.7145
2021,Summer,Wind,Anand,Anklav,13.4674,14.5087,1.0413,3.672,0.7125
2021,Summer,Wind,Anand,Borsad,13.413,14.5087,1.0957,3.7491,0.6997
2021,Summer,Wind,Anand,Khambhat,15.0978,14.5087,-0.5891,3.6646,0.6974
2021,Summer,Wind,Anand,Petlad,13.337,14.5087,1.1717,3.7897,0.696
2021,Summer,Wind,Anand,Sojitra,13.3587,14.5087,1.15,3.7791,0.6984
2021,Summer,Wind,Anand,Tarapur,13.7935,14.5087,0.7152,3.7728,0.6747
2021,Summer,Wind,Anand,Umreth,12.9565,14.5087,1.5522,3.8743,0.7107
2021,Summer,Wind,Kheda,Galteshwar,13.1196,14.0163,0.8967,3.5112,0.7347
2021,Summer,Wind,Kheda,Kapadvanj,13.8261,14.0163,0.1902,3.4798,0.6995
2021,Summer,Wind,Kheda,Kathlal,12.2717,14.0163,1.7446,4.182,0.6236
2021,Summer,Wind,Kheda,Kheda,13.1087,14.0163,0.9076,3.7236,0.6716
2021,Summer,Wind,Kheda,Mahudha,13.3587,14.0163,0.6576,4.0757,0.5627
2021,Summer,Wind,Kheda,Matar,13.0978,14.0163,0.9185,3.7527,0.6635
2021,Summer,Wind,Kheda,Mehmedabad,12.9891,14.0163,1.0272,3.7248,0.6804
2021,Summer,Wind,Kheda,Nadiad,12.9239,14.0163,1.0924,3.6499,0.6995
2021,Summer,Wind,Kheda,Thasra,13.1522,14.0163,0.8641,3.5032,0.7285
2021,Summer,Wind,Kheda,Vaso,13.0978,14.0163,0.9185,3.6517,0.6884
2021,Summer,Wind,Mahisagar,Balasinor,13.7065,14.7652,1.0587,3.3041,0.7812
2021,Summer,Wind,Mahisagar,Kadana,14.1087,14.7652,0.6565,3.0748,0.8052
2021,Summer,Wind,Mahisagar,Khanpur,14.2174,14.7652,0.5478,3.0949,0.7918
2021,Summer,Wind,Mahisagar,Lunawada,13.7717,14.7652,0.9935,3.1012,0.8073
2021,Summer,Wind,Mahisagar,Santrampur,14.1087,14.7652,0.6565,3.0571,0.8094
2021,Summer,Wind,Mahisagar,Virpur,14.3261,14.7652,0.4391,3.1423,0.7799
2021,Monsoon,Rainfall,Anand,Anand,940.8,2238.0,1297.2,23.7483,0.5998
2021,Monsoon,Rainfall,Anand,Anklav,967.3,2238.0,1270.7,23.6587,0.5997
2021,Monsoon,Rainfall,Anand,Borsad,998.2,2238.0,1239.8,23.0312,0.6298
2021,Monsoon,Rainfall,Anand,Khambhat,967.4,2238.0,1270.6,22.2814,0.6873
2021,Monsoon,Rainfall,Anand,Petlad,1053.4,2238.0,1184.6,22.1908,0.6625
2021,Monsoon,Rainfall,Anand,Sojitra,1065.1,2238.0,1172.9,21.6182,0.6895
2021,Monsoon,Rainfall,Anand,Tarapur,1008.4,2238.0,1229.6,21.8089,0.6947
2021,Monsoon,Rainfall,Anand,Umreth,840.2,2238.0,1397.8,24.8504,0.5555
2021,Monsoon,Rainfall,Kheda,Galteshwar,700.0,2327.0,1627.0,23.7467,0.6936
2021,Monsoon,Rainfall,Kheda,Kapadvanj,1136.9,2327.0,1190.1,19.7282,0.769
2021,Monsoon,Rainfall,Kheda,Kathlal,809.8,2327.0,1517.2,23.6339,0.7009
2021,Monsoon,Rainfall,Kheda,Kheda,1036.1,2327.0,1290.9,19.6738,0.8056
2021,Monsoon,Rainfall,Kheda,Mahudha,908.9,2327.0,1418.1,21.3663,0.7638
2021,Monsoon,Rainfall,Kheda,Matar,1034.5,2327.0,1292.5,19.7678,0.804
2021,Monsoon,Rainfall,Kheda,Mehmedabad,1054.0,2327.0,1273.0,19.6939,0.7911
2021,Monsoon,Rainfall,Kheda,Nadiad,1066.8,2327.0,1260.2,20.0132,0.7779
2021,Monsoon,Rainfall,Kheda,Thasra,826.7,2327.0,1500.3,22.5339,0.7205
2021,Monsoon,Rainfall,Kheda,Vaso,1111.5,2327.0,1215.5,19.6964,0.7836
2021,Monsoon,Rainfall,Mahisagar,Balasinor,965.9,2038.5,1072.6,19.6924,0.7157
2021,Monsoon,Rainfall,Mahisagar,Kadana,751.6,2038.5,1286.9,21.6911,0.7135
2021,Monsoon,Rainfall,Mahisagar,Khanpur,736.9,2038.5,1301.6,21.6274,0.7177
2021,Monsoon,Rainfall,Mahisagar,Lunawada,906.1,2038.5,1132.4,19.9784,0.7482
2021,Monsoon,Rainfall,Mahisagar,Santrampur,963.5,2038.5,1075.0,19.968,0.7352
2021,Monsoon,Rainfall,Mahisagar,Virpur,900.2,2038.5,1138.3,19.7497,0.7537
2021,Monsoon,Tmax,Anand,Anand,33.791,33.7951,0.0041,1.8435,0.6902
2021,Monsoon,Tmax,Anand,Anklav,33.8025,33.7951,-0.0074,1.7531,0.713
2021,Monsoon,Tmax,Anand,Borsad,33.832,33.7951,-0.0369,1.7462,0.7121
2021,Monsoon,Tmax,Anand,Khambhat,33.9066,33.7951,-0.1115,1.5554,0.7538
2021,Monsoon,Tmax,Anand,Petlad,33.8107,33.7951,-0.0156,1.766,0.7033
2021,Monsoon,Tmax,Anand,Sojitra,33.7787,33.7951,0.0164,1.8034,0.6929
2021,Monsoon,Tmax,Anand,Tarapur,33.7746,33.7951,0.0205,1.785,0.6919
2021,Monsoon,Tmax,Anand,Umreth,33.668,33.7951,0.127,1.9608,0.6758
2021,Monsoon,Tmax,Kheda,Galteshwar,33.5484,34.5836,1.0352,2.1886,0.7186
2021,Monsoon,Tmax,Kheda,Kapadvanj,33.7992,34.5836,0.7844,1.933,0.7683
2021,Monsoon,Tmax,Kheda,Kathlal,32.2418,34.5836,2.3418,3.0297,0.7751
2021,Monsoon,Tmax,Kheda,Kheda,33.8082,34.5836,0.7754,1.9032,0.7663
2021,Monsoon,Tmax,Kheda,Mahudha,34.4164,34.5836,0.1672,1.7878,0.7924
2021,Monsoon,Tmax,Kheda,Matar,33.8107,34.5836,0.773,1.8839,0.7684
2021,Monsoon,Tmax,Kheda,Mehmedabad,33.8139,34.5836,0.7697,1.9183,0.768
2021,Monsoon,Tmax,Kheda,Nadiad,33.7754,34.5836,0.8082,1.9718,0.7462
2021,Monsoon,Tmax,Kheda,Thasra,33.5885,34.5836,0.9951,2.144,0.7289
2021,Monsoon,Tmax,Kheda,Vaso,33.7648,34.5836,0.8189,1.9544,0.7482
2021,Monsoon,Tmax,Mahisagar,Balasinor,33.4426,33.8451,0.4025,1.9916,0.6879
2021,Monsoon,Tmax,Mahisagar,Kadana,32.8156,33.8451,1.0295,2.3665,0.6962
2021,Monsoon,Tmax,Mahisagar,Khanpur,33.0852,33.8451,0.7598,2.2052,0.6959
2021,Monsoon,Tmax,Mahisagar,Lunawada,33.0984,33.8451,0.7467,2.1214,0.7088
2021,Monsoon,Tmax,Mahisagar,Santrampur,32.6508,33.8451,1.1943,2.4355,0.7011
2021,Monsoon,Tmax,Mahisagar,Virpur,33.3877,33.8451,0.4574,1.9932,0.7062
2021,Monsoon,Tmin,Anand,Anand,26.118,26.1311,0.0131,1.1549,0.4933
2021,Monsoon,Tmin,Anand,Anklav,26.0008,26.1311,0.1303,1.1367,0.5185
2021,Monsoon,Tmin,Anand,Borsad,26.0648,26.1311,0.0664,1.1334,0.5121
2021,Monsoon,Tmin,Anand,Khambhat,26.1369,26.1311,-0.0057,1.1136,0.5147
2021,Monsoon,Tmin,Anand,Petlad,26.0893,26.1311,0.0418,1.138,0.498
2021,Monsoon,Tmin,Anand,Sojitra,26.1148,26.1311,0.0164,1.158,0.4786
2021,Monsoon,Tmin,Anand,Tarapur,26.0967,26.1311,0.0344,1.1602,0.4747
2021,Monsoon,Tmin,Anand,Umreth,26.1697,26.1311,-0.0385,1.1773,0.487
2021,Monsoon,Tmin,Kheda,Galteshwar,26.0418,26.2844,0.2426,1.0043,0.5583
2021,Monsoon,Tmin,Kheda,Kapadvanj,26.3197,26.2844,-0.0352,1.0316,0.5434
2021,Monsoon,Tmin,Kheda,Kathlal,23.6541,26.2844,2.6303,3.0084,0.4357
2021,Monsoon,Tmin,Kheda,Kheda,26.1918,26.2844,0.0926,0.977,0.5449
2021,Monsoon,Tmin,Kheda,Mahudha,25.6582,26.2844,0.6262,1.5229,0.4585
2021,Monsoon,Tmin,Kheda,Matar,26.173,26.2844,0.1115,0.9764,0.5422
2021,Monsoon,Tmin,Kheda,Mehmedabad,26.2893,26.2844,-0.0049,0.9943,0.542
2021,Monsoon,Tmin,Kheda,Nadiad,26.2123,26.2844,0.0721,0.9613,0.5525
2021,Monsoon,Tmin,Kheda,Thasra,26.1025,26.2844,0.182,0.9875,0.5653
2021,Monsoon,Tmin,Kheda,Vaso,26.1475,26.2844,0.1369,0.9659,0.5436
2021,Monsoon,Tmin,Mahisagar,Balasinor,25.9213,26.1262,0.2049,1.2112,0.4947
2021,Monsoon,Tmin,Mahisagar,Kadana,24.6721,26.1262,1.4541,1.9207,0.4451
2021,Monsoon,Tmin,Mahisagar,Khanpur,25.0172,26.1262,1.109,1.6754,0.4381
2021,Monsoon,Tmin,Mahisagar,Lunawada,25.1598,26.1262,0.9664,1.5523,0.4803
2021,Monsoon,Tmin,Mahisagar,Santrampur,24.4918,26.1262,1.6344,2.0402,0.4746
2021,Monsoon,Tmin,Mahisagar,Virpur,25.5287,26.1262,0.5975,1.3751,0.449
2021,Monsoon,RH-I,Anand,Anand,75.0164,75.5246,0.5082,6.2213,0.7938
2021,Monsoon,RH-I,Anand,Anklav,74.7541,75.5246,0.7705,6.3556,0.7707
2021,Monsoon,RH-I,Anand,Borsad,75.1066,75.5246,0.418,6.1291,0.7872
2021,Monsoon,RH-I,Anand,Khambhat,74.9672,75.5246,0.5574,5.736,0.772
2021,Monsoon,RH-I,Anand,Petlad,75.2131,75.5246,0.3115,5.8827,0.8073
2021,Monsoon,RH-I,Anand,Sojitra,74.8934,75.5246,0.6311,5.9057,0.8098
2021,Monsoon,RH-I,Anand,Tarapur,74.1148,75.5246,1.4098,6.053,0.8006
2021,Monsoon,RH-I,Anand,Umreth,74.3607,75.5246,1.1639,6.4516,0.786
2021,Monsoon,RH-I,Kheda,Galteshwar,73.959,75.8115,1.8525,6.8652,0.79
2021,Monsoon,RH-I,Kheda,Kapadvanj,75.0,75.8115,0.8115,6.4839,0.8103
2021,Monsoon,RH-I,Kheda,Kathlal,77.541,75.8115,-1.7295,7.3924,0.761
2021,Monsoon,RH-I,Kheda,Kheda,74.3607,75.8115,1.4508,6.4012,0.8163
2021,Monsoon,RH-I,Kheda,Mahudha,75.7787,75.8115,0.0328,7.1035,0.7531
2021,Monsoon,RH-I,Kheda,Matar,74.2295,75.8115,1.582,6.3807,0.8182
2021,Monsoon,RH-I,Kheda,Mehmedabad,74.5328,75.8115,1.2787,6.2764,0.823
2021,Monsoon,RH-I,Kheda,Nadiad,75.4508,75.8115,0.3607,6.4807,0.8049
2021,Monsoon,RH-I,Kheda,Thasra,74.2787,75.8115,1.5328,6.5843,0.8059
2021,Monsoon,RH-I,Kheda,Vaso,75.3934,75.8115,0.418,6.4649,0.8022
2021,Monsoon,RH-I,Mahisagar,Balasinor,74.5164,77.5656,3.0492,7.279,0.8292
2021,Monsoon,RH-I,Mahisagar,Kadana,75.0,77.5656,2.5656,7.4212,0.8221
2021,Monsoon,RH-I,Mahisagar,Khanpur,74.8607,77.5656,2.7049,7.1758,0.8364
2021,Monsoon,RH-I,Mahisagar,Lunawada,75.4754,77.5656,2.0902,6.3948,0.867
2021,Monsoon,RH-I,Mahisagar,Santrampur,76.3852,77.5656,1.1803,6.8902,0.8319
2021,Monsoon,RH-I,Mahisagar,Virpur,75.2213,77.5656,2.3443,6.6702,0.8529
2021,Monsoon,RH-II,Anand,Anand,50.541,52.6721,2.1311,6.1484,0.9089
2021,Monsoon,RH-II,Anand,Anklav,50.4508,52.6721,2.2213,5.7922,0.913
2021,Monsoon,RH-II,Anand,Borsad,50.918,52.6721,1.7541,5.4306,0.9208
2021,Monsoon,RH-II,Anand,Khambhat,56.0246,52.6721,-3.3525,6.1863,0.9164
2021,Monsoon,RH-II,Anand,Petlad,51.3033,52.6721,1.3689,5.4117,0.9228
2021,Monsoon,RH-II,Anand,Sojitra,51.123,52.6721,1.5492,5.646,0.9217
2021,Monsoon,RH-II,Anand,Tarapur,50.6475,52.6721,2.0246,5.5773,0.923
2021,Monsoon,RH-II,Anand,Umreth,49.377,52.6721,3.2951,7.0175,0.8983
2021,Monsoon,RH-II,Kheda,Galteshwar,48.6148,51.2213,2.6066,6.353,0.9204
2021,Monsoon,RH-II,Kheda,Kapadvanj,50.1885,51.2213,1.0328,6.0164,0.9242
2021,Monsoon,RH-II,Kheda,Kathlal,51.6885,51.2213,-0.4672,8.7913,0.8551
2021,Monsoon,RH-II,Kheda,Kheda,50.1393,51.2213,1.082,5.6059,0.9325
2021,Monsoon,RH-II,Kheda,Mahudha,49.6311,51.2213,1.5902,7.5509,0.8864
2021,Monsoon,RH-II,Kheda,Matar,50.1066,51.2213,1.1148,5.5957,0.9319
2021,Monsoon,RH-II,Kheda,Mehmedabad,50.3443,51.2213,0.877,5.7167,0.9305
2021,Monsoon,RH-II,Kheda,Nadiad,50.9754,51.2213,0.2459,5.4637,0.9323
2021,Monsoon,RH-II,Kheda,Thasra,49.2213,51.2213,2.0,6.0191,0.9253
2021,Monsoon,RH-II,Kheda,Vaso,51.1557,51.2213,0.0656,5.3332,0.9343
2021,Monsoon,RH-II,Mahisagar,Balasinor,49.6148,51.6148,2.0,6.2161,0.9334
2021,Monsoon,RH-II,Mahisagar,Kadana,49.1639,51.6148,2.4508,7.0111,0.9177
2021,Monsoon,RH-II,Mahisagar,Khanpur,49.2213,51.6148,2.3934,6.7896,0.9232
2021,Monsoon,RH-II,Mahisagar,Lunawada,50.2869,51.6148,1.3279,6.3349,0.9288
2021,Monsoon,RH-II,Mahisagar,Santrampur,50.8279,51.6148,0.7869,6.5824,0.9201
2021,Monsoon,RH-II,Mahisagar,Virpur,49.9754,51.6148,1.6393,6.2921,0.9306
2021,Monsoon,Wind,Anand,Anand,17.8852,19.6148,1.7295,3.2675,0.8264
2021,Monsoon,Wind,Anand,Anklav,18.3033,19.6148,1.3115,2.9556,0.8412
2021,Monsoon,Wind,Anand,Borsad,18.2131,19.6148,1.4016,3.0813,0.83
2021,Monsoon,Wind,Anand,Khambhat,21.0656,19.6148,-1.4508,3.2471,0.8223
2021,Monsoon,Wind,Anand,Petlad,18.0082,19.6148,1.6066,3.2223,0.824
2021,Monsoon,Wind,Anand,Sojitra,17.7623,19.6148,1.8525,3.3887,0.8173
2021,Monsoon,Wind,Anand,Tarapur,18.5492,19.6148,1.0656,3.1083,0.8093
2021,Monsoon,Wind,Anand,Umreth,18.7951,19.6148,0.8197,2.9683,0.8246
2021,Monsoon,Wind,Kheda,Galteshwar,19.6721,18.3393,-1.3328,3.0551,0.851
2021,Monsoon,Wind,Kheda,Kapadvanj,17.6885,18.3393,0.6508,2.7933,0.8318
2021,Monsoon,Wind,Kheda,Kathlal,15.2623,18.3393,3.077,4.7975,0.7237
2021,Monsoon,Wind,Kheda,Kheda,16.8934,18.3393,1.4459,3.0712,0.8284
2021,Monsoon,Wind,Kheda,Mahudha,16.1967,18.3393,2.1426,4.025,0.7387
2021,Monsoon,Wind,Kheda,Matar,17.0164,18.3393,1.323,3.0634,0.8218
2021,Monsoon,Wind,Kheda,Mehmedabad,16.6311,18.3393,1.7082,3.2559,0.8186
2021,Monsoon,Wind,Kheda,Nadiad,17.1393,18.3393,1.2,3.043,0.8176
2021,Monsoon,Wind,Kheda,Thasra,19.2131,18.3393,-0.8738,2.9151,0.8424
2021,Monsoon,Wind,Kheda,Vaso,17.2787,18.3393,1.0607,2.9608,0.8224
2021,Monsoon,Wind,Mahisagar,Balasinor,18.9672,19.0057,0.0385,2.7294,0.8686
2021,Monsoon,Wind,Mahisagar,Kadana,19.1885,19.0057,-0.1828,2.7994,0.8651
2021,Monsoon,Wind,Mahisagar,Khanpur,18.4918,19.0057,0.5139,2.7753,0.8677
2021,Monsoon,Wind,Mahisagar,Lunawada,17.918,19.0057,1.0877,2.777,0.8827
2021,Monsoon,Wind,Mahisagar,Santrampur,19.2787,19.0057,-0.273,2.6846,0.8764
2021,Monsoon,Wind,Mahisagar,Virpur,17.959,19.0057,1.0467,2.8502,0.8728
2021,Post-monsoon,Rainfall,Anand,Anand,39.2,56.7,17.5,2.8484,0.5972
2021,Post-monsoon,Rainfall,Anand,Anklav,37.9,56.7,18.8,2.3951,0.6611
2021,Post-monsoon,Rainfall,Anand,Borsad,44.6,56.7,12.1,2.5093,0.6908
2021,Post-monsoon,Rainfall,Anand,Khambhat,45.7,56.7,11.0,1.9391,0.6889
2021,Post-monsoon,Rainfall,Anand,Petlad,40.6,56.7,16.1,2.3989,0.6667
2021,Post-monsoon,Rainfall,Anand,Sojitra,29.7,56.7,27.0,2.1071,0.6377
2021,Post-monsoon,Rainfall,Anand,Tarapur,27.0,56.7,29.7,2.1931,0.579
2021,Post-monsoon,Rainfall,Anand,Umreth,33.5,56.7,23.2,2.6135,0.5552
2021,Post-monsoon,Rainfall,Kheda,Galteshwar,37.2,134.0,96.8,5.6635,0.2413
2021,Post-monsoon,Rainfall,Kheda,Kapadvanj,15.9,134.0,118.1,5.513,0.2707
2021,Post-monsoon,Rainfall,Kheda,Kathlal,9.5,134.0,124.5,5.5816,0.2938
2021,Post-monsoon,Rainfall,Kheda,Kheda,10.3,134.0,123.7,5.5716,0.2716
2021,Post-monsoon,Rainfall,Kheda,Mahudha,12.5,134.0,121.5,5.587,0.2287
2021,Post-monsoon,Rainfall,Kheda,Matar,12.0,134.0,122.0,5.5612,0.2681
2021,Post-monsoon,Rainfall,Kheda,Mehmedabad,9.0,134.0,125.0,5.5737,0.2784
2021,Post-monsoon,Rainfall,Kheda,Nadiad,24.8,134.0,109.2,5.6168,0.2062
2021,Post-monsoon,Rainfall,Kheda,Thasra,35.4,134.0,98.6,5.6455,0.2415
2021,Post-monsoon,Rainfall,Kheda,Vaso,20.6,134.0,113.4,5.554,0.2279
2021,Post-monsoon,Rainfall,Mahisagar,Balasinor,27.5,79.5,52.0,3.5657,0.4005
2021,Post-monsoon,Rainfall,Mahisagar,Kadana,19.3,79.5,60.2,3.7069,0.3005
2021,Post-monsoon,Rainfall,Mahisagar,Khanpur,14.2,79.5,65.3,3.6881,0.351
2021,Post-monsoon,Rainfall,Mahisagar,Lunawada,22.2,79.5,57.3,3.6639,0.3278
2021,Post-monsoon,Rainfall,Mahisagar,Santrampur,41.6,79.5,37.9,3.8669,0.3192
2021,Post-monsoon,Rainfall,Mahisagar,Virpur,14.2,79.5,65.3,3.6908,0.3441
2021,Post-monsoon,Tmax,Anand,Anand,33.1656,33.577,0.4115,1.6425,0.3598
2021,Post-monsoon,Tmax,Anand,Anklav,33.1738,33.577,0.4033,1.6025,0.397
2021,Post-monsoon,Tmax,Anand,Borsad,33.1934,33.577,0.3836,1.6206,0.3921
2021,Post-monsoon,Tmax,Anand,Khambhat,33.1098,33.577,0.4672,1.6899,0.3593
2021,Post-monsoon,Tmax,Anand,Petlad,33.2426,33.577,0.3344,1.6225,0.3971
2021,Post-monsoon,Tmax,Anand,Sojitra,33.2672,33.577,0.3098,1.633,0.3877
2021,Post-monsoon,Tmax,Anand,Tarapur,33.2361,33.577,0.341,1.6891,0.3533
2021,Post-monsoon,Tmax,Anand,Umreth,33.1787,33.577,0.3984,1.621,0.4029
2021,Post-monsoon,Tmax,Kheda,Galteshwar,33.1311,33.8164,0.6852,1.7428,0.3808
2021,Post-monsoon,Tmax,Kheda,Kapadvanj,33.3607,33.8164,0.4557,1.6908,0.3748
2021,Post-monsoon,Tmax,Kheda,Kathlal,31.3262,33.8164,2.4902,3.1376,0.3497
2021,Post-monsoon,Tmax,Kheda,Kheda,33.3459,33.8164,0.4705,1.7129,0.3439
2021,Post-monsoon,Tmax,Kheda,Mahudha,33.6098,33.8164,0.2066,1.6594,0.3799
2021,Post-monsoon,Tmax,Kheda,Matar,33.3361,33.8164,0.4803,1.725,0.3334
2021,Post-monsoon,Tmax,Kheda,Mehmedabad,33.3787,33.8164,0.4377,1.6841,0.3555
2021,Post-monsoon,Tmax,Kheda,Nadiad,33.3066,33.8164,0.5098,1.7013,0.3718
2021,Post-monsoon,Tmax,Kheda,Thasra,33.1623,33.8164,0.6541,1.7464,0.3769
2021,Post-monsoon,Tmax,Kheda,Vaso,33.3,33.8164,0.5164,1.731,0.352
2021,Post-monsoon,Tmax,Mahisagar,Balasinor,33.1574,33.6,0.4426,1.6126,0.4495
2021,Post-monsoon,Tmax,Mahisagar,Kadana,32.5902,33.6,1.0098,1.8468,0.4868
2021,Post-monsoon,Tmax,Mahisagar,Khanpur,32.8607,33.6,0.7393,1.7209,0.4989
2021,Post-monsoon,Tmax,Mahisagar,Lunawada,32.9557,33.6,0.6443,1.6624,0.4954
2021,Post-monsoon,Tmax,Mahisagar,Santrampur,32.4951,33.6,1.1049,1.8646,0.4874
2021,Post-monsoon,Tmax,Mahisagar,Virpur,33.2066,33.6,0.3934,1.5926,0.4923
2021,Post-monsoon,Tmin,Anand,Anand,20.8148,20.9426,0.1279,1.3436,0.9149
2021,Post-monsoon,Tmin,Anand,Anklav,21.0066,20.9426,-0.0639,1.365,0.9106
2021,Post-monsoon,Tmin,Anand,Borsad,20.923,20.9426,0.0197,1.3444,0.9149
2021,Post-monsoon,Tmin,Anand,Khambhat,21.0918,20.9426,-0.1492,1.5647,0.8847
2021,Post-monsoon,Tmin,Anand,Petlad,20.8393,20.9426,0.1033,1.343,0.9187
2021,Post-monsoon,Tmin,Anand,Sojitra,20.8393,20.9426,0.1033,1.351,0.9189
2021,Post-monsoon,Tmin,Anand,Tarapur,20.8016,20.9426,0.141,1.3796,0.9165
2021,Post-monsoon,Tmin,Anand,Umreth,20.8754,20.9426,0.0672,1.3527,0.9177
2021,Post-monsoon,Tmin,Kheda,Galteshwar,20.7344,20.9066,0.1721,1.4776,0.9072
2021,Post-monsoon,Tmin,Kheda,Kapadvanj,21.0984,20.9066,-0.1918,1.456,0.9097
2021,Post-monsoon,Tmin,Kheda,Kathlal,18.5557,20.9066,2.3508,3.0449,0.8355
2021,Post-monsoon,Tmin,Kheda,Kheda,21.0672,20.9066,-0.1607,1.3889,0.9156
2021,Post-monsoon,Tmin,Kheda,Mahudha,20.9492,20.9066,-0.0426,1.521,0.8915
2021,Post-monsoon,Tmin,Kheda,Matar,21.0279,20.9066,-0.1213,1.3879,0.9155
2021,Post-monsoon,Tmin,Kheda,Mehmedabad,21.1607,20.9066,-0.2541,1.3875,0.9175
2021,Post-monsoon,Tmin,Kheda,Nadiad,20.9705,20.9066,-0.0639,1.4017,0.9146
2021,Post-monsoon,Tmin,Kheda,Thasra,20.7852,20.9066,0.1213,1.4649,0.908
2021,Post-monsoon,Tmin,Kheda,Vaso,20.8902,20.9066,0.0164,1.3931,0.9147
2021,Post-monsoon,Tmin,Mahisagar,Balasinor,20.6115,20.9607,0.3492,1.4675,0.913
2021,Post-monsoon,Tmin,Mahisagar,Kadana,19.9738,20.9607,0.9869,1.9068,0.8815
2021,Post-monsoon,Tmin,Mahisagar,Khanpur,20.3,20.9607,0.6607,1.7386,0.8827
2021,Post-monsoon,Tmin,Mahisagar,Lunawada,20.1902,20.9607,0.7705,1.7743,0.888
2021,Post-monsoon,Tmin,Mahisagar,Santrampur,19.6885,20.9607,1.2721,2.0795,0.8814
2021,Post-monsoon,Tmin,Mahisagar,Virpur,20.6525,20.9607,0.3082,1.5882,0.8905
2021,Post-monsoon,RH-I,Anand,Anand,47.7869,52.4262,4.6393,14.0532,0.7131
2021,Post-monsoon,RH-I,Anand,Anklav,47.4426,52.4262,4.9836,13.3674,0.7586
2021,Post-monsoon,RH-I,Anand,Borsad,47.7705,52.4262,4.6557,13.3785,0.7547
2021,Post-monsoon,RH-I,Anand,Khambhat,49.8361,52.4262,2.5902,10.7077,0.8229
2021,Post-monsoon,RH-I,Anand,Petlad,48.3115,52.4262,4.1148,13.7727,0.734
2021,Post-monsoon,RH-I,Anand,Sojitra,48.3607,52.4262,4.0656,14.1907,0.718
2021,Post-monsoon,RH-I,Anand,Tarapur,47.541,52.4262,4.8852,14.3207,0.7269
2021,Post-monsoon,RH-I,Anand,Umreth,48.8361,52.4262,3.5902,14.4885,0.6835
2021,Post-monsoon,RH-I,Kheda,Galteshwar,48.6557,53.2787,4.623,14.5061,0.6886
2021,Post-monsoon,RH-I,Kheda,Kapadvanj,48.0656,53.2787,5.2131,15.8466,0.6439
2021,Post-monsoon,RH-I,Kheda,Kathlal,44.3934,53.2787,8.8852,16.8883,0.6648
2021,Post-monsoon,RH-I,Kheda,Kheda,48.0,53.2787,5.2787,15.1528,0.6837
2021,Post-monsoon,RH-I,Kheda,Mahudha,46.8197,53.2787,6.459,15.7854,0.6737
2021,Post-monsoon,RH-I,Kheda,Matar,47.9672,53.2787,5.3115,15.0311,0.6915
2021,Post-monsoon,RH-I,Kheda,Mehmedabad,48.2295,53.2787,5.0492,15.3441,0.6655
2021,Post-monsoon,RH-I,Kheda,Nadiad,49.0984,53.2787,4.1803,14.4421,0.6954
2021,Post-monsoon,RH-I,Kheda,Thasra,49.0656,53.2787,4.2131,14.6696,0.675
2021,Post-monsoon,RH-I,Kheda,Vaso,48.4918,53.2787,4.7869,14.5478,0.6973
2021,Post-monsoon,RH-I,Mahisagar,Balasinor,48.0984,51.5902,3.4918,14.2983,0.7092
2021,Post-monsoon,RH-I,Mahisagar,Kadana,44.5246,51.5902,7.0656,16.191,0.6518
2021,Post-monsoon,RH-I,Mahisagar,Khanpur,44.3115,51.5902,7.2787,16.3236,0.6563
2021,Post-monsoon,RH-I,Mahisagar,Lunawada,45.7213,51.5902,5.8689,15.6875,0.6689
2021,Post-monsoon,RH-I,Mahisagar,Santrampur,46.0,51.5902,5.5902,15.6692,0.6528
2021,Post-monsoon,RH-I,Mahisagar,Virpur,45.1967,51.5902,6.3934,15.8786,0.6702
2021,Post-monsoon,RH-II,Anand,Anand,30.3443,34.0328,3.6885,7.0977,0.892
2021,Post-monsoon,RH-II,Anand,Anklav,30.3607,34.0328,3.6721,6.7654,0.9055
2021,Post-monsoon,RH-II,Anand,Borsad,30.5574,34.0328,3.4754,6.7872,0.9006
2021,Post-monsoon,RH-II,Anand,Khambhat,37.4754,34.0328,-3.4426,6.6923,0.9037
2021,Post-monsoon,RH-II,Anand,Petlad,30.6066,34.0328,3.4262,7.0304,0.8905
2021,Post-monsoon,RH-II,Anand,Sojitra,30.2787,34.0328,3.7541,7.2009,0.8907
2021,Post-monsoon,RH-II,Anand,Tarapur,29.623,34.0328,4.4098,7.6255,0.8879
2021,Post-monsoon,RH-II,Anand,Umreth,30.0164,34.0328,4.0164,7.253,0.8927
2021,Post-monsoon,RH-II,Kheda,Galteshwar,29.8689,31.6721,1.8033,7.0175,0.8765
2021,Post-monsoon,RH-II,Kheda,Kapadvanj,28.5738,31.6721,3.0984,7.3874,0.8796
2021,Post-monsoon,RH-II,Kheda,Kathlal,27.8197,31.6721,3.8525,7.9331,0.8704
2021,Post-monsoon,RH-II,Kheda,Kheda,29.5246,31.6721,2.1475,7.363,0.8661
2021,Post-monsoon,RH-II,Kheda,Mahudha,28.0492,31.6721,3.623,7.6469,0.8797
2021,Post-monsoon,RH-II,Kheda,Matar,29.5738,31.6721,2.0984,7.344,0.8663
2021,Post-monsoon,RH-II,Kheda,Mehmedabad,29.3934,31.6721,2.2787,7.2936,0.8707
2021,Post-monsoon,RH-II,Kheda,Nadiad,30.4098,31.6721,1.2623,7.0861,0.8689
2021,Post-monsoon,RH-II,Kheda,Thasra,29.7869,31.6721,1.8852,6.9836,0.8788
2021,Post-monsoon,RH-II,Kheda,Vaso,29.8197,31.6721,1.8525,7.1643,0.8711
2021,Post-monsoon,RH-II,Mahisagar,Balasinor,28.4098,29.623,1.2131,6.8616,0.8927
2021,Post-monsoon,RH-II,Mahisagar,Kadana,26.4098,29.623,3.2131,7.6929,0.8849
2021,Post-monsoon,RH-II,Mahisagar,Khanpur,26.3279,29.623,3.2951,7.6255,0.8885
2021,Post-monsoon,RH-II,Mahisagar,Lunawada,27.541,29.623,2.082,7.1,0.8903
2021,Post-monsoon,RH-II,Mahisagar,Santrampur,27.4754,29.623,2.1475,7.2077,0.8875
2021,Post-monsoon,RH-II,Mahisagar,Virpur,27.2131,29.623,2.4098,7.21,0.8905
2021,Post-monsoon,Wind,Anand,Anand,10.082,10.818,0.7361,2.4141,0.7845
2021,Post-monsoon,Wind,Anand,Anklav,9.9344,10.818,0.8836,2.2394,0.8314
2021,Post-monsoon,Wind,Anand,Borsad,9.9016,10.818,0.9164,2.315,0.8188
2021,Post-monsoon,Wind,Anand,Khambhat,11.6721,10.818,-0.8541,2.7482,0.7439
2021,Post-monsoon,Wind,Anand,Petlad,10.1311,10.818,0.6869,2.3354,0.7984
2021,Post-monsoon,Wind,Anand,Sojitra,10.2787,10.818,0.5393,2.393,0.7819
2021,Post-monsoon,Wind,Anand,Tarapur,10.7049,10.818,0.1131,2.3171,0.7894
2021,Post-monsoon,Wind,Anand,Umreth,10.1639,10.818,0.6541,2.4585,0.7828
2021,Post-monsoon,Wind,Kheda,Galteshwar,10.0164,10.2279,0.2115,2.2104,0.8246
2021,Post-monsoon,Wind,Kheda,Kapadvanj,10.0656,10.2279,0.1623,2.2333,0.8233
2021,Post-monsoon,Wind,Kheda,Kathlal,8.2459,10.2279,1.982,3.3153,0.726
2021,Post-monsoon,Wind,Kheda,Kheda,10.2787,10.2279,-0.0508,2.1304,0.833
2021,Post-monsoon,Wind,Kheda,Mahudha,9.1967,10.2279,1.0311,2.6515,0.7708
2021,Post-monsoon,Wind,Kheda,Matar,10.2623,10.2279,-0.0344,2.1126,0.8352
2021,Post-monsoon,Wind,Kheda,Mehmedabad,10.0328,10.2279,0.1951,2.1196,0.8373
2021,Post-monsoon,Wind,Kheda,Nadiad,9.918,10.2279,0.3098,2.1358,0.8349
2021,Post-monsoon,Wind,Kheda,Thasra,9.7705,10.2279,0.4574,2.1881,0.8331
2021,Post-monsoon,Wind,Kheda,Vaso,9.9508,10.2279,0.277,2.0351,0.8504
2021,Post-monsoon,Wind,Mahisagar,Balasinor,9.6557,10.0721,0.4164,2.1254,0.8424
2021,Post-monsoon,Wind,Mahisagar,Kadana,9.918,10.0721,0.1541,2.3088,0.7954
2021,Post-monsoon,Wind,Mahisagar,Khanpur,10.2787,10.0721,-0.2066,2.2867,0.8057
2021,Post-monsoon,Wind,Mahisagar,Lunawada,9.8197,10.0721,0.2525,2.2057,0.8188
2021,Post-monsoon,Wind,Mahisagar,Santrampur,9.8361,10.0721,0.2361,2.3517,0.7889
2021,Post-monsoon,Wind,Mahisagar,Virpur,10.1803,10.0721,-0.1082,2.1659,0.8268
2022,All,Rainfall,Anand,Anand,794.3,1874.0,1079.7,9.7819,0.8002
2022,All,Rainfall,Anand,Anklav,835.5,1874.0,1038.5,9.2665,0.8251
2022,All,Rainfall,Anand,Borsad,936.6,1874.0,937.4,8.8584,0.8298
2022,All,Rainfall,Anand,Khambhat,1134.6,1874.0,739.4,8.3939,0.8166
2022,All,Rainfall,Anand,Petlad,1069.9,1874.0,804.1,8.461,0.8281
2022,All,Rainfall,Anand,Sojitra,1113.6,1874.0,760.4,8.3986,0.8248
2022,All,Rainfall,Anand,Tarapur,1115.9,1874.0,758.1,8.5107,0.8122
2022,All,Rainfall,Anand,Umreth,529.9,1874.0,1344.1,11.3484,0.7261
2022,All,Rainfall,Kheda,Galteshwar,316.6,1973.0,1656.4,12.5439,0.4943
2022,All,Rainfall,Kheda,Kapadvanj,733.4,1973.0,1239.6,10.4714,0.6737
2022,All,Rainfall,Kheda,Kathlal,636.8,1973.0,1336.2,11.173,0.6071
2022,All,Rainfall,Kheda,Kheda,790.7,1973.0,1182.3,10.2423,0.6751
2022,All,Rainfall,Kheda,Mahudha,557.1,1973.0,1415.9,11.1602,0.6546
2022,All,Rainfall,Kheda,Matar,809.5,1973.0,1163.5,10.2398,0.6705
2022,All,Rainfall,Kheda,Mehmedabad,754.1,1973.0,1218.9,10.2143,0.6912
2022,All,Rainfall,Kheda,Nadiad,772.4,1973.0,1200.6,10.4464,0.6582
2022,All,Rainfall,Kheda,Thasra,422.6,1973.0,1550.4,12.0605,0.5414
2022,All,Rainfall,Kheda,Vaso,901.0,1973.0,1072.0,10.0943,0.672
2022,All,Rainfall,Mahisagar,Balasinor,531.4,1859.0,1327.6,12.8251,0.5951
2022,All,Rainfall,Mahisagar,Kadana,456.8,1859.0,1402.2,12.9853,0.5966
2022,All,Rainfall,Mahisagar,Khanpur,407.6,1859.0,1451.4,13.3555,0.5691
2022,All,Rainfall,Mahisagar,Lunawada,623.8,1859.0,1235.2,12.4506,0.612
2022,All,Rainfall,Mahisagar,Santrampur,712.9,1859.0,1146.1,12.0052,0.6326
2022,All,Rainfall,Mahisagar,Virpur,572.6,1859.0,1286.4,12.808,0.5804
2022,All,Tmax,Anand,Anand,34.4948,34.4178,-0.077,1.4527,0.9437
2022,All,Tmax,Anand,Anklav,34.3718,34.4178,0.046,1.483,0.94
2022,All,Tmax,Anand,Borsad,34.4151,34.4178,0.0027,1.4805,0.9401
2022,All,Tmax,Anand,Khambhat,34.3466,34.4178,0.0712,1.4658,0.9398
2022,All,Tmax,Anand,Petlad,34.4715,34.4178,-0.0537,1.4858,0.9401
2022,All,Tmax,Anand,Sojitra,34.5085,34.4178,-0.0907,1.4848,0.9408
2022,All,Tmax,Anand,Tarapur,34.4896,34.4178,-0.0718,1.4927,0.9396
2022,All,Tmax,Anand,Umreth,34.5233,34.4178,-0.1055,1.4177,0.947
2022,All,Tmax,Kheda,Galteshwar,34.5474,34.3932,-0.1542,1.4754,0.9419
2022,All,Tmax,Kheda,Kapadvanj,34.6778,34.3932,-0.2847,1.4795,0.9446
2022,All,Tmax,Kheda,Kathlal,32.6088,34.3932,1.7844,2.5555,0.9368
2022,All,Tmax,Kheda,Kheda,34.6167,34.3932,-0.2236,1.5257,0.9402
2022,All,Tmax,Kheda,Mahudha,34.6562,34.3932,-0.263,1.6752,0.9377
2022,All,Tmax,Kheda,Matar,34.611,34.3932,-0.2178,1.5256,0.9398
2022,All,Tmax,Kheda,Mehmedabad,34.646,34.3932,-0.2529,1.5152,0.9417
2022,All,Tmax,Kheda,Nadiad,34.6121,34.3932,-0.2189,1.5276,0.9389
2022,All,Tmax,Kheda,Thasra,34.5784,34.3932,-0.1852,1.4717,0.9429
2022,All,Tmax,Kheda,Vaso,34.5855,34.3932,-0.1923,1.546,0.9369
2022,All,Tmax,Mahisagar,Balasinor,34.5721,34.3603,-0.2118,1.4552,0.9453
2022,All,Tmax,Mahisagar,Kadana,34.2074,34.3603,0.1529,1.5519,0.9476
2022,All,Tmax,Mahisagar,Khanpur,34.4099,34.3603,-0.0496,1.5275,0.946
2022,All,Tmax,Mahisagar,Lunawada,34.4452,34.3603,-0.0849,1.5072,0.9448
2022,All,Tmax,Mahisagar,Santrampur,34.0773,34.3603,0.283,1.5432,0.9488
2022,All,Tmax,Mahisagar,Virpur,34.6008,34.3603,-0.2405,1.5186,0.9446
2022,All,Tmin,Anand,Anand,21.8184,22.0701,0.2518,1.5851,0.9549
2022,All,Tmin,Anand,Anklav,21.8025,22.0701,0.2677,1.5664,0.9546
2022,All,Tmin,Anand,Borsad,21.8123,22.0701,0.2578,1.5601,0.9556
2022,All,Tmin,Anand,Khambhat,21.8501,22.0701,0.22,1.495,0.9578
2022,All,Tmin,Anand,Petlad,21.7956,22.0701,0.2745,1.5768,0.9557
2022,All,Tmin,Anand,Sojitra,21.8181,22.0701,0.2521,1.5952,0.9543
2022,All,Tmin,Anand,Tarapur,21.7912,22.0701,0.2789,1.6027,0.9541
2022,All,Tmin,Anand,Umreth,21.8408,22.0701,0.2293,1.608,0.9535
2022,All,Tmin,Kheda,Galteshwar,21.777,22.1589,0.3819,1.6503,0.9524
2022,All,Tmin,Kheda,Kapadvanj,22.0197,22.1589,0.1392,1.6603,0.949
2022,All,Tmin,Kheda,Kathlal,19.7381,22.1589,2.4208,3.0955,0.9413
2022,All,Tmin,Kheda,Kheda,21.9959,22.1589,0.163,1.6222,0.9506
2022,All,Tmin,Kheda,Mahudha,21.7197,22.1589,0.4392,1.8609,0.9396
2022,All,Tmin,Kheda,Matar,21.9745,22.1589,0.1844,1.6226,0.9509
2022,All,Tmin,Kheda,Mehmedabad,22.0745,22.1589,0.0844,1.6208,0.95
2022,All,Tmin,Kheda,Nadiad,21.9625,22.1589,0.1964,1.6109,0.9526
2022,All,Tmin,Kheda,Thasra,21.8181,22.1589,0.3408,1.6499,0.9521
2022,All,Tmin,Kheda,Vaso,21.9101,22.1589,0.2488,1.6224,0.9523
2022,All,Tmin,Mahisagar,Balasinor,21.6186,22.1096,0.491,1.7037,0.9517
2022,All,Tmin,Mahisagar,Kadana,20.8367,22.1096,1.2729,2.1593,0.9416
2022,All,Tmin,Mahisagar,Khanpur,21.1323,22.1096,0.9773,1.9853,0.942
2022,All,Tmin,Mahisagar,Lunawada,21.0822,22.1096,1.0274,1.9676,0.9469
2022,All,Tmin,Mahisagar,Santrampur,20.5644,22.1096,1.5452,2.3044,0.9451
2022,All,Tmin,Mahisagar,Virpur,21.4663,22.1096,0.6433,1.7901,0.9463
2022,All,RH-I,Anand,Anand,53.8164,56.1288,2.3123,9.0952,0.9092
2022,All,RH-I,Anand,Anklav,52.8493,56.1288,3.2795,9.2445,0.914
2022,All,RH-I,Anand,Borsad,53.5342,56.1288,2.5945,9.1062,0.9115
2022,All,RH-I,Anand,Khambhat,56.4192,56.1288,-0.2904,8.7379,0.9104
2022,All,RH-I,Anand,Petlad,54.0767,56.1288,2.0521,8.9823,0.9105
2022,All,RH-I,Anand,Sojitra,53.8384,56.1288,2.2904,8.9828,0.911
2022,All,RH-I,Anand,Tarapur,53.326,56.1288,2.8027,9.1222,0.9104
2022,All,RH-I,Anand,Umreth,53.4411,56.1288,2.6877,9.1225,0.9098
2022,All,RH-I,Kheda,Galteshwar,52.5151,55.937,3.4219,9.9027,0.8967
2022,All,RH-I,Kheda,Kapadvanj,52.2603,55.937,3.6767,9.5745,0.9093
2022,All,RH-I,Kheda,Kathlal,51.9096,55.937,4.0274,11.5479,0.8808
2022,All,RH-I,Kheda,Kheda,52.9041,55.937,3.0329,9.4447,0.9049
2022,All,RH-I,Kheda,Mahudha,54.7918,55.937,1.1452,10.2855,0.8801
2022,All,RH-I,Kheda,Matar,52.8575,55.937,3.0795,9.4495,0.9051
2022,All,RH-I,Kheda,Mehmedabad,52.9452,55.937,2.9918,9.455,0.9042
2022,All,RH-I,Kheda,Nadiad,53.8301,55.937,2.1068,9.4282,0.9001
2022,All,RH-I,Kheda,Thasra,52.7041,55.937,3.2329,9.7253,0.8998
2022,All,RH-I,Kheda,Vaso,53.8795,55.937,2.0575,9.3256,0.9021
2022,All,RH-I,Mahisagar,Balasinor,51.5973,54.4082,2.811,10.1285,0.9012
2022,All,RH-I,Mahisagar,Kadana,49.2027,54.4082,5.2055,12.3812,0.8718
2022,All,RH-I,Mahisagar,Khanpur,48.8575,54.4082,5.5507,12.1887,0.8806
2022,All,RH-I,Mahisagar,Lunawada,50.0658,54.4082,4.3425,11.2949,0.8908
2022,All,RH-I,Mahisagar,Santrampur,50.7014,54.4082,3.7068,11.7694,0.8758
2022,All,RH-I,Mahisagar,Virpur,49.8164,54.4082,4.5918,11.2074,0.8942
2022,All,RH-II,Anand,Anand,28.5425,35.0685,6.526,9.8976,0.9206
2022,All,RH-II,Anand,Anklav,28.7589,35.0685,6.3096,9.661,0.9234
2022,All,RH-II,Anand,Borsad,28.9205,35.0685,6.1479,9.526,0.9242
2022,All,RH-II,Anand,Khambhat,36.9726,35.0685,-1.9041,8.3152,0.9114
2022,All,RH-II,Anand,Petlad,28.9726,35.0685,6.0959,9.525,0.9234
2022,All,RH-II,Anand,Sojitra,28.7589,35.0685,6.3096,9.704,0.9222
2022,All,RH-II,Anand,Tarapur,28.5863,35.0685,6.4822,9.834,0.9216
2022,All,RH-II,Anand,Umreth,27.7123,35.0685,7.3562,10.5704,0.9177
2022,All,RH-II,Kheda,Galteshwar,27.0384,33.6658,6.6274,11.8616,0.8753
2022,All,RH-II,Kheda,Kapadvanj,26.6082,33.6658,7.0575,11.5791,0.8902
2022,All,RH-II,Kheda,Kathlal,26.5699,33.6658,7.0959,11.5628,0.8918
2022,All,RH-II,Kheda,Kheda,27.8575,33.6658,5.8082,11.3926,0.8736
2022,All,RH-II,Kheda,Mahudha,27.0822,33.6658,6.5836,11.7421,0.8758
2022,All,RH-II,Kheda,Matar,27.9096,33.6658,5.7562,11.3624,0.8738
2022,All,RH-II,Kheda,Mehmedabad,27.7836,33.6658,5.8822,11.3366,0.8766
2022,All,RH-II,Kheda,Nadiad,28.2,33.6658,5.4658,11.1322,0.8764
2022,All,RH-II,Kheda,Thasra,27.1178,33.6658,6.5479,11.706,0.878
2022,All,RH-II,Kheda,Vaso,28.3973,33.6658,5.2685,11.0881,0.8748
2022,All,RH-II,Mahisagar,Balasinor,26.3452,32.1699,5.8247,11.7464,0.8782
2022,All,RH-II,Mahisagar,Kadana,25.1671,32.1699,7.0027,11.9092,0.8938
2022,All,RH-II,Mahisagar,Khanpur,24.8274,32.1699,7.3425,12.0046,0.8968
2022,All,RH-II,Mahisagar,Lunawada,25.663,32.1699,6.5068,11.5625,0.8926
2022,All,RH-II,Mahisagar,Santrampur,26.3178,32.1699,5.8521,11.2941,0.8904
2022,All,RH-II,Mahisagar,Virpur,25.3425,32.1699,6.8274,11.6933,0.8945
2022,All,Wind,Anand,Anand,13.1329,14.6397,1.5068,2.8484,0.8951
2022,All,Wind,Anand,Anklav,13.4479,14.6397,1.1918,2.5985,0.9048
2022,All,Wind,Anand,Borsad,13.3397,14.6397,1.3,2.6928,0.9006
2022,All,Wind,Anand,Khambhat,15.4041,14.6397,-0.7644,2.6596,0.8912
2022,All,Wind,Anand,Petlad,13.3973,14.6397,1.2425,2.6884,0.8991
2022,All,Wind,Anand,Sojitra,13.4575,14.6397,1.1822,2.6599,0.8999
2022,All,Wind,Anand,Tarapur,14.0288,14.6397,0.611,2.4554,0.8989
2022,All,Wind,Anand,Umreth,13.4808,14.6397,1.1589,2.813,0.8846
2022,All,Wind,Kheda,Galteshwar,13.5767,13.889,0.3123,2.535,0.8918
2022,All,Wind,Kheda,Kapadvanj,13.8918,13.889,-0.0027,2.3692,0.8898
2022,All,Wind,Kheda,Kathlal,11.9096,13.889,1.9795,3.3997,0.8465
2022,All,Wind,Kheda,Kheda,13.2041,13.889,0.6849,2.5173,0.8864
2022,All,Wind,Kheda,Mahudha,12.8932,13.889,0.9959,2.8761,0.855
2022,All,Wind,Kheda,Matar,13.2425,13.889,0.6466,2.5032,0.8863
2022,All,Wind,Kheda,Mehmedabad,13.1288,13.889,0.7603,2.5197,0.8882
2022,All,Wind,Kheda,Nadiad,12.9658,13.889,0.9233,2.5206,0.8925
2022,All,Wind,Kheda,Thasra,13.5315,13.889,0.3575,2.4093,0.8985
2022,All,Wind,Kheda,Vaso,13.1123,13.889,0.7767,2.4923,0.8909
2022,All,Wind,Mahisagar,Balasinor,13.8904,14.7016,0.8112,2.3571,0.9178
2022,All,Wind,Mahisagar,Kadana,14.3562,14.7016,0.3455,2.3357,0.9134
2022,All,Wind,Mahisagar,Khanpur,14.6,14.7016,0.1016,2.1712,0.9212
2022,All,Wind,Mahisagar,Lunawada,13.8438,14.7016,0.8578,2.2618,0.9269
2022,All,Wind,Mahisagar,Santrampur,14.1849,14.7016,0.5167,2.348,0.9156
2022,All,Wind,Mahisagar,Virpur,14.4822,14.7016,0.2195,2.2326,0.9172
2022,Winter,Rainfall,Anand,Anand,1.1,20.0,18.9,1.2966,0.0415
2022,Winter,Rainfall,Anand,Anklav,1.0,20.0,19.0,1.3018,-0.0256
2022,Winter,Rainfall,Anand,Borsad,1.0,20.0,19.0,1.2962,0.0486
2022,Winter,Rainfall,Anand,Khambhat,1.1,20.0,18.9,1.2856,0.2207
2022,Winter,Rainfall,Anand,Petlad,1.1,20.0,18.9,1.2859,0.2034
2022,Winter,Rainfall,Anand,Sojitra,1.2,20.0,18.8,1.2811,0.2524
2022,Winter,Rainfall,Anand,Tarapur,1.1,20.0,18.9,1.2807,0.2818
2022,Winter,Rainfall,Anand,Umreth,1.3,20.0,18.7,1.3034,-0.0255
2022,Winter,Rainfall,Kheda,Galteshwar,1.4,20.0,18.6,1.2953,-0.0261
2022,Winter,Rainfall,Kheda,Kapadvanj,1.6,20.0,18.4,1.2889,0.0437
2022,Winter,Rainfall,Kheda,Kathlal,7.7,20.0,12.3,0.8168,0.8912
2022,Winter,Rainfall,Kheda,Kheda,1.0,20.0,19.0,1.2843,0.0984
2022,Winter,Rainfall,Kheda,Mahudha,8.2,20.0,11.8,0.8664,0.8239
2022,Winter,Rainfall,Kheda,Matar,1.0,20.0,19.0,1.2843,0.0984
2022,Winter,Rainfall,Kheda,Mehmedabad,1.1,20.0,18.9,1.2801,0.1508
2022,Winter,Rainfall,Kheda,Nadiad,1.2,20.0,18.8,1.2848,0.0824
2022,Winter,Rainfall,Kheda,Thasra,1.8,20.0,18.2,1.2987,-0.025
2022,Winter,Rainfall,Kheda,Vaso,1.3,20.0,18.7,1.2763,0.1845
2022,Winter,Rainfall,Mahisagar,Balasinor,2.5,27.0,24.5,1.5824,0.1003
2022,Winter,Rainfall,Mahisagar,Kadana,2.1,27.0,24.9,1.556,0.3337
2022,Winter,Rainfall,Mahisagar,Khanpur,2.4,27.0,24.6,1.5667,0.1966
2022,Winter,Rainfall,Mahisagar,Lunawada,2.3,27.0,24.7,1.5786,0.1279
2022,Winter,Rainfall,Mahisagar,Santrampur,3.4,27.0,23.6,1.5196,0.4264
2022,Winter,Rainfall,Mahisagar,Virpur,3.0,27.0,24.0,1.5596,0.2153
2022,Winter,Tmax,Anand,Anand,29.8111,30.1667,0.3556,1.2964,0.8925
2022,Winter,Tmax,Anand,Anklav,29.6622,30.1667,0.5044,1.3371,0.8887
2022,Winter,Tmax,Anand,Borsad,29.71,30.1667,0.4567,1.3191,0.8882
2022,Winter,Tmax,Anand,Khambhat,29.5011,30.1667,0.6656,1.3035,0.8976
2022,Winter,Tmax,Anand,Petlad,29.7667,30.1667,0.4,1.3167,0.8879
2022,Winter,Tmax,Anand,Sojitra,29.7911,30.1667,0.3756,1.3267,0.8871
2022,Winter,Tmax,Anand,Tarapur,29.75,30.1667,0.4167,1.3404,0.8845
2022,Winter,Tmax,Anand,Umreth,29.91,30.1667,0.2567,1.2562,0.8973
2022,Winter,Tmax,Kheda,Galteshwar,29.9211,30.0333,0.1122,1.4223,0.8572
2022,Winter,Tmax,Kheda,Kapadvanj,29.9067,30.0333,0.1267,1.3983,0.8723
2022,Winter,Tmax,Kheda,Kathlal,26.7589,30.0333,3.2744,3.5925,0.8692
2022,Winter,Tmax,Kheda,Kheda,29.8167,30.0333,0.2167,1.4215,0.8693
2022,Winter,Tmax,Kheda,Mahudha,29.1611,30.0333,0.8722,1.6739,0.8783
2022,Winter,Tmax,Kheda,Matar,29.8144,30.0333,0.2189,1.4203,0.8681
2022,Winter,Tmax,Kheda,Mehmedabad,29.8756,30.0333,0.1578,1.4259,0.869
2022,Winter,Tmax,Kheda,Nadiad,29.88,30.0333,0.1533,1.4136,0.8658
2022,Winter,Tmax,Kheda,Thasra,29.9167,30.0333,0.1167,1.4078,0.8628
2022,Winter,Tmax,Kheda,Vaso,29.8222,30.0333,0.2111,1.4151,0.8654
2022,Winter,Tmax,Mahisagar,Balasinor,29.8967,30.1,0.2033,1.2883,0.8933
2022,Winter,Tmax,Mahisagar,Kadana,29.1989,30.1,0.9011,1.6209,0.8921
2022,Winter,Tmax,Mahisagar,Khanpur,29.4611,30.1,0.6389,1.492,0.8901
2022,Winter,Tmax,Mahisagar,Lunawada,29.6244,30.1,0.4756,1.3888,0.8949
2022,Winter,Tmax,Mahisagar,Santrampur,29.0967,30.1,1.0033,1.6452,0.898
2022,Winter,Tmax,Mahisagar,Virpur,29.7267,30.1,0.3733,1.394,0.8883
2022,Winter,Tmin,Anand,Anand,14.69,15.5111,0.8211,2.0061,0.7751
2022,Winter,Tmin,Anand,Anklav,14.7433,15.5111,0.7678,1.9959,0.7683
2022,Winter,Tmin,Anand,Borsad,14.72,15.5111,0.7911,1.9849,0.7751
2022,Winter,Tmin,Anand,Khambhat,14.7633,15.5111,0.7478,1.9134,0.7785
2022,Winter,Tmin,Anand,Petlad,14.68,15.5111,0.8311,2.0104,0.7769
2022,Winter,Tmin,Anand,Sojitra,14.7078,15.5111,0.8033,2.0238,0.7732
2022,Winter,Tmin,Anand,Tarapur,14.6722,15.5111,0.8389,2.0472,0.7696
2022,Winter,Tmin,Anand,Umreth,14.7111,15.5111,0.8,2.0047,0.7713
2022,Winter,Tmin,Kheda,Galteshwar,14.68,15.6667,0.9867,2.0657,0.791
2022,Winter,Tmin,Kheda,Kapadvanj,14.8656,15.6667,0.8011,1.9984,0.7853
2022,Winter,Tmin,Kheda,Kathlal,11.9056,15.6667,3.7611,4.2829,0.727
2022,Winter,Tmin,Kheda,Kheda,14.9333,15.6667,0.7333,1.9492,0.7956
2022,Winter,Tmin,Kheda,Mahudha,14.3378,15.6667,1.3289,2.3853,0.7487
2022,Winter,Tmin,Kheda,Matar,14.9078,15.6667,0.7589,1.9643,0.7947
2022,Winter,Tmin,Kheda,Mehmedabad,15.0022,15.6667,0.6644,1.9246,0.7932
2022,Winter,Tmin,Kheda,Nadiad,14.8567,15.6667,0.81,1.9682,0.7983
2022,Winter,Tmin,Kheda,Thasra,14.7011,15.6667,0.9656,2.0501,0.7921
2022,Winter,Tmin,Kheda,Vaso,14.82,15.6667,0.8467,1.9959,0.7969
2022,Winter,Tmin,Mahisagar,Balasinor,14.4122,15.5,1.0878,2.1744,0.7571
2022,Winter,Tmin,Mahisagar,Kadana,13.7889,15.5,1.7111,2.6327,0.7144
2022,Winter,Tmin,Mahisagar,Khanpur,14.1433,15.5,1.3567,2.3909,0.7221
2022,Winter,Tmin,Mahisagar,Lunawada,13.9933,15.5,1.5067,2.4524,0.7362
2022,Winter,Tmin,Mahisagar,Santrampur,13.4322,15.5,2.0678,2.8546,0.7244
2022,Winter,Tmin,Mahisagar,Virpur,14.4211,15.5,1.0789,2.179,0.7448
2022,Winter,RH-I,Anand,Anand,43.7333,44.1667,0.4333,6.6106,0.8858
2022,Winter,RH-I,Anand,Anklav,41.8222,44.1667,2.3444,6.6625,0.8956
2022,Winter,RH-I,Anand,Borsad,42.9,44.1667,1.2667,6.4515,0.8932
2022,Winter,RH-I,Anand,Khambhat,46.3222,44.1667,-2.1556,6.665,0.8881
2022,Winter,RH-I,Anand,Petlad,43.8333,44.1667,0.3333,6.6667,0.8865
2022,Winter,RH-I,Anand,Sojitra,43.7444,44.1667,0.4222,7.0016,0.8784
2022,Winter,RH-I,Anand,Tarapur,43.4556,44.1667,0.7111,7.0946,0.8752
2022,Winter,RH-I,Anand,Umreth,43.5556,44.1667,0.6111,6.709,0.8796
2022,Winter,RH-I,Kheda,Galteshwar,42.3667,43.0556,0.6889,7.0758,0.8684
2022,Winter,RH-I,Kheda,Kapadvanj,40.7889,43.0556,2.2667,7.4922,0.8738
2022,Winter,RH-I,Kheda,Kathlal,40.1667,43.0556,2.8889,9.6356,0.8201
2022,Winter,RH-I,Kheda,Kheda,42.8889,43.0556,0.1667,7.2839,0.8697
2022,Winter,RH-I,Kheda,Mahudha,43.8556,43.0556,-0.8,8.5765,0.8427
2022,Winter,RH-I,Kheda,Matar,42.8889,43.0556,0.1667,7.3189,0.8684
2022,Winter,RH-I,Kheda,Mehmedabad,42.8667,43.0556,0.1889,7.2288,0.8704
2022,Winter,RH-I,Kheda,Nadiad,43.8222,43.0556,-0.7667,6.9546,0.8794
2022,Winter,RH-I,Kheda,Thasra,42.3889,43.0556,0.6667,7.0032,0.8714
2022,Winter,RH-I,Kheda,Vaso,43.7444,43.0556,-0.6889,7.1102,0.8759
2022,Winter,RH-I,Mahisagar,Balasinor,40.8111,41.0111,0.2,7.5115,0.8582
2022,Winter,RH-I,Mahisagar,Kadana,39.7,41.0111,1.3111,7.8188,0.8521
2022,Winter,RH-I,Mahisagar,Khanpur,38.6667,41.0111,2.3444,8.0671,0.8518
2022,Winter,RH-I,Mahisagar,Lunawada,38.9556,41.0111,2.0556,7.7323,0.8615
2022,Winter,RH-I,Mahisagar,Santrampur,40.6222,41.0111,0.3889,7.6862,0.8554
2022,Winter,RH-I,Mahisagar,Virpur,38.5111,41.0111,2.5,8.0987,0.8537
2022,Winter,RH-II,Anand,Anand,22.9,26.6333,3.7333,5.0903,0.9203
2022,Winter,RH-II,Anand,Anklav,22.5222,26.6333,4.1111,5.2873,0.9236
2022,Winter,RH-II,Anand,Borsad,22.7556,26.6333,3.8778,5.1132,0.9246
2022,Winter,RH-II,Anand,Khambhat,31.5111,26.6333,-4.8778,6.43,0.8732
2022,Winter,RH-II,Anand,Petlad,23.0444,26.6333,3.5889,4.9944,0.9208
2022,Winter,RH-II,Anand,Sojitra,22.9556,26.6333,3.6778,5.0739,0.9197
2022,Winter,RH-II,Anand,Tarapur,22.8778,26.6333,3.7556,5.1769,0.9159
2022,Winter,RH-II,Anand,Umreth,22.5,26.6333,4.1333,5.3458,0.9221
2022,Winter,RH-II,Kheda,Galteshwar,21.9778,23.5444,1.5667,4.2466,0.8975
2022,Winter,RH-II,Kheda,Kapadvanj,19.9222,23.5444,3.6222,5.5438,0.8855
2022,Winter,RH-II,Kheda,Kathlal,19.2111,23.5444,4.3333,6.802,0.8369
2022,Winter,RH-II,Kheda,Kheda,22.3444,23.5444,1.2,4.4322,0.8838
2022,Winter,RH-II,Kheda,Mahudha,21.8222,23.5444,1.7222,5.9768,0.8368
2022,Winter,RH-II,Kheda,Matar,22.4333,23.5444,1.1111,4.4397,0.8826
2022,Winter,RH-II,Kheda,Mehmedabad,22.2222,23.5444,1.3222,4.4033,0.8863
2022,Winter,RH-II,Kheda,Nadiad,22.6778,23.5444,0.8667,4.341,0.8835
2022,Winter,RH-II,Kheda,Thasra,21.8556,23.5444,1.6889,4.341,0.8952
2022,Winter,RH-II,Kheda,Vaso,22.6889,23.5444,0.8556,4.3166,0.8849
2022,Winter,RH-II,Mahisagar,Balasinor,20.0111,20.7778,0.7667,4.827,0.8418
2022,Winter,RH-II,Mahisagar,Kadana,18.6333,20.7778,2.1444,4.961,0.856
2022,Winter,RH-II,Mahisagar,Khanpur,17.7444,20.7778,3.0333,5.2271,0.8688
2022,Winter,RH-II,Mahisagar,Lunawada,17.9778,20.7778,2.8,5.0794,0.8707
2022,Winter,RH-II,Mahisagar,Santrampur,19.5889,20.7778,1.1889,4.6845,0.8541
2022,Winter,RH-II,Mahisagar,Virpur,17.5333,20.7778,3.2444,5.3437,0.8708
2022,Winter,Wind,Anand,Anand,11.0333,12.0467,1.0133,1.8828,0.9092
2022,Winter,Wind,Anand,Anklav,11.1,12.0467,0.9467,1.7866,0.9175
2022,Winter,Wind,Anand,Borsad,11.1667,12.0467,0.88,1.7501,0.9183
2022,Winter,Wind,Anand,Khambhat,12.9889,12.0467,-0.9422,1.874,0.9209
2022,Winter,Wind,Anand,Petlad,11.3,12.0467,0.7467,1.7129,0.9144
2022,Winter,Wind,Anand,Sojitra,11.4222,12.0467,0.6244,1.6501,0.916
2022,Winter,Wind,Anand,Tarapur,11.8222,12.0467,0.2244,1.5742,0.9122
2022,Winter,Wind,Anand,Umreth,10.9889,12.0467,1.0578,2.1334,0.8777
2022,Winter,Wind,Kheda,Galteshwar,10.6111,11.5544,0.9433,1.9545,0.8834
2022,Winter,Wind,Kheda,Kapadvanj,12.1111,11.5544,-0.5567,1.6773,0.8841
2022,Winter,Wind,Kheda,Kathlal,9.4667,11.5544,2.0878,3.0162,0.766
2022,Winter,Wind,Kheda,Kheda,11.3222,11.5544,0.2322,1.6937,0.8745
2022,Winter,Wind,Kheda,Mahudha,10.4667,11.5544,1.0878,2.3711,0.7867
2022,Winter,Wind,Kheda,Matar,11.3222,11.5544,0.2322,1.6951,0.8742
2022,Winter,Wind,Kheda,Mehmedabad,11.2444,11.5544,0.31,1.674,0.8772
2022,Winter,Wind,Kheda,Nadiad,11.0667,11.5544,0.4878,1.6753,0.8894
2022,Winter,Wind,Kheda,Thasra,10.7889,11.5544,0.7656,1.8239,0.89
2022,Winter,Wind,Kheda,Vaso,11.1778,11.5544,0.3767,1.6951,0.8804
2022,Winter,Wind,Mahisagar,Balasinor,11.5556,12.4111,0.8556,1.7055,0.91
2022,Winter,Wind,Mahisagar,Kadana,11.8222,12.4111,0.5889,1.6879,0.8986
2022,Winter,Wind,Mahisagar,Khanpur,12.5778,12.4111,-0.1667,1.6428,0.8953
2022,Winter,Wind,Mahisagar,Lunawada,11.9889,12.4111,0.4222,1.5573,0.9135
2022,Winter,Wind,Mahisagar,Santrampur,11.4111,12.4111,1.0,1.8738,0.9027
2022,Winter,Wind,Mahisagar,Virpur,12.9556,12.4111,-0.5444,1.6353,0.9053
2022,Summer,Rainfall,Anand,Anand,0.3,2.0,1.7,0.1772,1.0
2022,Summer,Rainfall,Anand,Anklav,0.9,2.0,1.1,0.1147,1.0
2022,Summer,Rainfall,Anand,Borsad,1.2,2.0,0.8,0.0834,1.0
2022,Summer,Rainfall,Anand,Khambhat,0.8,2.0,1.2,0.1251,1.0
2022,Summer,Rainfall,Anand,Petlad,0.7,2.0,1.3,0.1355,1.0
2022,Summer,Rainfall,Anand,Sojitra,0.4,2.0,1.6,0.1668,1.0
2022,Summer,Rainfall,Anand,Tarapur,0.3,2.0,1.7,0.1772,1.0
2022,Summer,Rainfall,Anand,Umreth,0.4,2.0,1.6,0.1668,1.0
2022,Summer,Rainfall,Kheda,Galteshwar,0.0,2.0,2.0,0.2085,
2022,Summer,Rainfall,Kheda,Kapadvanj,0.0,2.0,2.0,0.2085,
2022,Summer,Rainfall,Kheda,Kathlal,0.0,2.0,2.0,0.2085,
2022,Summer,Rainfall,Kheda,Kheda,0.1,2.0,1.9,0.2088,-0.011
2022,Summer,Rainfall,Kheda,Mahudha,0.0,2.0,2.0,0.2085,
2022,Summer,Rainfall,Kheda,Matar,0.2,2.0,1.8,0.2096,-0.011
2022,Summer,Rainfall,Kheda,Mehmedabad,0.0,2.0,2.0,0.2085,
2022,Summer,Rainfall,Kheda,Nadiad,0.2,2.0,1.8,0.2096,-0.011
2022,Summer,Rainfall,Kheda,Thasra,0.2,2.0,1.8,0.2096,-0.011
2022,Summer,Rainfall,Kheda,Vaso,0.3,2.0,1.7,0.2108,-0.011
2022,Summer,Rainfall,Mahisagar,Balasinor,0.1,1.0,0.9,0.1048,-0.011
2022,Summer,Rainfall,Mahisagar,Kadana,0.3,1.0,0.7,0.1068,-0.0148
2022,Summer,Rainfall,Mahisagar,Khanpur,0.4,1.0,0.6,0.1123,-0.011
2022,Summer,Rainfall,Mahisagar,Lunawada,0.6,1.0,0.4,0.1216,-0.011
2022,Summer,Rainfall,Mahisagar,Santrampur,0.7,1.0,0.3,0.1016,0.2442
2022,Summer,Rainfall,Mahisagar,Virpur,0.6,1.0,0.4,0.1216,-0.011
2022,Summer,Tmax,Anand,Anand,39.7054,39.788,0.0826,1.276,0.8065
2022,Summer,Tmax,Anand,Anklav,39.4261,39.788,0.362,1.3882,0.7859
2022,Summer,Tmax,Anand,Borsad,39.4957,39.788,0.2924,1.3786,0.7821
2022,Summer,Tmax,Anand,Khambhat,39.3239,39.788,0.4641,1.4444,0.7684
2022,Summer,Tmax,Anand,Petlad,39.6261,39.788,0.162,1.3215,0.7912
2022,Summer,Tmax,Anand,Sojitra,39.7391,39.788,0.0489,1.2861,0.7936
2022,Summer,Tmax,Anand,Tarapur,39.687,39.788,0.1011,1.2964,0.7925
2022,Summer,Tmax,Anand,Umreth,39.8207,39.788,-0.0326,1.2398,0.8104
2022,Summer,Tmax,Kheda,Galteshwar,39.8196,39.7772,-0.0424,1.2344,0.8079
2022,Summer,Tmax,Kheda,Kapadvanj,40.0196,39.7772,-0.2424,1.1709,0.8325
2022,Summer,Tmax,Kheda,Kathlal,38.2261,39.7772,1.5511,2.067,0.8258
2022,Summer,Tmax,Kheda,Kheda,39.9793,39.7772,-0.2022,1.1592,0.8315
2022,Summer,Tmax,Kheda,Mahudha,39.9728,39.7772,-0.1957,1.2025,0.8346
2022,Summer,Tmax,Kheda,Matar,39.9533,39.7772,-0.1761,1.1618,0.829
2022,Summer,Tmax,Kheda,Mehmedabad,40.0359,39.7772,-0.2587,1.1414,0.839
2022,Summer,Tmax,Kheda,Nadiad,39.9,39.7772,-0.1228,1.1996,0.8157
2022,Summer,Tmax,Kheda,Thasra,39.8761,39.7772,-0.0989,1.2136,0.8137
2022,Summer,Tmax,Kheda,Vaso,39.8533,39.7772,-0.0761,1.2277,0.806
2022,Summer,Tmax,Mahisagar,Balasinor,39.9402,39.6793,-0.2609,1.2913,0.8081
2022,Summer,Tmax,Mahisagar,Kadana,39.887,39.6793,-0.2076,1.4234,0.8064
2022,Summer,Tmax,Mahisagar,Khanpur,39.9565,39.6793,-0.2772,1.398,0.8121
2022,Summer,Tmax,Mahisagar,Lunawada,39.9348,39.6793,-0.2554,1.3678,0.8055
2022,Summer,Tmax,Mahisagar,Santrampur,39.7957,39.6793,-0.1163,1.3941,0.8057
2022,Summer,Tmax,Mahisagar,Virpur,40.0283,39.6793,-0.3489,1.3541,0.8134
2022,Summer,Tmin,Anand,Anand,24.4793,24.3978,-0.0815,1.5423,0.8728
2022,Summer,Tmin,Anand,Anklav,24.3717,24.3978,0.0261,1.565,0.8675
2022,Summer,Tmin,Anand,Borsad,24.4272,24.3978,-0.0293,1.5335,0.8732
2022,Summer,Tmin,Anand,Khambhat,24.3826,24.3978,0.0152,1.5155,0.8742
2022,Summer,Tmin,Anand,Petlad,24.4543,24.3978,-0.0565,1.5141,0.8769
2022,Summer,Tmin,Anand,Sojitra,24.5185,24.3978,-0.1207,1.5608,0.8681
2022,Summer,Tmin,Anand,Tarapur,24.4902,24.3978,-0.0924,1.5691,0.8659
2022,Summer,Tmin,Anand,Umreth,24.5196,24.3978,-0.1217,1.5495,0.8725
2022,Summer,Tmin,Kheda,Galteshwar,24.425,24.587,0.162,1.6417,0.8529
2022,Summer,Tmin,Kheda,Kapadvanj,24.6098,24.587,-0.0228,1.7496,0.8236
2022,Summer,Tmin,Kheda,Kathlal,22.5924,24.587,1.9946,2.6515,0.8403
2022,Summer,Tmin,Kheda,Kheda,24.7,24.587,-0.113,1.747,0.8214
2022,Summer,Tmin,Kheda,Mahudha,24.3424,24.587,0.2446,1.8706,0.799
2022,Summer,Tmin,Kheda,Matar,24.6783,24.587,-0.0913,1.7394,0.8233
2022,Summer,Tmin,Kheda,Mehmedabad,24.7543,24.587,-0.1674,1.7521,0.8208
2022,Summer,Tmin,Kheda,Nadiad,24.6337,24.587,-0.0467,1.6866,0.8368
2022,Summer,Tmin,Kheda,Thasra,24.4522,24.587,0.1348,1.6569,0.8483
2022,Summer,Tmin,Kheda,Vaso,24.6043,24.587,-0.0174,1.7158,0.83
2022,Summer,Tmin,Mahisagar,Balasinor,24.2554,24.4674,0.212,1.6154,0.8668
2022,Summer,Tmin,Mahisagar,Kadana,23.9109,24.4674,0.5565,1.856,0.8342
2022,Summer,Tmin,Mahisagar,Khanpur,24.0739,24.4674,0.3935,1.8698,0.8221
2022,Summer,Tmin,Mahisagar,Lunawada,23.8967,24.4674,0.5707,1.811,0.8451
2022,Summer,Tmin,Mahisagar,Santrampur,23.6359,24.4674,0.8315,1.8745,0.8532
2022,Summer,Tmin,Mahisagar,Virpur,24.187,24.4674,0.2804,1.7973,0.8327
2022,Summer,RH-I,Anand,Anand,41.4239,46.75,5.3261,14.2325,0.7242
2022,Summer,RH-I,Anand,Anklav,40.3261,46.75,6.4239,14.3144,0.7441
2022,Summer,RH-I,Anand,Borsad,41.1522,46.75,5.5978,14.2482,0.7305
2022,Summer,RH-I,Anand,Khambhat,47.337,46.75,-0.587,13.2755,0.6976
2022,Summer,RH-I,Anand,Petlad,41.9457,46.75,4.8043,14.0426,0.7218
2022,Summer,RH-I,Anand,Sojitra,41.9022,46.75,4.8478,13.7848,0.7257
2022,Summer,RH-I,Anand,Tarapur,41.587,46.75,5.163,13.8834,0.721
2022,Summer,RH-I,Anand,Umreth,41.0543,46.75,5.6957,14.0913,0.7351
2022,Summer,RH-I,Kheda,Galteshwar,40.0543,47.337,7.2826,15.0579,0.6861
2022,Summer,RH-I,Kheda,Kapadvanj,40.4674,47.337,6.8696,14.3678,0.7004
2022,Summer,RH-I,Kheda,Kathlal,39.3696,47.337,7.9674,17.3309,0.6099
2022,Summer,RH-I,Kheda,Kheda,41.2391,47.337,6.0978,14.1233,0.6814
2022,Summer,RH-I,Kheda,Mahudha,45.6196,47.337,1.7174,15.2116,0.6214
2022,Summer,RH-I,Kheda,Matar,41.1304,47.337,6.2065,14.1117,0.6826
2022,Summer,RH-I,Kheda,Mehmedabad,41.3696,47.337,5.9674,14.0531,0.6847
2022,Summer,RH-I,Kheda,Nadiad,41.7391,47.337,5.5978,14.5172,0.6706
2022,Summer,RH-I,Kheda,Thasra,40.2174,47.337,7.1196,14.8584,0.6894
2022,Summer,RH-I,Kheda,Vaso,42.0761,47.337,5.2609,14.2394,0.674
2022,Summer,RH-I,Mahisagar,Balasinor,37.9457,44.4022,6.4565,15.9101,0.6781
2022,Summer,RH-I,Mahisagar,Kadana,31.7935,44.4022,12.6087,20.6897,0.5761
2022,Summer,RH-I,Mahisagar,Khanpur,32.1848,44.4022,12.2174,20.0857,0.6008
2022,Summer,RH-I,Mahisagar,Lunawada,33.6739,44.4022,10.7283,18.6929,0.6342
2022,Summer,RH-I,Mahisagar,Santrampur,32.9783,44.4022,11.4239,19.8803,0.587
2022,Summer,RH-I,Mahisagar,Virpur,34.5109,44.4022,9.8913,18.0849,0.6463
2022,Summer,RH-II,Anand,Anand,11.2935,19.75,8.4565,10.0326,0.5621
2022,Summer,RH-II,Anand,Anklav,12.0217,19.75,7.7283,9.4714,0.5865
2022,Summer,RH-II,Anand,Borsad,11.9457,19.75,7.8043,9.5166,0.5843
2022,Summer,RH-II,Anand,Khambhat,22.087,19.75,-2.337,6.4006,0.5255
2022,Summer,RH-II,Anand,Petlad,11.6957,19.75,8.0543,9.6656,0.5833
2022,Summer,RH-II,Anand,Sojitra,11.4022,19.75,8.3478,9.928,0.5612
2022,Summer,RH-II,Anand,Tarapur,11.6739,19.75,8.0761,9.7105,0.5641
2022,Summer,RH-II,Anand,Umreth,11.0,19.75,8.75,10.3541,0.5234
2022,Summer,RH-II,Kheda,Galteshwar,10.9239,20.3696,9.4457,12.6504,0.6284
2022,Summer,RH-II,Kheda,Kapadvanj,10.087,20.3696,10.2826,13.3579,0.6438
2022,Summer,RH-II,Kheda,Kathlal,10.3043,20.3696,10.0652,12.9153,0.678
2022,Summer,RH-II,Kheda,Kheda,10.7935,20.3696,9.5761,12.7888,0.6502
2022,Summer,RH-II,Kheda,Mahudha,10.5109,20.3696,9.8587,12.8169,0.6808
2022,Summer,RH-II,Kheda,Matar,10.9239,20.3696,9.4457,12.6495,0.6533
2022,Summer,RH-II,Kheda,Mehmedabad,10.6739,20.3696,9.6957,12.9094,0.6411
2022,Summer,RH-II,Kheda,Nadiad,10.8913,20.3696,9.4783,12.6138,0.6555
2022,Summer,RH-II,Kheda,Thasra,10.7826,20.3696,9.587,12.8054,0.6253
2022,Summer,RH-II,Kheda,Vaso,11.0435,20.3696,9.3261,12.4987,0.6505
2022,Summer,RH-II,Mahisagar,Balasinor,10.2609,19.337,9.0761,12.8236,0.6202
2022,Summer,RH-II,Mahisagar,Kadana,9.6413,19.337,9.6957,13.3929,0.5762
2022,Summer,RH-II,Mahisagar,Khanpur,9.587,19.337,9.75,13.3811,0.5972
2022,Summer,RH-II,Mahisagar,Lunawada,9.7609,19.337,9.5761,13.3192,0.5771
2022,Summer,RH-II,Mahisagar,Santrampur,9.8804,19.337,9.4565,13.2378,0.5686
2022,Summer,RH-II,Mahisagar,Virpur,9.7826,19.337,9.5543,13.2119,0.6095
2022,Summer,Wind,Anand,Anand,14.2554,16.1337,1.8783,2.7797,0.8507
2022,Summer,Wind,Anand,Anklav,14.8315,16.1337,1.3022,2.4111,0.8566
2022,Summer,Wind,Anand,Borsad,14.5543,16.1337,1.5793,2.6104,0.8464
2022,Summer,Wind,Anand,Khambhat,16.3533,16.1337,-0.2196,2.1122,0.852
2022,Summer,Wind,Anand,Petlad,14.6739,16.1337,1.4598,2.4919,0.8563
2022,Summer,Wind,Anand,Sojitra,14.8043,16.1337,1.3293,2.3258,0.8744
2022,Summer,Wind,Anand,Tarapur,15.4076,16.1337,0.7261,1.9726,0.8826
2022,Summer,Wind,Anand,Umreth,14.4402,16.1337,1.6935,2.8514,0.8224
2022,Summer,Wind,Kheda,Galteshwar,14.712,15.9326,1.2207,2.5168,0.8616
2022,Summer,Wind,Kheda,Kapadvanj,15.8859,15.9326,0.0467,2.2511,0.8422
2022,Summer,Wind,Kheda,Kathlal,14.1141,15.9326,1.8185,3.043,0.8124
2022,Summer,Wind,Kheda,Kheda,15.0,15.9326,0.9326,2.4083,0.8518
2022,Summer,Wind,Kheda,Mahudha,15.4348,15.9326,0.4978,2.4552,0.8172
2022,Summer,Wind,Kheda,Matar,15.0,15.9326,0.9326,2.4038,0.8531
2022,Summer,Wind,Kheda,Mehmedabad,15.0815,15.9326,0.8511,2.4142,0.8434
2022,Summer,Wind,Kheda,Nadiad,14.3315,15.9326,1.6011,2.6962,0.861
2022,Summer,Wind,Kheda,Thasra,14.8315,15.9326,1.1011,2.3576,0.8725
2022,Summer,Wind,Kheda,Vaso,14.6141,15.9326,1.3185,2.4902,0.8737
2022,Summer,Wind,Mahisagar,Balasinor,15.6522,17.212,1.5598,2.8128,0.8949
2022,Summer,Wind,Mahisagar,Kadana,16.1957,17.212,1.0163,2.5183,0.8978
2022,Summer,Wind,Mahisagar,Khanpur,16.6902,17.212,0.5217,2.3162,0.9009
2022,Summer,Wind,Mahisagar,Lunawada,15.9239,17.212,1.288,2.5995,0.9012
2022,Summer,Wind,Mahisagar,Santrampur,16.0435,17.212,1.1685,2.6289,0.8941
2022,Summer,Wind,Mahisagar,Virpur,16.7609,17.212,0.4511,2.5037,0.881
2022,Monsoon,Rainfall,Anand,Anand,792.9,1852.0,1059.1,16.8823,0.746
2022,Monsoon,Rainfall,Anand,Anklav,833.6,1852.0,1018.4,15.9888,0.7806
2022,Monsoon,Rainfall,Anand,Borsad,934.4,1852.0,917.6,15.2815,0.7836
2022,Monsoon,Rainfall,Anand,Khambhat,1132.2,1852.0,719.8,14.4762,0.7675
2022,Monsoon,Rainfall,Anand,Petlad,1067.9,1852.0,784.1,14.5926,0.7789
2022,Monsoon,Rainfall,Anand,Sojitra,1111.8,1852.0,740.2,14.4845,0.7737
2022,Monsoon,Rainfall,Anand,Tarapur,1114.1,1852.0,737.9,14.6789,0.7614
2022,Monsoon,Rainfall,Anand,Umreth,528.2,1852.0,1323.8,19.5966,0.6657
2022,Monsoon,Rainfall,Kheda,Galteshwar,315.2,1951.0,1635.8,21.6677,0.3848
2022,Monsoon,Rainfall,Kheda,Kapadvanj,731.6,1951.0,1219.4,18.0773,0.5738
2022,Monsoon,Rainfall,Kheda,Kathlal,629.1,1951.0,1321.9,19.3121,0.4935
2022,Monsoon,Rainfall,Kheda,Kheda,789.6,1951.0,1161.4,17.6807,0.587
2022,Monsoon,Rainfall,Kheda,Mahudha,548.9,1951.0,1402.1,19.2884,0.5537
2022,Monsoon,Rainfall,Kheda,Matar,808.2,1951.0,1142.8,17.6763,0.5824
2022,Monsoon,Rainfall,Kheda,Mehmedabad,752.9,1951.0,1198.1,17.6324,0.6046
2022,Monsoon,Rainfall,Kheda,Nadiad,771.0,1951.0,1180.0,18.0343,0.5622
2022,Monsoon,Rainfall,Kheda,Thasra,420.6,1951.0,1530.4,20.8302,0.4293
2022,Monsoon,Rainfall,Kheda,Vaso,899.4,1951.0,1051.6,17.4246,0.5801
2022,Monsoon,Rainfall,Mahisagar,Balasinor,528.4,1831.0,1302.6,22.1415,0.496
2022,Monsoon,Rainfall,Mahisagar,Kadana,453.8,1831.0,1377.2,22.4204,0.5089
2022,Monsoon,Rainfall,Mahisagar,Khanpur,404.6,1831.0,1426.4,23.0613,0.4701
2022,Monsoon,Rainfall,Mahisagar,Lunawada,619.8,1831.0,1211.2,21.4923,0.5142
2022,Monsoon,Rainfall,Mahisagar,Santrampur,707.1,1831.0,1123.9,20.7236,0.5434
2022,Monsoon,Rainfall,Mahisagar,Virpur,568.0,1831.0,1263.0,22.1129,0.4742
2022,Monsoon,Tmax,Anand,Anand,34.1475,33.5738,-0.5738,1.7003,0.8699
2022,Monsoon,Tmax,Anand,Anklav,34.1172,33.5738,-0.5434,1.6844,0.8712
2022,Monsoon,Tmax,Anand,Borsad,34.1516,33.5738,-0.5779,1.6965,0.8691
2022,Monsoon,Tmax,Anand,Khambhat,34.2902,33.5738,-0.7164,1.66,0.8739
2022,Monsoon,Tmax,Anand,Petlad,34.1721,33.5738,-0.5984,1.7427,0.8595
2022,Monsoon,Tmax,Anand,Sojitra,34.1787,33.5738,-0.6049,1.759,0.8556
2022,Monsoon,Tmax,Anand,Tarapur,34.1975,33.5738,-0.6238,1.7655,0.8524
2022,Monsoon,Tmax,Anand,Umreth,34.0557,33.5738,-0.482,1.6725,0.873
2022,Monsoon,Tmax,Kheda,Galteshwar,34.1418,33.5738,-0.568,1.7177,0.8597
2022,Monsoon,Tmax,Kheda,Kapadvanj,34.332,33.5738,-0.7582,1.8037,0.8568
2022,Monsoon,Tmax,Kheda,Kathlal,32.8672,33.5738,0.7066,1.8933,0.8868
2022,Monsoon,Tmax,Kheda,Kheda,34.3074,33.5738,-0.7336,1.8843,0.8364
2022,Monsoon,Tmax,Kheda,Mahudha,34.85,33.5738,-1.2762,2.0963,0.8732
2022,Monsoon,Tmax,Kheda,Matar,34.3107,33.5738,-0.7369,1.8813,0.8365
2022,Monsoon,Tmax,Kheda,Mehmedabad,34.3008,33.5738,-0.727,1.8695,0.8408
2022,Monsoon,Tmax,Kheda,Nadiad,34.2992,33.5738,-0.7254,1.8607,0.8409
2022,Monsoon,Tmax,Kheda,Thasra,34.1861,33.5738,-0.6123,1.7338,0.8594
2022,Monsoon,Tmax,Kheda,Vaso,34.2992,33.5738,-0.7254,1.8855,0.8341
2022,Monsoon,Tmax,Mahisagar,Balasinor,34.1443,33.5738,-0.5705,1.7444,0.8555
2022,Monsoon,Tmax,Mahisagar,Kadana,33.8434,33.5738,-0.2697,1.6672,0.8796
2022,Monsoon,Tmax,Mahisagar,Khanpur,34.0705,33.5738,-0.4967,1.7089,0.8763
2022,Monsoon,Tmax,Mahisagar,Lunawada,34.0336,33.5738,-0.4598,1.7422,0.8627
2022,Monsoon,Tmax,Mahisagar,Santrampur,33.6566,33.5738,-0.0828,1.6516,0.8732
2022,Monsoon,Tmax,Mahisagar,Virpur,34.2525,33.5738,-0.6787,1.7802,0.8665
2022,Monsoon,Tmin,Anand,Anand,25.968,25.9426,-0.0254,1.451,0.6291
2022,Monsoon,Tmin,Anand,Anklav,25.8902,25.9426,0.0525,1.4263,0.6153
2022,Monsoon,Tmin,Anand,Borsad,25.9352,25.9426,0.0074,1.426,0.6216
2022,Monsoon,Tmin,Anand,Khambhat,25.9631,25.9426,-0.0205,1.3437,0.6249
2022,Monsoon,Tmin,Anand,Petlad,25.9566,25.9426,-0.0139,1.4339,0.6324
2022,Monsoon,Tmin,Anand,Sojitra,25.9516,25.9426,-0.009,1.4326,0.6395
2022,Monsoon,Tmin,Anand,Tarapur,25.9295,25.9426,0.0131,1.4243,0.6406
2022,Monsoon,Tmin,Anand,Umreth,25.9803,25.9426,-0.0377,1.4994,0.6193
2022,Monsoon,Tmin,Kheda,Galteshwar,25.9508,25.9426,-0.0082,1.441,0.6262
2022,Monsoon,Tmin,Kheda,Kapadvanj,26.1672,25.9426,-0.2246,1.5142,0.6194
2022,Monsoon,Tmin,Kheda,Kathlal,24.1402,25.9426,1.8025,2.5067,0.5641
2022,Monsoon,Tmin,Kheda,Kheda,26.0385,25.9426,-0.0959,1.4342,0.6454
2022,Monsoon,Tmin,Kheda,Mahudha,25.8533,25.9426,0.0893,1.6457,0.5775
2022,Monsoon,Tmin,Kheda,Matar,26.0262,25.9426,-0.0836,1.4244,0.6485
2022,Monsoon,Tmin,Kheda,Mehmedabad,26.1057,25.9426,-0.1631,1.4541,0.6428
2022,Monsoon,Tmin,Kheda,Nadiad,26.0934,25.9426,-0.1508,1.4343,0.646
2022,Monsoon,Tmin,Kheda,Thasra,26.0074,25.9426,-0.0648,1.454,0.6285
2022,Monsoon,Tmin,Kheda,Vaso,26.0385,25.9426,-0.0959,1.4099,0.6512
2022,Monsoon,Tmin,Mahisagar,Balasinor,25.8434,25.9426,0.0992,1.4921,0.6106
2022,Monsoon,Tmin,Mahisagar,Kadana,24.6385,25.9426,1.3041,2.0294,0.5992
2022,Monsoon,Tmin,Mahisagar,Khanpur,24.973,25.9426,0.9697,1.8179,0.5962
2022,Monsoon,Tmin,Mahisagar,Lunawada,25.0885,25.9426,0.8541,1.7462,0.6015
2022,Monsoon,Tmin,Mahisagar,Santrampur,24.4098,25.9426,1.5328,2.1866,0.6016
2022,Monsoon,Tmin,Mahisagar,Virpur,25.4639,25.9426,0.4787,1.5919,0.5947
2022,Monsoon,RH-I,Anand,Anand,75.7295,78.4016,2.6721,6.511,0.7978
2022,Monsoon,RH-I,Anand,Anklav,75.4918,78.4016,2.9098,6.5179,0.7974
2022,Monsoon,RH-I,Anand,Borsad,75.8607,78.4016,2.541,6.4465,0.7939
2022,Monsoon,RH-I,Anand,Khambhat,75.6803,78.4016,2.7213,6.792,0.7608
2022,Monsoon,RH-I,Anand,Petlad,76.041,78.4016,2.3607,6.4197,0.7963
2022,Monsoon,RH-I,Anand,Sojitra,75.5574,78.4016,2.8443,6.6794,0.7989
2022,Monsoon,RH-I,Anand,Tarapur,74.7131,78.4016,3.6885,7.1609,0.7916
2022,Monsoon,RH-I,Anand,Umreth,74.9426,78.4016,3.459,6.8807,0.7943
2022,Monsoon,RH-I,Kheda,Galteshwar,73.7459,78.4836,4.7377,8.5055,0.7311
2022,Monsoon,RH-I,Kheda,Kapadvanj,74.7377,78.4836,3.7459,7.7982,0.771
2022,Monsoon,RH-I,Kheda,Kathlal,76.4672,78.4836,2.0164,8.2859,0.7448
2022,Monsoon,RH-I,Kheda,Kheda,74.3115,78.4836,4.1721,7.8223,0.7847
2022,Monsoon,RH-I,Kheda,Mahudha,76.3607,78.4836,2.123,7.8422,0.7181
2022,Monsoon,RH-I,Kheda,Matar,74.2705,78.4836,4.2131,7.8584,0.7842
2022,Monsoon,RH-I,Kheda,Mehmedabad,74.2787,78.4836,4.2049,7.914,0.7779
2022,Monsoon,RH-I,Kheda,Nadiad,75.377,78.4836,3.1066,7.4652,0.7685
2022,Monsoon,RH-I,Kheda,Thasra,74.2049,78.4836,4.2787,8.1683,0.7439
2022,Monsoon,RH-I,Kheda,Vaso,75.3852,78.4836,3.0984,7.4603,0.7686
2022,Monsoon,RH-I,Mahisagar,Balasinor,74.3197,78.582,4.2623,8.1129,0.7812
2022,Monsoon,RH-I,Mahisagar,Kadana,73.3361,78.582,5.2459,8.7563,0.7997
2022,Monsoon,RH-I,Mahisagar,Khanpur,73.2869,78.582,5.2951,8.8457,0.7935
2022,Monsoon,RH-I,Mahisagar,Lunawada,74.959,78.582,3.623,7.9176,0.7989
2022,Monsoon,RH-I,Mahisagar,Santrampur,75.5492,78.582,3.0328,7.6125,0.8022
2022,Monsoon,RH-I,Mahisagar,Virpur,74.3852,78.582,4.1967,8.2879,0.7886
2022,Monsoon,RH-II,Anand,Anand,47.582,57.1311,9.5492,13.8105,0.7704
2022,Monsoon,RH-II,Anand,Anklav,47.9426,57.1311,9.1885,13.5171,0.7678
2022,Monsoon,RH-II,Anand,Borsad,48.3197,57.1311,8.8115,13.2612,0.7707
2022,Monsoon,RH-II,Anand,Khambhat,53.9098,57.1311,3.2213,10.6798,0.7369
2022,Monsoon,RH-II,Anand,Petlad,48.5492,57.1311,8.582,13.1844,0.7706
2022,Monsoon,RH-II,Anand,Sojitra,48.3525,57.1311,8.7787,13.3733,0.7676
2022,Monsoon,RH-II,Anand,Tarapur,47.8934,57.1311,9.2377,13.7056,0.7608
2022,Monsoon,RH-II,Anand,Umreth,45.9426,57.1311,11.1885,14.9959,0.7649
2022,Monsoon,RH-II,Kheda,Galteshwar,44.5902,56.3115,11.7213,16.8557,0.6909
2022,Monsoon,RH-II,Kheda,Kapadvanj,46.3197,56.3115,9.9918,15.4996,0.7161
2022,Monsoon,RH-II,Kheda,Kathlal,47.1721,56.3115,9.1393,15.2259,0.714
2022,Monsoon,RH-II,Kheda,Kheda,46.8361,56.3115,9.4754,15.6765,0.6842
2022,Monsoon,RH-II,Kheda,Mahudha,46.0574,56.3115,10.2541,16.0085,0.6948
2022,Monsoon,RH-II,Kheda,Matar,46.8361,56.3115,9.4754,15.6969,0.6816
2022,Monsoon,RH-II,Kheda,Mehmedabad,46.8525,56.3115,9.459,15.5094,0.6952
2022,Monsoon,RH-II,Kheda,Nadiad,47.3033,56.3115,9.0082,15.2458,0.6952
2022,Monsoon,RH-II,Kheda,Thasra,45.1311,56.3115,11.1803,16.4222,0.6975
2022,Monsoon,RH-II,Kheda,Vaso,47.7213,56.3115,8.5902,15.2019,0.6821
2022,Monsoon,RH-II,Mahisagar,Balasinor,45.4836,56.0492,10.5656,16.39,0.7095
2022,Monsoon,RH-II,Mahisagar,Kadana,44.5,56.0492,11.5492,16.3705,0.7551
2022,Monsoon,RH-II,Mahisagar,Khanpur,44.4508,56.0492,11.5984,16.5086,0.7484
2022,Monsoon,RH-II,Mahisagar,Lunawada,46.1967,56.0492,9.8525,15.6504,0.7358
2022,Monsoon,RH-II,Mahisagar,Santrampur,46.4672,56.0492,9.582,15.1941,0.7499
2022,Monsoon,RH-II,Mahisagar,Virpur,45.7705,56.0492,10.2787,15.9327,0.7328
2022,Monsoon,Wind,Anand,Anand,16.0902,17.973,1.8828,3.8327,0.8038
2022,Monsoon,Wind,Anand,Anklav,16.4344,17.973,1.5385,3.5308,0.822
2022,Monsoon,Wind,Anand,Borsad,16.3197,17.973,1.6533,3.652,0.8137
2022,Monsoon,Wind,Anand,Khambhat,19.2049,17.973,-1.232,3.7639,0.7848
2022,Monsoon,Wind,Anand,Petlad,16.2049,17.973,1.768,3.7359,0.8083
2022,Monsoon,Wind,Anand,Sojitra,16.1393,17.973,1.8336,3.7873,0.8047
2022,Monsoon,Wind,Anand,Tarapur,16.918,17.973,1.0549,3.5371,0.797
2022,Monsoon,Wind,Anand,Umreth,17.0492,17.973,0.9238,3.5771,0.7952
2022,Monsoon,Wind,Kheda,Galteshwar,17.4672,16.559,-0.9082,3.2901,0.8253
2022,Monsoon,Wind,Kheda,Kapadvanj,15.9508,16.559,0.6082,3.1558,0.8193
2022,Monsoon,Wind,Kheda,Kathlal,14.1516,16.559,2.4074,4.1924,0.7703
2022,Monsoon,Wind,Kheda,Kheda,15.2336,16.559,1.3254,3.4239,0.8095
2022,Monsoon,Wind,Kheda,Mahudha,14.9836,16.559,1.5754,3.7728,0.7711
2022,Monsoon,Wind,Kheda,Matar,15.3484,16.559,1.2107,3.3871,0.8089
2022,Monsoon,Wind,Kheda,Mehmedabad,15.0779,16.559,1.4811,3.4301,0.8179
2022,Monsoon,Wind,Kheda,Nadiad,15.4344,16.559,1.1246,3.287,0.8202
2022,Monsoon,Wind,Kheda,Thasra,17.1025,16.559,-0.5434,3.1613,0.8277
2022,Monsoon,Wind,Kheda,Vaso,15.4467,16.559,1.1123,3.3422,0.8113
2022,Monsoon,Wind,Mahisagar,Balasinor,16.9098,17.223,0.3131,2.7702,0.8659
2022,Monsoon,Wind,Mahisagar,Kadana,17.582,17.223,-0.359,2.8909,0.8571
2022,Monsoon,Wind,Mahisagar,Khanpur,17.1844,17.223,0.0385,2.7077,0.8692
2022,Monsoon,Wind,Mahisagar,Lunawada,16.0984,17.223,1.1246,2.8071,0.8816
2022,Monsoon,Wind,Mahisagar,Santrampur,17.4959,17.223,-0.273,2.7835,0.8661
2022,Monsoon,Wind,Mahisagar,Virpur,16.3934,17.223,0.8295,2.7489,0.8768
2022,Post-monsoon,Rainfall,Anand,Anand,0.0,0.0,0.0,0.0,
2022,Post-monsoon,Rainfall,Anand,Anklav,0.0,0.0,0.0,0.0,
2022,Post-monsoon,Rainfall,Anand,Borsad,0.0,0.0,0.0,0.0,
2022,Post-monsoon,Rainfall,Anand,Khambhat,0.5,0.0,-0.5,0.0528,
2022,Post-monsoon,Rainfall,Anand,Petlad,0.2,0.0,-0.2,0.0256,
2022,Post-monsoon,Rainfall,Anand,Sojitra,0.2,0.0,-0.2,0.0256,
2022,Post-monsoon,Rainfall,Anand,Tarapur,0.4,0.0,-0.4,0.0512,
2022,Post-monsoon,Rainfall,Anand,Umreth,0.0,0.0,0.0,0.0,
2022,Post-monsoon,Rainfall,Kheda,Galteshwar,0.0,0.0,0.0,0.0,
2022,Post-monsoon,Rainfall,Kheda,Kapadvanj,0.2,0.0,-0.2,0.0256,
2022,Post-monsoon,Rainfall,Kheda,Kathlal,0.0,0.0,0.0,0.0,
2022,Post-monsoon,Rainfall,Kheda,Kheda,0.0,0.0,0.0,0.0,
2022,Post-monsoon,Rainfall,Kheda,Mahudha,0.0,0.0,0.0,0.0,
2022,Post-monsoon,Rainfall,Kheda,Matar,0.1,0.0,-0.1,0.0128,
2022,Post-monsoon,Rainfall,Kheda,Mehmedabad,0.1,0.0,-0.1,0.0128,
2022,Post-monsoon,Rainfall,Kheda,Nadiad,0.0,0.0,0.0,0.0,
2022,Post-monsoon,Rainfall,Kheda,Thasra,0.0,0.0,0.0,0.0,
2022,Post-monsoon,Rainfall,Kheda,Vaso,0.0,0.0,0.0,0.0,
2022,Post-monsoon,Rainfall,Mahisagar,Balasinor,0.4,0.0,-0.4,0.0512,
2022,Post-monsoon,Rainfall,Mahisagar,Kadana,0.6,0.0,-0.6,0.0543,
2022,Post-monsoon,Rainfall,Mahisagar,Khanpur,0.2,0.0,-0.2,0.0181,
2022,Post-monsoon,Rainfall,Mahisagar,Lunawada,1.1,0.0,-1.1,0.1408,
2022,Post-monsoon,Rainfall,Mahisagar,Santrampur,1.7,0.0,-1.7,0.1454,
2022,Post-monsoon,Rainfall,Mahisagar,Virpur,1.0,0.0,-1.0,0.128,
2022,Post-monsoon,Tmax,Anand,Anand,34.241,34.2787,0.0377,1.382,0.5948
2022,Post-monsoon,Tmax,Anand,Anklav,34.2066,34.2787,0.0721,1.3933,0.5768
2022,Post-monsoon,Tmax,Anand,Borsad,34.2213,34.2787,0.0574,1.3875,0.5839
2022,Post-monsoon,Tmax,Anand,Khambhat,34.1016,34.2787,0.177,1.3003,0.5981
2022,Post-monsoon,Tmax,Anand,Petlad,34.2377,34.2787,0.041,1.3943,0.5864
2022,Post-monsoon,Tmax,Anand,Sojitra,34.2393,34.2787,0.0393,1.3829,0.592
2022,Post-monsoon,Tmax,Anand,Tarapur,34.2279,34.2787,0.0508,1.3831,0.5806
2022,Post-monsoon,Tmax,Anand,Umreth,34.2754,34.2787,0.0033,1.3363,0.6098
2022,Post-monsoon,Tmax,Kheda,Galteshwar,34.2328,34.3443,0.1115,1.3569,0.586
2022,Post-monsoon,Tmax,Kheda,Kapadvanj,34.3525,34.3443,-0.0082,1.2802,0.6296
2022,Post-monsoon,Tmax,Kheda,Kathlal,32.2508,34.3443,2.0934,2.5343,0.6372
2022,Post-monsoon,Tmax,Kheda,Kheda,34.2295,34.3443,0.1148,1.3488,0.6034
2022,Post-monsoon,Tmax,Kheda,Mahudha,34.3574,34.3443,-0.0131,1.2992,0.6757
2022,Post-monsoon,Tmax,Kheda,Matar,34.2311,34.3443,0.1131,1.3548,0.5993
2022,Post-monsoon,Tmax,Kheda,Mehmedabad,34.2459,34.3443,0.0984,1.3351,0.613
2022,Post-monsoon,Tmax,Kheda,Nadiad,34.2443,34.3443,0.1,1.3855,0.5878
2022,Post-monsoon,Tmax,Kheda,Thasra,34.2508,34.3443,0.0934,1.3424,0.5969
2022,Post-monsoon,Tmax,Kheda,Vaso,34.241,34.3443,0.1033,1.4011,0.5778
2022,Post-monsoon,Tmax,Mahisagar,Balasinor,34.2295,34.1967,-0.0328,1.2733,0.6665
2022,Post-monsoon,Tmax,Mahisagar,Kadana,33.759,34.1967,0.4377,1.3858,0.6719
2022,Post-monsoon,Tmax,Mahisagar,Khanpur,34.0246,34.1967,0.1721,1.3741,0.6551
2022,Post-monsoon,Tmax,Mahisagar,Lunawada,34.1016,34.1967,0.0951,1.3614,0.6515
2022,Post-monsoon,Tmax,Mahisagar,Santrampur,33.6426,34.1967,0.5541,1.3673,0.6898
2022,Post-monsoon,Tmax,Mahisagar,Virpur,34.3033,34.1967,-0.1066,1.3522,0.6467
2022,Post-monsoon,Tmin,Anand,Anand,20.023,20.4918,0.4689,1.1389,0.9621
2022,Post-monsoon,Tmin,Anand,Anklav,20.1672,20.4918,0.3246,1.0206,0.9685
2022,Post-monsoon,Tmin,Anand,Borsad,20.0869,20.4918,0.4049,1.0661,0.9665
2022,Post-monsoon,Tmin,Anand,Khambhat,20.2607,20.4918,0.2311,0.9467,0.9714
2022,Post-monsoon,Tmin,Anand,Petlad,19.9623,20.4918,0.5295,1.1592,0.9625
2022,Post-monsoon,Tmin,Anand,Sojitra,19.9689,20.4918,0.523,1.1849,0.9597
2022,Post-monsoon,Tmin,Anand,Tarapur,19.9475,20.4918,0.5443,1.1903,0.9599
2022,Post-monsoon,Tmin,Anand,Umreth,20.041,20.4918,0.4508,1.1935,0.9564
2022,Post-monsoon,Tmin,Kheda,Galteshwar,19.9066,20.5082,0.6016,1.3351,0.9488
2022,Post-monsoon,Tmin,Kheda,Kapadvanj,20.3738,20.5082,0.1344,1.1832,0.9496
2022,Post-monsoon,Tmin,Kheda,Kathlal,18.1852,20.5082,2.323,2.6653,0.9377
2022,Post-monsoon,Tmin,Kheda,Kheda,20.2525,20.5082,0.2557,1.1936,0.9506
2022,Post-monsoon,Tmin,Kheda,Mahudha,20.3885,20.5082,0.1197,1.2779,0.9451
2022,Post-monsoon,Tmin,Kheda,Matar,20.2197,20.5082,0.2885,1.1996,0.9507
2022,Post-monsoon,Tmin,Kheda,Mehmedabad,20.4049,20.5082,0.1033,1.1812,0.9498
2022,Post-monsoon,Tmin,Kheda,Nadiad,20.1557,20.5082,0.3525,1.1866,0.9535
2022,Post-monsoon,Tmin,Kheda,Thasra,19.9672,20.5082,0.541,1.311,0.9483
2022,Post-monsoon,Tmin,Kheda,Vaso,20.0508,20.5082,0.4574,1.2067,0.9549
2022,Post-monsoon,Tmin,Mahisagar,Balasinor,19.8246,20.6393,0.8148,1.4159,0.946
2022,Post-monsoon,Tmin,Mahisagar,Kadana,18.9951,20.6393,1.6443,2.0595,0.9374
2022,Post-monsoon,Tmin,Mahisagar,Khanpur,19.3262,20.6393,1.3131,1.8072,0.9376
2022,Post-monsoon,Tmin,Mahisagar,Lunawada,19.2836,20.6393,1.3557,1.8016,0.9437
2022,Post-monsoon,Tmin,Mahisagar,Santrampur,18.7639,20.6393,1.8754,2.2117,0.9444
2022,Post-monsoon,Tmin,Mahisagar,Virpur,19.7623,20.6393,0.877,1.4927,0.9415
2022,Post-monsoon,RH-I,Anand,Anand,43.5574,43.377,-0.1803,6.3414,0.8583
2022,Post-monsoon,RH-I,Anand,Anklav,42.7213,43.377,0.6557,7.202,0.8411
2022,Post-monsoon,RH-I,Anand,Borsad,43.2459,43.377,0.1311,6.7435,0.8532
2022,Post-monsoon,RH-I,Anand,Khambhat,46.4918,43.377,-3.1148,5.7659,0.916
2022,Post-monsoon,RH-I,Anand,Petlad,43.5574,43.377,-0.1803,6.1123,0.8722
2022,Post-monsoon,RH-I,Anand,Sojitra,43.2951,43.377,0.082,5.8883,0.8788
2022,Post-monsoon,RH-I,Anand,Tarapur,42.8197,43.377,0.5574,5.513,0.8953
2022,Post-monsoon,RH-I,Anand,Umreth,43.7049,43.377,-0.3279,6.1137,0.8635
2022,Post-monsoon,RH-I,Kheda,Galteshwar,43.8197,42.8197,-1.0,5.1231,0.9077
2022,Post-monsoon,RH-I,Kheda,Kapadvanj,42.0164,42.8197,0.8033,5.7217,0.8882
2022,Post-monsoon,RH-I,Kheda,Kathlal,39.0328,42.8197,3.7869,8.4047,0.8093
2022,Post-monsoon,RH-I,Kheda,Kheda,42.459,42.8197,0.3607,5.68,0.8847
2022,Post-monsoon,RH-I,Kheda,Mahudha,41.623,42.8197,1.1967,7.2463,0.8252
2022,Post-monsoon,RH-I,Kheda,Matar,42.4262,42.8197,0.3934,5.6044,0.8884
2022,Post-monsoon,RH-I,Kheda,Mehmedabad,42.6066,42.8197,0.2131,5.8911,0.8742
2022,Post-monsoon,RH-I,Kheda,Nadiad,43.7377,42.8197,-0.918,5.5869,0.8885
2022,Post-monsoon,RH-I,Kheda,Thasra,43.7541,42.8197,-0.9344,5.2119,0.9037
2022,Post-monsoon,RH-I,Kheda,Vaso,43.623,42.8197,-0.8033,5.3546,0.8994
2022,Post-monsoon,RH-I,Mahisagar,Balasinor,42.6557,40.918,-1.7377,4.1449,0.9503
2022,Post-monsoon,RH-I,Mahisagar,Kadana,41.2131,40.918,-0.2951,5.3008,0.91
2022,Post-monsoon,RH-I,Mahisagar,Khanpur,40.1803,40.918,0.7377,5.29,0.9103
2022,Post-monsoon,RH-I,Mahisagar,Lunawada,41.3934,40.918,-0.4754,4.7718,0.9313
2022,Post-monsoon,RH-I,Mahisagar,Santrampur,42.6066,40.918,-1.6885,5.4487,0.9189
2022,Post-monsoon,RH-I,Mahisagar,Virpur,40.4426,40.918,0.4754,4.914,0.9228
2022,Post-monsoon,RH-II,Anand,Anand,24.8033,26.4918,1.6885,3.8304,0.8696
2022,Post-monsoon,RH-II,Anand,Anklav,24.8361,26.4918,1.6557,4.063,0.8533
2022,Post-monsoon,RH-II,Anand,Borsad,24.8197,26.4918,1.6721,4.0123,0.8565
2022,Post-monsoon,RH-II,Anand,Khambhat,33.6066,26.4918,-7.1148,7.9259,0.861
2022,Post-monsoon,RH-II,Anand,Petlad,24.623,26.4918,1.8689,4.1843,0.8558
2022,Post-monsoon,RH-II,Anand,Sojitra,24.3115,26.4918,2.1803,4.3739,0.8561
2022,Post-monsoon,RH-II,Anand,Tarapur,23.9016,26.4918,2.5902,4.6058,0.8551
2022,Post-monsoon,RH-II,Anand,Umreth,24.1475,26.4918,2.3443,3.8687,0.8926
2022,Post-monsoon,RH-II,Kheda,Galteshwar,23.7049,23.3607,-0.3443,2.3851,0.9414
2022,Post-monsoon,RH-II,Kheda,Kapadvanj,21.9672,23.3607,1.3934,2.707,0.947
2022,Post-monsoon,RH-II,Kheda,Kathlal,20.7541,23.3607,2.6066,4.063,0.8989
2022,Post-monsoon,RH-II,Kheda,Kheda,23.7705,23.3607,-0.4098,3.0756,0.9175
2022,Post-monsoon,RH-II,Kheda,Mahudha,21.8852,23.3607,1.4754,3.4641,0.9027
2022,Post-monsoon,RH-II,Kheda,Matar,23.7541,23.3607,-0.3934,3.0515,0.9187
2022,Post-monsoon,RH-II,Kheda,Mehmedabad,23.6557,23.3607,-0.2951,2.8226,0.9293
2022,Post-monsoon,RH-II,Kheda,Nadiad,24.2459,23.3607,-0.8852,2.9808,0.9197
2022,Post-monsoon,RH-II,Kheda,Thasra,23.4918,23.3607,-0.1311,2.3329,0.9431
2022,Post-monsoon,RH-II,Kheda,Vaso,24.3443,23.3607,-0.9836,3.2188,0.9106
2022,Post-monsoon,RH-II,Mahisagar,Balasinor,21.6721,20.5738,-1.0984,2.4394,0.9503
2022,Post-monsoon,RH-II,Mahisagar,Kadana,19.5574,20.5738,1.0164,2.4158,0.9489
2022,Post-monsoon,RH-II,Mahisagar,Khanpur,19.0164,20.5738,1.5574,2.6208,0.9527
2022,Post-monsoon,RH-II,Mahisagar,Lunawada,19.918,20.5738,0.6557,2.1116,0.9579
2022,Post-monsoon,RH-II,Mahisagar,Santrampur,20.7377,20.5738,-0.1639,2.2028,0.9492
2022,Post-monsoon,RH-II,Mahisagar,Virpur,19.4754,20.5738,1.0984,2.2507,0.9604
2022,Post-monsoon,Wind,Anand,Anand,8.623,9.5459,0.923,1.5115,0.9061
2022,Post-monsoon,Wind,Anand,Anklav,8.8525,9.5459,0.6934,1.4118,0.9006
2022,Post-monsoon,Wind,Anand,Borsad,8.7541,9.5459,0.7918,1.3849,0.9163
2022,Post-monsoon,Wind,Anand,Khambhat,9.9344,9.5459,-0.3885,1.4428,0.8967
2022,Post-monsoon,Wind,Anand,Petlad,8.9508,9.5459,0.5951,1.2802,0.9183
2022,Post-monsoon,Wind,Anand,Sojitra,9.0656,9.5459,0.4803,1.212,0.922
2022,Post-monsoon,Wind,Anand,Tarapur,9.4262,9.5459,0.1197,1.2363,0.9005
2022,Post-monsoon,Wind,Anand,Umreth,8.5738,9.5459,0.9721,1.6678,0.8868
2022,Post-monsoon,Wind,Kheda,Galteshwar,8.459,8.9115,0.4525,1.2706,0.9184
2022,Post-monsoon,Wind,Kheda,Kapadvanj,9.3934,8.9115,-0.482,1.3695,0.8788
2022,Post-monsoon,Wind,Kheda,Kathlal,7.7049,8.9115,1.2066,2.5725,0.5549
2022,Post-monsoon,Wind,Kheda,Kheda,9.2131,8.9115,-0.3016,1.2201,0.8966
2022,Post-monsoon,Wind,Kheda,Mahudha,8.459,8.9115,0.4525,1.9087,0.7286
2022,Post-monsoon,Wind,Kheda,Matar,9.2131,8.9115,-0.3016,1.2623,0.8888
2022,Post-monsoon,Wind,Kheda,Mehmedabad,9.0656,8.9115,-0.1541,1.2385,0.8878
2022,Post-monsoon,Wind,Kheda,Nadiad,8.7705,8.9115,0.141,1.1418,0.9071
2022,Post-monsoon,Wind,Kheda,Thasra,8.4754,8.9115,0.4361,1.2057,0.9218
2022,Post-monsoon,Wind,Kheda,Vaso,9.0328,8.9115,-0.1213,1.1112,0.9104
2022,Post-monsoon,Wind,Mahisagar,Balasinor,8.6393,9.2525,0.6131,1.2927,0.9184
2022,Post-monsoon,Wind,Mahisagar,Kadana,8.8689,9.2525,0.3836,1.47,0.866
2022,Post-monsoon,Wind,Mahisagar,Khanpur,9.2623,9.2525,-0.0098,1.213,0.9071
2022,Post-monsoon,Wind,Mahisagar,Lunawada,8.9344,9.2525,0.318,1.0399,0.9338
2022,Post-monsoon,Wind,Mahisagar,Santrampur,8.8525,9.2525,0.4,1.3742,0.8853
2022,Post-monsoon,Wind,Mahisagar,Virpur,9.4754,9.2525,-0.223,1.1463,0.919
2023,All,Rainfall,Anand,Anand,701.4,1519.0,817.6,8.3421,0.7743
2023,All,Rainfall,Anand,Anklav,724.3,1519.0,794.7,8.3342,0.765
2023,All,Rainfall,Anand,Borsad,807.4,1519.0,711.6,7.8954,0.7899
2023,All,Rainfall,Anand,Khambhat,1033.4,1519.0,485.6,7.7212,0.7754
2023,All,Rainfall,Anand,Petlad,905.5,1519.0,613.5,7.5214,0.8025
2023,All,Rainfall,Anand,Sojitra,916.8,1519.0,602.2,7.3628,0.8135
2023,All,Rainfall,Anand,Tarapur,942.6,1519.0,576.4,7.1076,0.8241
2023,All,Rainfall,Anand,Umreth,510.0,1519.0,1009.0,9.2936,0.7459
2023,All,Rainfall,Kheda,Galteshwar,398.0,1539.0,1141.0,9.8342,0.6422
2023,All,Rainfall,Kheda,Kapadvanj,759.6,1539.0,779.4,8.4396,0.7065
2023,All,Rainfall,Kheda,Kathlal,521.2,1539.0,1017.8,9.5758,0.623
2023,All,Rainfall,Kheda,Kheda,748.5,1539.0,790.5,8.2649,0.7239
2023,All,Rainfall,Kheda,Mahudha,488.9,1539.0,1050.1,9.5705,0.6225
2023,All,Rainfall,Kheda,Matar,769.0,1539.0,770.0,8.1802,0.729
2023,All,Rainfall,Kheda,Mehmedabad,712.8,1539.0,826.2,8.4368,0.7122
2023,All,Rainfall,Kheda,Nadiad,793.4,1539.0,745.6,8.2921,0.7131
2023,All,Rainfall,Kheda,Thasra,519.2,1539.0,1019.8,9.2517,0.6837
2023,All,Rainfall,Kheda,Vaso,868.7,1539.0,670.3,8.1567,0.7167
2023,All,Rainfall,Mahisagar,Balasinor,651.6,1270.0,618.4,6.5505,0.7308
2023,All,Rainfall,Mahisagar,Kadana,727.7,1270.0,542.3,6.1233,0.7592
2023,All,Rainfall,Mahisagar,Khanpur,600.6,1270.0,669.4,6.4691,0.7474
2023,All,Rainfall,Mahisagar,Lunawada,716.2,1270.0,553.8,6.4639,0.7283
2023,All,Rainfall,Mahisagar,Santrampur,958.9,1270.0,311.1,5.7997,0.7821
2023,All,Rainfall,Mahisagar,Virpur,652.7,1270.0,617.3,6.6349,0.7184
2023,All,Tmax,Anand,Anand,33.906,34.2984,0.3923,1.8043,0.8987
2023,All,Tmax,Anand,Anklav,33.8553,34.2984,0.443,1.8188,0.8985
2023,All,Tmax,Anand,Borsad,33.8896,34.2984,0.4088,1.8363,0.895
2023,All,Tmax,Anand,Khambhat,33.96,34.2984,0.3384,1.8533,0.8885
2023,All,Tmax,Anand,Petlad,33.9216,34.2984,0.3767,1.8524,0.8919
2023,All,Tmax,Anand,Sojitra,33.9427,34.2984,0.3556,1.8426,0.8917
2023,All,Tmax,Anand,Tarapur,33.9488,34.2984,0.3496,1.8712,0.8879
2023,All,Tmax,Anand,Umreth,33.8718,34.2984,0.4266,1.7615,0.9044
2023,All,Tmax,Kheda,Galteshwar,33.814,34.326,0.5121,1.7838,0.9041
2023,All,Tmax,Kheda,Kapadvanj,33.8915,34.326,0.4345,1.7588,0.9055
2023,All,Tmax,Kheda,Kathlal,31.3479,34.326,2.9781,3.6164,0.8725
2023,All,Tmax,Kheda,Kheda,33.9345,34.326,0.3915,1.8346,0.8933
2023,All,Tmax,Kheda,Mahudha,33.8395,34.326,0.4866,1.9975,0.8897
2023,All,Tmax,Kheda,Matar,33.9373,34.326,0.3888,1.8389,0.8926
2023,All,Tmax,Kheda,Mehmedabad,33.9099,34.326,0.4162,1.8291,0.8957
2023,All,Tmax,Kheda,Nadiad,33.9052,34.326,0.4208,1.819,0.8963
2023,All,Tmax,Kheda,Thasra,33.8301,34.326,0.4959,1.782,0.9044
2023,All,Tmax,Kheda,Vaso,33.92,34.326,0.406,1.8505,0.892
2023,All,Tmax,Mahisagar,Balasinor,33.8288,34.3258,0.497,1.7677,0.9089
2023,All,Tmax,Mahisagar,Kadana,33.3474,34.3258,0.9784,2.1418,0.9086
2023,All,Tmax,Mahisagar,Khanpur,33.5734,34.3258,0.7523,1.9846,0.9099
2023,All,Tmax,Mahisagar,Lunawada,33.677,34.3258,0.6488,1.8829,0.9114
2023,All,Tmax,Mahisagar,Santrampur,33.2575,34.3258,1.0682,2.1789,0.9091
2023,All,Tmax,Mahisagar,Virpur,33.8356,34.3258,0.4901,1.8134,0.9106
2023,All,Tmin,Anand,Anand,22.1805,22.1762,-0.0044,1.6017,0.9489
2023,All,Tmin,Anand,Anklav,22.1611,22.1762,0.0151,1.6265,0.9468
2023,All,Tmin,Anand,Borsad,22.1882,22.1762,-0.0121,1.6036,0.9487
2023,All,Tmin,Anand,Khambhat,22.2562,22.1762,-0.08,1.4572,0.9568
2023,All,Tmin,Anand,Petlad,22.1737,22.1762,0.0025,1.57,0.951
2023,All,Tmin,Anand,Sojitra,22.1811,22.1762,-0.0049,1.5407,0.9526
2023,All,Tmin,Anand,Tarapur,22.1458,22.1762,0.0304,1.5112,0.954
2023,All,Tmin,Anand,Umreth,22.1797,22.1762,-0.0036,1.6153,0.9469
2023,All,Tmin,Kheda,Galteshwar,22.0101,22.2329,0.2227,1.6393,0.9458
2023,All,Tmin,Kheda,Kapadvanj,22.2625,22.2329,-0.0296,1.6018,0.9474
2023,All,Tmin,Kheda,Kathlal,19.4485,22.2329,2.7844,3.277,0.9374
2023,All,Tmin,Kheda,Kheda,22.2726,22.2329,-0.0397,1.5398,0.9518
2023,All,Tmin,Kheda,Mahudha,21.9997,22.2329,0.2332,1.6554,0.9452
2023,All,Tmin,Kheda,Matar,22.2493,22.2329,-0.0164,1.5383,0.952
2023,All,Tmin,Kheda,Mehmedabad,22.3389,22.2329,-0.106,1.5158,0.9532
2023,All,Tmin,Kheda,Nadiad,22.249,22.2329,-0.0162,1.5946,0.9498
2023,All,Tmin,Kheda,Thasra,22.0542,22.2329,0.1786,1.6251,0.9465
2023,All,Tmin,Kheda,Vaso,22.2033,22.2329,0.0296,1.5722,0.9514
2023,All,Tmin,Mahisagar,Balasinor,21.849,22.1449,0.2959,1.708,0.9399
2023,All,Tmin,Mahisagar,Kadana,21.0655,22.1449,1.0795,2.0438,0.9305
2023,All,Tmin,Mahisagar,Khanpur,21.391,22.1449,0.754,1.8786,0.932
2023,All,Tmin,Mahisagar,Lunawada,21.3093,22.1449,0.8356,1.8914,0.9358
2023,All,Tmin,Mahisagar,Santrampur,20.7726,22.1449,1.3723,2.1995,0.9329
2023,All,Tmin,Mahisagar,Virpur,21.6945,22.1449,0.4504,1.7446,0.9364
2023,All,RH-I,Anand,Anand,54.5699,54.5616,-0.0082,4.2975,0.9759
2023,All,RH-I,Anand,Anklav,53.3863,54.5616,1.1753,4.8819,0.9725
2023,All,RH-I,Anand,Borsad,54.2192,54.5616,0.3425,4.4176,0.9755
2023,All,RH-I,Anand,Khambhat,57.3644,54.5616,-2.8027,5.3658,0.9724
2023,All,RH-I,Anand,Petlad,54.9041,54.5616,-0.3425,4.1969,0.9773
2023,All,RH-I,Anand,Sojitra,55.0192,54.5616,-0.4575,4.3507,0.9749
2023,All,RH-I,Anand,Tarapur,54.5726,54.5616,-0.011,4.3862,0.9734
2023,All,RH-I,Anand,Umreth,54.3288,54.5616,0.2329,4.6461,0.9708
2023,All,RH-I,Kheda,Galteshwar,53.8466,53.6767,-0.1699,4.9866,0.9688
2023,All,RH-I,Kheda,Kapadvanj,53.6521,53.6767,0.0247,4.6479,0.9733
2023,All,RH-I,Kheda,Kathlal,53.7808,53.6767,-0.1041,6.6888,0.9521
2023,All,RH-I,Kheda,Kheda,54.4712,53.6767,-0.7945,5.2006,0.967
2023,All,RH-I,Kheda,Mahudha,55.9151,53.6767,-2.2384,6.9651,0.9452
2023,All,RH-I,Kheda,Matar,54.4384,53.6767,-0.7616,5.2059,0.9669
2023,All,RH-I,Kheda,Mehmedabad,54.2795,53.6767,-0.6027,5.4752,0.9628
2023,All,RH-I,Kheda,Nadiad,55.2384,53.6767,-1.5616,5.0249,0.9714
2023,All,RH-I,Kheda,Thasra,54.1096,53.6767,-0.4329,4.7795,0.9716
2023,All,RH-I,Kheda,Vaso,55.2575,53.6767,-1.5808,5.2319,0.9688
2023,All,RH-I,Mahisagar,Balasinor,53.1068,52.0329,-1.074,5.2159,0.9753
2023,All,RH-I,Mahisagar,Kadana,50.8575,52.0329,1.1753,5.2035,0.9737
2023,All,RH-I,Mahisagar,Khanpur,50.5151,52.0329,1.5178,5.0096,0.9767
2023,All,RH-I,Mahisagar,Lunawada,51.6274,52.0329,0.4055,4.5432,0.9791
2023,All,RH-I,Mahisagar,Santrampur,52.189,52.0329,-0.1562,5.0202,0.9743
2023,All,RH-I,Mahisagar,Virpur,51.3452,52.0329,0.6877,4.5652,0.9792
2023,All,RH-II,Anand,Anand,29.9836,33.2055,3.2219,5.8553,0.9605
2023,All,RH-II,Anand,Anklav,30.011,33.2055,3.1945,5.8745,0.9604
2023,All,RH-II,Anand,Borsad,30.2301,33.2055,2.9753,5.681,0.962
2023,All,RH-II,Anand,Khambhat,38.4384,33.2055,-5.2329,7.2931,0.959
2023,All,RH-II,Anand,Petlad,30.3178,33.2055,2.8877,5.5778,0.9626
2023,All,RH-II,Anand,Sojitra,30.1699,33.2055,3.0356,5.6287,0.9625
2023,All,RH-II,Anand,Tarapur,30.0,33.2055,3.2055,5.6573,0.9627
2023,All,RH-II,Anand,Umreth,29.4027,33.2055,3.8027,6.5187,0.9524
2023,All,RH-II,Kheda,Galteshwar,29.0082,30.4164,1.4082,5.0699,0.9637
2023,All,RH-II,Kheda,Kapadvanj,29.0274,30.4164,1.389,4.9394,0.966
2023,All,RH-II,Kheda,Kathlal,29.4767,30.4164,0.9397,5.6309,0.9565
2023,All,RH-II,Kheda,Kheda,29.5644,30.4164,0.8521,4.6596,0.968
2023,All,RH-II,Kheda,Mahudha,29.6384,30.4164,0.7781,5.2148,0.9589
2023,All,RH-II,Kheda,Matar,29.5479,30.4164,0.8685,4.7111,0.9673
2023,All,RH-II,Kheda,Mehmedabad,29.4219,30.4164,0.9945,4.7181,0.9674
2023,All,RH-II,Kheda,Nadiad,29.9644,30.4164,0.4521,4.4337,0.9701
2023,All,RH-II,Kheda,Thasra,29.2219,30.4164,1.1945,4.8799,0.9655
2023,All,RH-II,Kheda,Vaso,30.0575,30.4164,0.3589,4.5321,0.9686
2023,All,RH-II,Mahisagar,Balasinor,28.726,29.2055,0.4795,5.0518,0.9655
2023,All,RH-II,Mahisagar,Kadana,27.8137,29.2055,1.3918,5.1652,0.9659
2023,All,RH-II,Mahisagar,Khanpur,27.6356,29.2055,1.5699,5.1346,0.9671
2023,All,RH-II,Mahisagar,Lunawada,28.1918,29.2055,1.0137,4.9302,0.9682
2023,All,RH-II,Mahisagar,Santrampur,28.7671,29.2055,0.4384,4.8619,0.9682
2023,All,RH-II,Mahisagar,Virpur,28.0795,29.2055,1.126,4.9355,0.9683
2023,All,Wind,Anand,Anand,13.4137,14.6386,1.2249,2.4568,0.9324
2023,All,Wind,Anand,Anklav,13.7945,14.6386,0.8441,2.2406,0.9356
2023,All,Wind,Anand,Borsad,13.7233,14.6386,0.9153,2.2233,0.9383
2023,All,Wind,Anand,Khambhat,15.674,14.6386,-1.0353,2.4442,0.9397
2023,All,Wind,Anand,Petlad,13.6767,14.6386,0.9619,2.2537,0.9373
2023,All,Wind,Anand,Sojitra,13.7836,14.6386,0.8551,2.2104,0.9372
2023,All,Wind,Anand,Tarapur,14.3425,14.6386,0.2962,2.0872,0.9373
2023,All,Wind,Anand,Umreth,13.8301,14.6386,0.8085,2.5839,0.9229
2023,All,Wind,Kheda,Galteshwar,14.0123,13.9685,-0.0438,2.6786,0.9215
2023,All,Wind,Kheda,Kapadvanj,14.1247,13.9685,-0.1562,2.1052,0.9283
2023,All,Wind,Kheda,Kathlal,12.2384,13.9685,1.7301,3.2027,0.875
2023,All,Wind,Kheda,Kheda,13.5493,13.9685,0.4192,2.0764,0.9307
2023,All,Wind,Kheda,Mahudha,13.1288,13.9685,0.8397,2.6175,0.8944
2023,All,Wind,Kheda,Matar,13.6452,13.9685,0.3233,2.0443,0.9321
2023,All,Wind,Kheda,Mehmedabad,13.437,13.9685,0.5315,2.0308,0.9354
2023,All,Wind,Kheda,Nadiad,13.3219,13.9685,0.6466,2.1401,0.9309
2023,All,Wind,Kheda,Thasra,13.9822,13.9685,-0.0137,2.4459,0.9267
2023,All,Wind,Kheda,Vaso,13.4863,13.9685,0.4822,2.1438,0.9281
2023,All,Wind,Mahisagar,Balasinor,14.1644,14.7934,0.629,2.4902,0.9267
2023,All,Wind,Mahisagar,Kadana,14.6466,14.7934,0.1468,2.4185,0.9252
2023,All,Wind,Mahisagar,Khanpur,14.7479,14.7934,0.0455,2.2061,0.9322
2023,All,Wind,Mahisagar,Lunawada,14.011,14.7934,0.7825,2.326,0.9306
2023,All,Wind,Mahisagar,Santrampur,14.537,14.7934,0.2564,2.44,0.9241
2023,All,Wind,Mahisagar,Virpur,14.5096,14.7934,0.2838,2.1525,0.9321
2023,Winter,Rainfall,Anand,Anand,0.6,0.0,-0.6,0.0394,
2023,Winter,Rainfall,Anand,Anklav,0.0,0.0,0.0,0.0,
2023,Winter,Rainfall,Anand,Borsad,0.4,0.0,-0.4,0.0258,
2023,Winter,Rainfall,Anand,Khambhat,0.0,0.0,0.0,0.0,
2023,Winter,Rainfall,Anand,Petlad,0.4,0.0,-0.4,0.0258,
2023,Winter,Rainfall,Anand,Sojitra,0.2,0.0,-0.2,0.0149,
2023,Winter,Rainfall,Anand,Tarapur,0.0,0.0,0.0,0.0,
2023,Winter,Rainfall,Anand,Umreth,0.7,0.0,-0.7,0.0408,
2023,Winter,Rainfall,Kheda,Galteshwar,0.0,1.0,1.0,0.1054,
2023,Winter,Rainfall,Kheda,Kapadvanj,3.7,1.0,-2.7,0.2593,-0.0187
2023,Winter,Rainfall,Kheda,Kathlal,0.7,1.0,0.3,0.1179,-0.0158
2023,Winter,Rainfall,Kheda,Kheda,1.4,1.0,-0.4,0.1406,-0.018
2023,Winter,Rainfall,Kheda,Mahudha,0.0,1.0,1.0,0.1054,
2023,Winter,Rainfall,Kheda,Matar,1.0,1.0,0.0,0.1238,-0.0184
2023,Winter,Rainfall,Kheda,Mehmedabad,0.0,1.0,1.0,0.1054,
2023,Winter,Rainfall,Kheda,Nadiad,1.2,1.0,-0.2,0.1317,-0.0182
2023,Winter,Rainfall,Kheda,Thasra,1.5,1.0,-0.5,0.1354,-0.0212
2023,Winter,Rainfall,Kheda,Vaso,0.6,1.0,0.4,0.1125,-0.0182
2023,Winter,Rainfall,Mahisagar,Balasinor,2.7,2.0,-0.7,0.2554,-0.0226
2023,Winter,Rainfall,Mahisagar,Kadana,1.3,2.0,0.7,0.2111,0.1376
2023,Winter,Rainfall,Mahisagar,Khanpur,1.5,2.0,0.5,0.2263,-0.0219
2023,Winter,Rainfall,Mahisagar,Lunawada,4.4,2.0,-2.4,0.313,-0.0229
2023,Winter,Rainfall,Mahisagar,Santrampur,4.0,2.0,-2.0,0.3109,-0.021
2023,Winter,Rainfall,Mahisagar,Virpur,2.8,2.0,-0.8,0.2654,-0.0208
2023,Winter,Tmax,Anand,Anand,29.5756,30.9778,1.4022,2.6907,0.7191
2023,Winter,Tmax,Anand,Anklav,29.4822,30.9778,1.4956,2.7073,0.7234
2023,Winter,Tmax,Anand,Borsad,29.4911,30.9778,1.4867,2.7507,0.7122
2023,Winter,Tmax,Anand,Khambhat,29.38,30.9778,1.5978,2.7536,0.7198
2023,Winter,Tmax,Anand,Petlad,29.5389,30.9778,1.4389,2.7517,0.7063
2023,Winter,Tmax,Anand,Sojitra,29.5967,30.9778,1.3811,2.7067,0.7111
2023,Winter,Tmax,Anand,Tarapur,29.5789,30.9778,1.3989,2.7228,0.7081
2023,Winter,Tmax,Anand,Umreth,29.6756,30.9778,1.3022,2.6391,0.7225
2023,Winter,Tmax,Kheda,Galteshwar,29.6922,30.9333,1.2411,2.6714,0.7209
2023,Winter,Tmax,Kheda,Kapadvanj,29.7844,30.9333,1.1489,2.5564,0.7434
2023,Winter,Tmax,Kheda,Kathlal,26.6344,30.9333,4.2989,4.8359,0.7603
2023,Winter,Tmax,Kheda,Kheda,29.6833,30.9333,1.25,2.6943,0.717
2023,Winter,Tmax,Kheda,Mahudha,29.1589,30.9333,1.7744,2.8803,0.7496
2023,Winter,Tmax,Kheda,Matar,29.6767,30.9333,1.2567,2.6978,0.7158
2023,Winter,Tmax,Kheda,Mehmedabad,29.6667,30.9333,1.2667,2.7051,0.7183
2023,Winter,Tmax,Kheda,Nadiad,29.6822,30.9333,1.2511,2.6816,0.7187
2023,Winter,Tmax,Kheda,Thasra,29.6978,30.9333,1.2356,2.6705,0.7225
2023,Winter,Tmax,Kheda,Vaso,29.6533,30.9333,1.28,2.7067,0.715
2023,Winter,Tmax,Mahisagar,Balasinor,29.6533,31.1,1.4467,2.603,0.7644
2023,Winter,Tmax,Mahisagar,Kadana,28.8478,31.1,2.2522,3.1767,0.765
2023,Winter,Tmax,Mahisagar,Khanpur,29.1467,31.1,1.9533,2.9094,0.7791
2023,Winter,Tmax,Mahisagar,Lunawada,29.3522,31.1,1.7478,2.7308,0.7858
2023,Winter,Tmax,Mahisagar,Santrampur,28.7578,31.1,2.3422,3.2354,0.7646
2023,Winter,Tmax,Mahisagar,Virpur,29.4956,31.1,1.6044,2.6529,0.7815
2023,Winter,Tmin,Anand,Anand,14.8933,15.5444,0.6511,1.5886,0.8498
2023,Winter,Tmin,Anand,Anklav,14.9189,15.5444,0.6256,1.5793,0.8486
2023,Winter,Tmin,Anand,Borsad,14.9144,15.5444,0.63,1.5762,0.8506
2023,Winter,Tmin,Anand,Khambhat,15.0378,15.5444,0.5067,1.3715,0.8813
2023,Winter,Tmin,Anand,Petlad,14.8856,15.5444,0.6589,1.5833,0.8513
2023,Winter,Tmin,Anand,Sojitra,14.9022,15.5444,0.6422,1.561,0.8546
2023,Winter,Tmin,Anand,Tarapur,14.9078,15.5444,0.6367,1.5293,0.8607
2023,Winter,Tmin,Anand,Umreth,14.9611,15.5444,0.5833,1.576,0.8465
2023,Winter,Tmin,Kheda,Galteshwar,14.9178,15.7,0.7822,1.7344,0.8125
2023,Winter,Tmin,Kheda,Kapadvanj,15.1356,15.7,0.5644,1.5689,0.827
2023,Winter,Tmin,Kheda,Kathlal,12.5444,15.7,3.1556,3.4971,0.8482
2023,Winter,Tmin,Kheda,Kheda,15.1067,15.7,0.5933,1.6042,0.8217
2023,Winter,Tmin,Kheda,Mahudha,14.8922,15.7,0.8078,1.7327,0.8515
2023,Winter,Tmin,Kheda,Matar,15.0844,15.7,0.6156,1.6195,0.8206
2023,Winter,Tmin,Kheda,Mehmedabad,15.1644,15.7,0.5356,1.4496,0.8473
2023,Winter,Tmin,Kheda,Nadiad,15.0067,15.7,0.6933,1.6802,0.8122
2023,Winter,Tmin,Kheda,Thasra,14.94,15.7,0.76,1.7086,0.8136
2023,Winter,Tmin,Kheda,Vaso,14.9756,15.7,0.7244,1.6832,0.8167
2023,Winter,Tmin,Mahisagar,Balasinor,14.7833,15.6222,0.8389,1.7082,0.8229
2023,Winter,Tmin,Mahisagar,Kadana,14.5033,15.6222,1.1189,1.9013,0.8297
2023,Winter,Tmin,Mahisagar,Khanpur,14.8111,15.6222,0.8111,1.7026,0.8354
2023,Winter,Tmin,Mahisagar,Lunawada,14.5089,15.6222,1.1133,1.8099,0.8413
2023,Winter,Tmin,Mahisagar,Santrampur,14.0744,15.6222,1.5478,2.1493,0.8328
2023,Winter,Tmin,Mahisagar,Virpur,14.9189,15.6222,0.7033,1.5832,0.8435
2023,Winter,RH-I,Anand,Anand,41.9556,41.5889,-0.3667,3.9819,0.9488
2023,Winter,RH-I,Anand,Anklav,39.6222,41.5889,1.9667,4.7993,0.9363
2023,Winter,RH-I,Anand,Borsad,41.1556,41.5889,0.4333,4.1727,0.9448
2023,Winter,RH-I,Anand,Khambhat,44.7889,41.5889,-3.2,5.8689,0.9122
2023,Winter,RH-I,Anand,Petlad,42.4556,41.5889,-0.8667,4.2687,0.9458
2023,Winter,RH-I,Anand,Sojitra,43.0667,41.5889,-1.4778,4.6774,0.9394
2023,Winter,RH-I,Anand,Tarapur,42.9556,41.5889,-1.3667,4.8978,0.9309
2023,Winter,RH-I,Anand,Umreth,42.2889,41.5889,-0.7,4.0483,0.9482
2023,Winter,RH-I,Kheda,Galteshwar,41.7778,40.2333,-1.5444,4.7621,0.9373
2023,Winter,RH-I,Kheda,Kapadvanj,40.6,40.2333,-0.3667,3.9651,0.9516
2023,Winter,RH-I,Kheda,Kathlal,38.9,40.2333,1.3333,4.9777,0.9303
2023,Winter,RH-I,Kheda,Kheda,42.8222,40.2333,-2.5889,6.0249,0.9083
2023,Winter,RH-I,Kheda,Mahudha,42.8667,40.2333,-2.6333,6.7979,0.8854
2023,Winter,RH-I,Kheda,Matar,42.7667,40.2333,-2.5333,6.024,0.9074
2023,Winter,RH-I,Kheda,Mehmedabad,41.8222,40.2333,-1.5889,6.9194,0.8493
2023,Winter,RH-I,Kheda,Nadiad,43.3889,40.2333,-3.1556,5.7812,0.928
2023,Winter,RH-I,Kheda,Thasra,42.1111,40.2333,-1.8778,4.7058,0.9423
2023,Winter,RH-I,Kheda,Vaso,43.2778,40.2333,-3.0444,6.0259,0.9179
2023,Winter,RH-I,Mahisagar,Balasinor,40.0222,36.5667,-3.4556,5.5187,0.9428
2023,Winter,RH-I,Mahisagar,Kadana,38.0889,36.5667,-1.5222,4.1593,0.9551
2023,Winter,RH-I,Mahisagar,Khanpur,36.9667,36.5667,-0.4,3.5621,0.961
2023,Winter,RH-I,Mahisagar,Lunawada,37.7222,36.5667,-1.1556,3.9833,0.9561
2023,Winter,RH-I,Mahisagar,Santrampur,39.2222,36.5667,-2.6556,5.1994,0.9438
2023,Winter,RH-I,Mahisagar,Virpur,37.1333,36.5667,-0.5667,3.6317,0.9596
2023,Winter,RH-II,Anand,Anand,21.4444,25.0556,3.6111,4.7854,0.9535
2023,Winter,RH-II,Anand,Anklav,21.0222,25.0556,4.0333,4.943,0.9602
2023,Winter,RH-II,Anand,Borsad,21.3556,25.0556,3.7,4.7364,0.9574
2023,Winter,RH-II,Anand,Khambhat,30.8556,25.0556,-5.8,6.6466,0.9367
2023,Winter,RH-II,Anand,Petlad,21.7444,25.0556,3.3111,4.5607,0.9514
2023,Winter,RH-II,Anand,Sojitra,21.8667,25.0556,3.1889,4.5105,0.9481
2023,Winter,RH-II,Anand,Tarapur,21.9444,25.0556,3.1111,4.4522,0.9453
2023,Winter,RH-II,Anand,Umreth,20.9667,25.0556,4.0889,5.3479,0.9413
2023,Winter,RH-II,Kheda,Galteshwar,20.6444,21.4,0.7556,3.7801,0.9319
2023,Winter,RH-II,Kheda,Kapadvanj,19.2,21.4,2.2,3.8326,0.9453
2023,Winter,RH-II,Kheda,Kathlal,18.3,21.4,3.1,4.866,0.9166
2023,Winter,RH-II,Kheda,Kheda,21.3889,21.4,0.0111,3.5793,0.9287
2023,Winter,RH-II,Kheda,Mahudha,20.5,21.4,0.9,3.837,0.9177
2023,Winter,RH-II,Kheda,Matar,21.4222,21.4,-0.0222,3.624,0.927
2023,Winter,RH-II,Kheda,Mehmedabad,20.5333,21.4,0.8667,3.9497,0.9129
2023,Winter,RH-II,Kheda,Nadiad,21.5222,21.4,-0.1222,3.3615,0.943
2023,Winter,RH-II,Kheda,Thasra,20.6333,21.4,0.7667,3.6923,0.9345
2023,Winter,RH-II,Kheda,Vaso,21.7778,21.4,-0.3778,3.4254,0.94
2023,Winter,RH-II,Mahisagar,Balasinor,18.9778,18.6444,-0.3333,3.8959,0.9219
2023,Winter,RH-II,Mahisagar,Kadana,18.0667,18.6444,0.5778,3.2283,0.9442
2023,Winter,RH-II,Mahisagar,Khanpur,17.4667,18.6444,1.1778,3.4254,0.9411
2023,Winter,RH-II,Mahisagar,Lunawada,17.4556,18.6444,1.1889,3.7491,0.9313
2023,Winter,RH-II,Mahisagar,Santrampur,18.7222,18.6444,-0.0778,3.3615,0.9417
2023,Winter,RH-II,Mahisagar,Virpur,17.3222,18.6444,1.3222,3.4944,0.9417
2023,Winter,Wind,Anand,Anand,11.2778,12.4278,1.15,1.9206,0.917
2023,Winter,Wind,Anand,Anklav,11.4667,12.4278,0.9611,1.8693,0.9089
2023,Winter,Wind,Anand,Borsad,11.4444,12.4278,0.9833,1.7644,0.9235
2023,Winter,Wind,Anand,Khambhat,13.0111,12.4278,-0.5833,1.53,0.9335
2023,Winter,Wind,Anand,Petlad,11.4889,12.4278,0.9389,1.7084,0.9282
2023,Winter,Wind,Anand,Sojitra,11.6556,12.4278,0.7722,1.547,0.9383
2023,Winter,Wind,Anand,Tarapur,11.9333,12.4278,0.4944,1.4113,0.939
2023,Winter,Wind,Anand,Umreth,11.0333,12.4278,1.3944,2.2491,0.9072
2023,Winter,Wind,Kheda,Galteshwar,10.5333,12.0578,1.5244,2.3346,0.9066
2023,Winter,Wind,Kheda,Kapadvanj,12.1,12.0578,-0.0422,1.7363,0.8955
2023,Winter,Wind,Kheda,Kathlal,9.4556,12.0578,2.6022,3.5143,0.7558
2023,Winter,Wind,Kheda,Kheda,11.5333,12.0578,0.5244,1.5964,0.9085
2023,Winter,Wind,Kheda,Mahudha,10.5111,12.0578,1.5467,2.6699,0.8074
2023,Winter,Wind,Kheda,Matar,11.5556,12.0578,0.5022,1.6334,0.9025
2023,Winter,Wind,Kheda,Mehmedabad,11.5556,12.0578,0.5022,1.5027,0.9197
2023,Winter,Wind,Kheda,Nadiad,11.3889,12.0578,0.6689,1.6818,0.9073
2023,Winter,Wind,Kheda,Thasra,10.9333,12.0578,1.1244,2.0278,0.9113
2023,Winter,Wind,Kheda,Vaso,11.4444,12.0578,0.6133,1.6239,0.9089
2023,Winter,Wind,Mahisagar,Balasinor,11.4111,12.8911,1.48,2.2694,0.9137
2023,Winter,Wind,Mahisagar,Kadana,11.8111,12.8911,1.08,2.0326,0.8998
2023,Winter,Wind,Mahisagar,Khanpur,12.6111,12.8911,0.28,1.8928,0.9046
2023,Winter,Wind,Mahisagar,Lunawada,11.8111,12.8911,1.08,2.1568,0.9027
2023,Winter,Wind,Mahisagar,Santrampur,11.5111,12.8911,1.38,2.1778,0.8989
2023,Winter,Wind,Mahisagar,Virpur,12.7889,12.8911,0.1022,1.8947,0.9032
2023,Summer,Rainfall,Anand,Anand,11.1,39.0,27.9,1.6311,0.3812
2023,Summer,Rainfall,Anand,Anklav,2.9,39.0,36.1,1.7858,-0.0489
2023,Summer,Rainfall,Anand,Borsad,9.2,39.0,29.8,1.675,0.3256
2023,Summer,Rainfall,Anand,Khambhat,11.0,39.0,28.0,1.7528,0.1351
2023,Summer,Rainfall,Anand,Petlad,12.3,39.0,26.7,1.6518,0.3385
2023,Summer,Rainfall,Anand,Sojitra,14.6,39.0,24.4,1.5967,0.4179
2023,Summer,Rainfall,Anand,Tarapur,16.4,39.0,22.6,1.6227,0.371
2023,Summer,Rainfall,Anand,Umreth,7.7,39.0,31.3,1.6905,0.2964
2023,Summer,Rainfall,Kheda,Galteshwar,5.5,39.0,33.5,2.0242,0.021
2023,Summer,Rainfall,Kheda,Kapadvanj,18.6,39.0,20.4,1.6098,0.6296
2023,Summer,Rainfall,Kheda,Kathlal,14.5,39.0,24.5,1.7275,0.5122
2023,Summer,Rainfall,Kheda,Kheda,18.5,39.0,20.5,1.5421,0.6746
2023,Summer,Rainfall,Kheda,Mahudha,14.3,39.0,24.7,1.604,0.7233
2023,Summer,Rainfall,Kheda,Matar,18.4,39.0,20.6,1.5813,0.6582
2023,Summer,Rainfall,Kheda,Mehmedabad,22.3,39.0,16.7,1.4108,0.7148
2023,Summer,Rainfall,Kheda,Nadiad,18.0,39.0,21.0,1.5297,0.6653
2023,Summer,Rainfall,Kheda,Thasra,8.0,39.0,31.0,1.9449,0.2593
2023,Summer,Rainfall,Kheda,Vaso,15.6,39.0,23.4,1.6879,0.5927
2023,Summer,Rainfall,Mahisagar,Balasinor,11.5,48.0,36.5,2.033,0.6165
2023,Summer,Rainfall,Mahisagar,Kadana,10.0,48.0,38.0,2.1057,0.5095
2023,Summer,Rainfall,Mahisagar,Khanpur,8.6,48.0,39.4,2.1614,0.4
2023,Summer,Rainfall,Mahisagar,Lunawada,6.3,48.0,41.7,2.2112,0.3068
2023,Summer,Rainfall,Mahisagar,Santrampur,12.9,48.0,35.1,2.0209,0.6086
2023,Summer,Rainfall,Mahisagar,Virpur,7.7,48.0,40.3,2.2182,0.2572
2023,Summer,Tmax,Anand,Anand,37.737,37.8587,0.1217,1.2165,0.9217
2023,Summer,Tmax,Anand,Anklav,37.6152,37.8587,0.2435,1.2346,0.9185
2023,Summer,Tmax,Anand,Borsad,37.6467,37.8587,0.212,1.2415,0.9179
2023,Summer,Tmax,Anand,Khambhat,37.6793,37.8587,0.1793,1.2352,0.9057
2023,Summer,Tmax,Anand,Petlad,37.7098,37.8587,0.1489,1.2613,0.9152
2023,Summer,Tmax,Anand,Sojitra,37.7478,37.8587,0.1109,1.2672,0.9131
2023,Summer,Tmax,Anand,Tarapur,37.7609,37.8587,0.0978,1.2855,0.9079
2023,Summer,Tmax,Anand,Umreth,37.8163,37.8587,0.0424,1.1368,0.9277
2023,Summer,Tmax,Kheda,Galteshwar,37.8043,37.9239,0.1196,1.1828,0.9194
2023,Summer,Tmax,Kheda,Kapadvanj,37.8967,37.9239,0.0272,1.2476,0.9181
2023,Summer,Tmax,Kheda,Kathlal,34.9283,37.9239,2.9957,3.2619,0.9242
2023,Summer,Tmax,Kheda,Kheda,37.8359,37.9239,0.088,1.3366,0.9049
2023,Summer,Tmax,Kheda,Mahudha,37.6554,37.9239,0.2685,1.4379,0.9181
2023,Summer,Tmax,Kheda,Matar,37.8315,37.9239,0.0924,1.3362,0.9048
2023,Summer,Tmax,Kheda,Mehmedabad,37.8522,37.9239,0.0717,1.3261,0.9084
2023,Summer,Tmax,Kheda,Nadiad,37.8022,37.9239,0.1217,1.3025,0.9116
2023,Summer,Tmax,Kheda,Thasra,37.8478,37.9239,0.0761,1.1796,0.9202
2023,Summer,Tmax,Kheda,Vaso,37.7815,37.9239,0.1424,1.3473,0.9052
2023,Summer,Tmax,Mahisagar,Balasinor,37.8728,37.8587,-0.0141,1.0955,0.9304
2023,Summer,Tmax,Mahisagar,Kadana,37.7272,37.8587,0.1315,1.1934,0.9341
2023,Summer,Tmax,Mahisagar,Khanpur,37.8359,37.8587,0.0228,1.1762,0.9327
2023,Summer,Tmax,Mahisagar,Lunawada,37.8707,37.8587,-0.012,1.1375,0.9308
2023,Summer,Tmax,Mahisagar,Santrampur,37.6783,37.8587,0.1804,1.1824,0.9349
2023,Summer,Tmax,Mahisagar,Virpur,37.9304,37.8587,-0.0717,1.1248,0.9324
2023,Summer,Tmin,Anand,Anand,23.8967,23.5761,-0.3207,1.8325,0.8529
2023,Summer,Tmin,Anand,Anklav,23.8272,23.5761,-0.2511,1.8756,0.8441
2023,Summer,Tmin,Anand,Borsad,23.8826,23.5761,-0.3065,1.8355,0.8519
2023,Summer,Tmin,Anand,Khambhat,23.937,23.5761,-0.3609,1.5769,0.8929
2023,Summer,Tmin,Anand,Petlad,23.8946,23.5761,-0.3185,1.7765,0.862
2023,Summer,Tmin,Anand,Sojitra,23.9435,23.5761,-0.3674,1.7418,0.8689
2023,Summer,Tmin,Anand,Tarapur,23.9152,23.5761,-0.3391,1.687,0.8764
2023,Summer,Tmin,Anand,Umreth,23.9054,23.5761,-0.3293,1.8765,0.8455
2023,Summer,Tmin,Kheda,Galteshwar,23.7565,23.5326,-0.2239,1.8544,0.8425
2023,Summer,Tmin,Kheda,Kapadvanj,24.0859,23.5326,-0.5533,1.9162,0.8446
2023,Summer,Tmin,Kheda,Kathlal,20.9293,23.5326,2.6033,3.279,0.8141
2023,Summer,Tmin,Kheda,Kheda,24.1315,23.5326,-0.5989,1.7676,0.87
2023,Summer,Tmin,Kheda,Mahudha,23.6576,23.5326,-0.125,1.796,0.8509
2023,Summer,Tmin,Kheda,Matar,24.1043,23.5326,-0.5717,1.7438,0.8726
2023,Summer,Tmin,Kheda,Mehmedabad,24.2065,23.5326,-0.6739,1.8165,0.8663
2023,Summer,Tmin,Kheda,Nadiad,24.0674,23.5326,-0.5348,1.8184,0.8592
2023,Summer,Tmin,Kheda,Thasra,23.825,23.5326,-0.2924,1.8408,0.8464
2023,Summer,Tmin,Kheda,Vaso,24.0261,23.5326,-0.4935,1.7561,0.8678
2023,Summer,Tmin,Mahisagar,Balasinor,23.5989,23.5761,-0.0228,1.8843,0.8395
2023,Summer,Tmin,Mahisagar,Kadana,23.1478,23.5761,0.4283,1.9741,0.8293
2023,Summer,Tmin,Mahisagar,Khanpur,23.3674,23.5761,0.2087,1.9589,0.8262
2023,Summer,Tmin,Mahisagar,Lunawada,23.212,23.5761,0.3641,1.9679,0.832
2023,Summer,Tmin,Mahisagar,Santrampur,22.888,23.5761,0.688,2.028,0.835
2023,Summer,Tmin,Mahisagar,Virpur,23.5196,23.5761,0.0565,1.9574,0.8267
2023,Summer,RH-I,Anand,Anand,43.1304,44.5217,1.3913,4.7388,0.9539
2023,Summer,RH-I,Anand,Anklav,42.25,44.5217,2.2717,5.677,0.9382
2023,Summer,RH-I,Anand,Borsad,42.9674,44.5217,1.5543,4.9288,0.9492
2023,Summer,RH-I,Anand,Khambhat,49.2609,44.5217,-4.7391,6.2537,0.9577
2023,Summer,RH-I,Anand,Petlad,43.6304,44.5217,0.8913,4.3213,0.9583
2023,Summer,RH-I,Anand,Sojitra,43.587,44.5217,0.9348,4.3813,0.9555
2023,Summer,RH-I,Anand,Tarapur,43.3587,44.5217,1.163,4.3477,0.9547
2023,Summer,RH-I,Anand,Umreth,42.5,44.5217,2.0217,5.2977,0.9453
2023,Summer,RH-I,Kheda,Galteshwar,41.7609,41.9565,0.1957,5.6105,0.9303
2023,Summer,RH-I,Kheda,Kapadvanj,41.6304,41.9565,0.3261,5.0798,0.9437
2023,Summer,RH-I,Kheda,Kathlal,41.8478,41.9565,0.1087,6.8493,0.9082
2023,Summer,RH-I,Kheda,Kheda,43.4565,41.9565,-1.5,5.6818,0.9323
2023,Summer,RH-I,Kheda,Mahudha,46.663,41.9565,-4.7065,8.3112,0.9065
2023,Summer,RH-I,Kheda,Matar,43.4891,41.9565,-1.5326,5.719,0.9311
2023,Summer,RH-I,Kheda,Mehmedabad,43.4348,41.9565,-1.4783,5.5658,0.9358
2023,Summer,RH-I,Kheda,Nadiad,43.4674,41.9565,-1.5109,5.4762,0.9385
2023,Summer,RH-I,Kheda,Thasra,41.7609,41.9565,0.1957,5.3487,0.9364
2023,Summer,RH-I,Kheda,Vaso,43.75,41.9565,-1.7935,5.8207,0.9312
2023,Summer,RH-I,Mahisagar,Balasinor,39.7283,37.7935,-1.9348,5.8179,0.9313
2023,Summer,RH-I,Mahisagar,Kadana,35.1087,37.7935,2.6848,5.8039,0.9386
2023,Summer,RH-I,Mahisagar,Khanpur,35.413,37.7935,2.3804,5.4881,0.9437
2023,Summer,RH-I,Mahisagar,Lunawada,36.5326,37.7935,1.2609,5.1752,0.9421
2023,Summer,RH-I,Mahisagar,Santrampur,36.2174,37.7935,1.5761,5.502,0.9357
2023,Summer,RH-I,Mahisagar,Virpur,37.0217,37.7935,0.7717,5.0184,0.9443
2023,Summer,RH-II,Anand,Anand,14.5326,18.5652,4.0326,4.8689,0.8813
2023,Summer,RH-II,Anand,Anklav,14.7717,18.5652,3.7935,4.6614,0.8872
2023,Summer,RH-II,Anand,Borsad,14.837,18.5652,3.7283,4.5885,0.8888
2023,Summer,RH-II,Anand,Khambhat,25.1522,18.5652,-6.587,7.0972,0.8898
2023,Summer,RH-II,Anand,Petlad,14.8913,18.5652,3.6739,4.5849,0.8801
2023,Summer,RH-II,Anand,Sojitra,14.8152,18.5652,3.75,4.6777,0.8746
2023,Summer,RH-II,Anand,Tarapur,15.1522,18.5652,3.413,4.4159,0.8752
2023,Summer,RH-II,Anand,Umreth,14.3804,18.5652,4.1848,5.0119,0.8802
2023,Summer,RH-II,Kheda,Galteshwar,14.2391,14.8696,0.6304,2.5452,0.9028
2023,Summer,RH-II,Kheda,Kapadvanj,13.9239,14.8696,0.9457,2.6064,0.9051
2023,Summer,RH-II,Kheda,Kathlal,14.3261,14.8696,0.5435,2.6043,0.9069
2023,Summer,RH-II,Kheda,Kheda,14.5435,14.8696,0.3261,2.8246,0.8715
2023,Summer,RH-II,Kheda,Mahudha,14.8696,14.8696,0.0,2.3774,0.9152
2023,Summer,RH-II,Kheda,Matar,14.5652,14.8696,0.3043,2.9192,0.8622
2023,Summer,RH-II,Kheda,Mehmedabad,14.5,14.8696,0.3696,2.7702,0.8781
2023,Summer,RH-II,Kheda,Nadiad,14.3913,14.8696,0.4783,2.8053,0.8757
2023,Summer,RH-II,Kheda,Thasra,14.2065,14.8696,0.663,2.5431,0.9026
2023,Summer,RH-II,Kheda,Vaso,14.5326,14.8696,0.337,2.8723,0.8674
2023,Summer,RH-II,Mahisagar,Balasinor,13.7065,13.7826,0.0761,2.4384,0.8999
2023,Summer,RH-II,Mahisagar,Kadana,12.9348,13.7826,0.8478,2.4583,0.9099
2023,Summer,RH-II,Mahisagar,Khanpur,12.9565,13.7826,0.8261,2.4672,0.9086
2023,Summer,RH-II,Mahisagar,Lunawada,13.0978,13.7826,0.6848,2.3521,0.9141
2023,Summer,RH-II,Mahisagar,Santrampur,13.3261,13.7826,0.4565,2.4002,0.9066
2023,Summer,RH-II,Mahisagar,Virpur,13.1522,13.7826,0.6304,2.2984,0.9176
2023,Summer,Wind,Anand,Anand,12.5217,14.1641,1.6424,2.4248,0.8919
2023,Summer,Wind,Anand,Anklav,13.1196,14.1641,1.0446,2.0088,0.9004
2023,Summer,Wind,Anand,Borsad,13.0978,14.1641,1.0663,2.0728,0.893
2023,Summer,Wind,Anand,Khambhat,15.0217,14.1641,-0.8576,2.1373,0.8738
2023,Summer,Wind,Anand,Petlad,13.1196,14.1641,1.0446,2.1039,0.8867
2023,Summer,Wind,Anand,Sojitra,13.3804,14.1641,0.7837,2.0446,0.8779
2023,Summer,Wind,Anand,Tarapur,14.0435,14.1641,0.1207,1.8456,0.8845
2023,Summer,Wind,Anand,Umreth,12.6522,14.1641,1.512,2.3112,0.9002
2023,Summer,Wind,Kheda,Galteshwar,13.0109,13.5739,0.563,1.8189,0.9162
2023,Summer,Wind,Kheda,Kapadvanj,13.9457,13.5739,-0.3717,1.5657,0.9282
2023,Summer,Wind,Kheda,Kathlal,13.1848,13.5739,0.3891,2.5706,0.8468
2023,Summer,Wind,Kheda,Kheda,13.3152,13.5739,0.2587,1.826,0.8955
2023,Summer,Wind,Kheda,Mahudha,13.913,13.5739,-0.3391,2.2979,0.8553
2023,Summer,Wind,Kheda,Matar,13.413,13.5739,0.1609,1.8309,0.8935
2023,Summer,Wind,Kheda,Mehmedabad,13.1957,13.5739,0.3783,1.8789,0.8916
2023,Summer,Wind,Kheda,Nadiad,12.663,13.5739,0.9109,1.9961,0.9035
2023,Summer,Wind,Kheda,Thasra,13.0326,13.5739,0.5413,1.6733,0.925
2023,Summer,Wind,Kheda,Vaso,13.0435,13.5739,0.5304,1.9252,0.8917
2023,Summer,Wind,Mahisagar,Balasinor,13.7935,14.9011,1.1076,1.8971,0.954
2023,Summer,Wind,Mahisagar,Kadana,14.4565,14.9011,0.4446,1.9151,0.9305
2023,Summer,Wind,Mahisagar,Khanpur,14.663,14.9011,0.238,1.6128,0.9481
2023,Summer,Wind,Mahisagar,Lunawada,14.087,14.9011,0.8141,1.7297,0.9527
2023,Summer,Wind,Mahisagar,Santrampur,14.413,14.9011,0.488,1.9349,0.9321
2023,Summer,Wind,Mahisagar,Virpur,14.5435,14.9011,0.3576,1.4377,0.961
2023,Monsoon,Rainfall,Anand,Anand,685.1,1461.0,775.9,14.3196,0.7295
2023,Monsoon,Rainfall,Anand,Anklav,705.8,1461.0,755.2,14.3072,0.7194
2023,Monsoon,Rainfall,Anand,Borsad,786.4,1461.0,674.6,13.5501,0.7455
2023,Monsoon,Rainfall,Anand,Khambhat,1010.4,1461.0,450.6,13.2395,0.7318
2023,Monsoon,Rainfall,Anand,Petlad,887.0,1461.0,574.0,12.8892,0.7587
2023,Monsoon,Rainfall,Anand,Sojitra,898.6,1461.0,562.4,12.6105,0.7718
2023,Monsoon,Rainfall,Anand,Tarapur,922.6,1461.0,538.4,12.163,0.7874
2023,Monsoon,Rainfall,Anand,Umreth,499.4,1461.0,961.6,15.9657,0.6996
2023,Monsoon,Rainfall,Kheda,Galteshwar,391.3,1487.0,1095.7,16.8861,0.5712
2023,Monsoon,Rainfall,Kheda,Kapadvanj,736.5,1487.0,750.5,14.4902,0.6341
2023,Monsoon,Rainfall,Kheda,Kathlal,505.0,1487.0,982.0,16.4606,0.5382
2023,Monsoon,Rainfall,Kheda,Kheda,726.3,1487.0,760.7,14.1952,0.6599
2023,Monsoon,Rainfall,Kheda,Mahudha,472.0,1487.0,1015.0,16.4639,0.5505
2023,Monsoon,Rainfall,Kheda,Matar,747.3,1487.0,739.7,14.0444,0.6653
2023,Monsoon,Rainfall,Kheda,Mehmedabad,689.1,1487.0,797.9,14.5037,0.647
2023,Monsoon,Rainfall,Kheda,Nadiad,772.6,1487.0,714.4,14.2423,0.6439
2023,Monsoon,Rainfall,Kheda,Thasra,508.7,1487.0,978.3,15.8773,0.6118
2023,Monsoon,Rainfall,Kheda,Vaso,850.7,1487.0,636.3,13.9935,0.6468
2023,Monsoon,Rainfall,Mahisagar,Balasinor,637.0,1200.0,563.0,11.0437,0.6658
2023,Monsoon,Rainfall,Mahisagar,Kadana,716.0,1200.0,484.0,10.274,0.7109
2023,Monsoon,Rainfall,Mahisagar,Khanpur,590.3,1200.0,609.7,10.8811,0.6971
2023,Monsoon,Rainfall,Mahisagar,Lunawada,705.5,1200.0,494.5,10.8612,0.6616
2023,Monsoon,Rainfall,Mahisagar,Santrampur,939.8,1200.0,260.2,9.717,0.7312
2023,Monsoon,Rainfall,Mahisagar,Virpur,641.4,1200.0,558.6,11.1695,0.652
2023,Monsoon,Tmax,Anand,Anand,33.7598,33.7123,-0.0475,1.5227,0.8332
2023,Monsoon,Tmax,Anand,Anklav,33.7787,33.7123,-0.0664,1.5451,0.8355
2023,Monsoon,Tmax,Anand,Borsad,33.8336,33.7123,-0.1213,1.5466,0.8308
2023,Monsoon,Tmax,Anand,Khambhat,34.0943,33.7123,-0.382,1.6583,0.8096
2023,Monsoon,Tmax,Anand,Petlad,33.8402,33.7123,-0.1279,1.5918,0.8173
2023,Monsoon,Tmax,Anand,Sojitra,33.8377,33.7123,-0.1254,1.6112,0.8109
2023,Monsoon,Tmax,Anand,Tarapur,33.8705,33.7123,-0.1582,1.677,0.7962
2023,Monsoon,Tmax,Anand,Umreth,33.559,33.7123,0.1533,1.4823,0.844
2023,Monsoon,Tmax,Kheda,Galteshwar,33.4557,33.7213,0.2656,1.5106,0.8451
2023,Monsoon,Tmax,Kheda,Kapadvanj,33.5549,33.7213,0.1664,1.532,0.8363
2023,Monsoon,Tmax,Kheda,Kathlal,31.6303,33.7213,2.091,2.9673,0.7196
2023,Monsoon,Tmax,Kheda,Kheda,33.7902,33.7213,-0.0689,1.561,0.823
2023,Monsoon,Tmax,Kheda,Mahudha,34.0328,33.7213,-0.3115,1.7506,0.8033
2023,Monsoon,Tmax,Kheda,Matar,33.8025,33.7213,-0.0811,1.5711,0.8206
2023,Monsoon,Tmax,Kheda,Mehmedabad,33.7311,33.7213,-0.0098,1.5253,0.8311
2023,Monsoon,Tmax,Kheda,Nadiad,33.7221,33.7213,-0.0008,1.5401,0.8288
2023,Monsoon,Tmax,Kheda,Thasra,33.468,33.7213,0.2533,1.5044,0.8454
2023,Monsoon,Tmax,Kheda,Vaso,33.7893,33.7213,-0.068,1.5925,0.8169
2023,Monsoon,Tmax,Mahisagar,Balasinor,33.4098,33.7615,0.3516,1.5812,0.8394
2023,Monsoon,Tmax,Mahisagar,Kadana,32.9,33.7615,0.8615,1.9859,0.8312
2023,Monsoon,Tmax,Mahisagar,Khanpur,33.1607,33.7615,0.6008,1.8377,0.8282
2023,Monsoon,Tmax,Mahisagar,Lunawada,33.232,33.7615,0.5295,1.7492,0.8311
2023,Monsoon,Tmax,Mahisagar,Santrampur,32.791,33.7615,0.9705,2.0318,0.8299
2023,Monsoon,Tmax,Mahisagar,Virpur,33.473,33.7615,0.2885,1.6542,0.8324
2023,Monsoon,Tmin,Anand,Anand,26.432,26.1664,-0.2656,1.1346,0.3947
2023,Monsoon,Tmin,Anand,Anklav,26.3754,26.1664,-0.209,1.1784,0.3459
2023,Monsoon,Tmin,Anand,Borsad,26.4311,26.1664,-0.2648,1.1614,0.3739
2023,Monsoon,Tmin,Anand,Khambhat,26.4623,26.1664,-0.2959,1.1263,0.3668
2023,Monsoon,Tmin,Anand,Petlad,26.4377,26.1664,-0.2713,1.1084,0.4155
2023,Monsoon,Tmin,Anand,Sojitra,26.4172,26.1664,-0.2508,1.0703,0.4398
2023,Monsoon,Tmin,Anand,Tarapur,26.3648,26.1664,-0.1984,1.0486,0.4378
2023,Monsoon,Tmin,Anand,Umreth,26.373,26.1664,-0.2066,1.1532,0.3531
2023,Monsoon,Tmin,Kheda,Galteshwar,26.1697,26.1393,-0.0303,1.1754,0.3065
2023,Monsoon,Tmin,Kheda,Kapadvanj,26.3984,26.1393,-0.259,1.1598,0.3533
2023,Monsoon,Tmin,Kheda,Kathlal,23.741,26.1393,2.3984,2.7796,0.0674
2023,Monsoon,Tmin,Kheda,Kheda,26.4164,26.1393,-0.277,1.0841,0.4383
2023,Monsoon,Tmin,Kheda,Mahudha,26.1566,26.1393,-0.0172,1.3063,0.1996
2023,Monsoon,Tmin,Kheda,Matar,26.3992,26.1393,-0.2598,1.0777,0.4376
2023,Monsoon,Tmin,Kheda,Mehmedabad,26.4639,26.1393,-0.3246,1.1164,0.4247
2023,Monsoon,Tmin,Kheda,Nadiad,26.4902,26.1393,-0.3508,1.1436,0.4091
2023,Monsoon,Tmin,Kheda,Thasra,26.2189,26.1393,-0.0795,1.1713,0.3129
2023,Monsoon,Tmin,Kheda,Vaso,26.4443,26.1393,-0.3049,1.0937,0.4368
2023,Monsoon,Tmin,Mahisagar,Balasinor,25.9,26.0402,0.1402,1.3368,0.2274
2023,Monsoon,Tmin,Mahisagar,Kadana,24.5082,26.0402,1.532,2.0348,0.275
2023,Monsoon,Tmin,Mahisagar,Khanpur,24.927,26.0402,1.1131,1.7398,0.2759
2023,Monsoon,Tmin,Mahisagar,Lunawada,25.0451,26.0402,0.9951,1.6879,0.2214
2023,Monsoon,Tmin,Mahisagar,Santrampur,24.2992,26.0402,1.741,2.2073,0.2453
2023,Monsoon,Tmin,Mahisagar,Virpur,25.468,26.0402,0.5721,1.4493,0.248
2023,Monsoon,RH-I,Anand,Anand,75.7295,74.8443,-0.8852,4.2792,0.8877
2023,Monsoon,RH-I,Anand,Anklav,75.3033,74.8443,-0.459,4.579,0.8633
2023,Monsoon,RH-I,Anand,Borsad,75.8115,74.8443,-0.9672,4.3889,0.8798
2023,Monsoon,RH-I,Anand,Khambhat,76.2377,74.8443,-1.3934,4.2945,0.8909
2023,Monsoon,RH-I,Anand,Petlad,76.1803,74.8443,-1.3361,4.1042,0.9045
2023,Monsoon,RH-I,Anand,Sojitra,76.0328,74.8443,-1.1885,3.966,0.9108
2023,Monsoon,RH-I,Anand,Tarapur,75.2377,74.8443,-0.3934,3.7548,0.9117
2023,Monsoon,RH-I,Anand,Umreth,74.9672,74.8443,-0.123,4.6226,0.8623
2023,Monsoon,RH-I,Kheda,Galteshwar,74.4098,75.2869,0.877,4.7658,0.8682
2023,Monsoon,RH-I,Kheda,Kapadvanj,75.6721,75.2869,-0.3852,4.232,0.8977
2023,Monsoon,RH-I,Kheda,Kathlal,78.4918,75.2869,-3.2049,6.4102,0.8263
2023,Monsoon,RH-I,Kheda,Kheda,74.8852,75.2869,0.4016,3.5747,0.928
2023,Monsoon,RH-I,Kheda,Mahudha,76.8279,75.2869,-1.541,5.5442,0.8246
2023,Monsoon,RH-I,Kheda,Matar,74.9016,75.2869,0.3852,3.6226,0.9257
2023,Monsoon,RH-I,Kheda,Mehmedabad,74.9754,75.2869,0.3115,3.6976,0.9219
2023,Monsoon,RH-I,Kheda,Nadiad,76.123,75.2869,-0.8361,4.1032,0.9057
2023,Monsoon,RH-I,Kheda,Thasra,74.9262,75.2869,0.3607,4.4574,0.8831
2023,Monsoon,RH-I,Kheda,Vaso,76.1803,75.2869,-0.8934,4.0721,0.9081
2023,Monsoon,RH-I,Mahisagar,Balasinor,75.3033,76.8852,1.582,4.2301,0.9264
2023,Monsoon,RH-I,Mahisagar,Kadana,75.3525,76.8852,1.5328,4.2281,0.9303
2023,Monsoon,RH-I,Mahisagar,Khanpur,75.2377,76.8852,1.6475,4.2397,0.9306
2023,Monsoon,RH-I,Mahisagar,Lunawada,76.2623,76.8852,0.623,3.8068,0.9374
2023,Monsoon,RH-I,Mahisagar,Santrampur,76.9754,76.8852,-0.0902,3.8165,0.937
2023,Monsoon,RH-I,Mahisagar,Virpur,75.9098,76.8852,0.9754,3.8951,0.9346
2023,Monsoon,RH-II,Anand,Anand,49.5902,51.959,2.3689,7.7645,0.8513
2023,Monsoon,RH-II,Anand,Anklav,50.0246,51.959,1.9344,7.7407,0.846
2023,Monsoon,RH-II,Anand,Borsad,50.2377,51.959,1.7213,7.4943,0.8545
2023,Monsoon,RH-II,Anand,Khambhat,55.123,51.959,-3.1639,7.8938,0.8576
2023,Monsoon,RH-II,Anand,Petlad,50.1066,51.959,1.8525,7.3763,0.8609
2023,Monsoon,RH-II,Anand,Sojitra,49.6721,51.959,2.2869,7.4619,0.8623
2023,Monsoon,RH-II,Anand,Tarapur,49.0902,51.959,2.8689,7.5574,0.8648
2023,Monsoon,RH-II,Anand,Umreth,48.418,51.959,3.541,8.8753,0.8206
2023,Monsoon,RH-II,Kheda,Galteshwar,47.7377,50.5246,2.7869,7.6104,0.8757
2023,Monsoon,RH-II,Kheda,Kapadvanj,49.3934,50.5246,1.1311,7.2902,0.8782
2023,Monsoon,RH-II,Kheda,Kathlal,51.1475,50.5246,-0.623,8.1351,0.8543
2023,Monsoon,RH-II,Kheda,Kheda,48.5492,50.5246,1.9754,6.8191,0.8957
2023,Monsoon,RH-II,Kheda,Mahudha,49.0574,50.5246,1.4672,7.9388,0.8539
2023,Monsoon,RH-II,Kheda,Matar,48.4672,50.5246,2.0574,6.8718,0.8945
2023,Monsoon,RH-II,Kheda,Mehmedabad,48.6803,50.5246,1.8443,6.8347,0.8941
2023,Monsoon,RH-II,Kheda,Nadiad,49.5738,50.5246,0.9508,6.4706,0.9002
2023,Monsoon,RH-II,Kheda,Thasra,48.3934,50.5246,2.1311,7.2688,0.8813
2023,Monsoon,RH-II,Kheda,Vaso,49.582,50.5246,0.9426,6.624,0.8948
2023,Monsoon,RH-II,Mahisagar,Balasinor,48.877,50.8197,1.9426,7.3869,0.892
2023,Monsoon,RH-II,Mahisagar,Kadana,48.6393,50.8197,2.1803,7.6865,0.8889
2023,Monsoon,RH-II,Mahisagar,Khanpur,48.4344,50.8197,2.3852,7.5948,0.8923
2023,Monsoon,RH-II,Mahisagar,Lunawada,49.6557,50.8197,1.1639,7.1929,0.8974
2023,Monsoon,RH-II,Mahisagar,Santrampur,50.3279,50.8197,0.4918,7.1483,0.8991
2023,Monsoon,RH-II,Mahisagar,Virpur,49.3033,50.8197,1.5164,7.3401,0.8931
2023,Monsoon,Wind,Anand,Anand,18.4508,19.5697,1.1189,3.128,0.866
2023,Monsoon,Wind,Anand,Anklav,18.8033,19.5697,0.7664,2.9117,0.8732
2023,Monsoon,Wind,Anand,Borsad,18.6885,19.5697,0.8811,2.8749,0.8812
2023,Monsoon,Wind,Anand,Khambhat,21.4918,19.5697,-1.9221,3.4295,0.8841
2023,Monsoon,Wind,Anand,Petlad,18.5328,19.5697,1.0369,2.9666,0.8784
2023,Monsoon,Wind,Anand,Sojitra,18.4836,19.5697,1.0861,2.9588,0.8831
2023,Monsoon,Wind,Anand,Tarapur,19.3033,19.5697,0.2664,2.8674,0.8775
2023,Monsoon,Wind,Anand,Umreth,19.6721,19.5697,-0.1025,3.3354,0.8376
2023,Monsoon,Wind,Kheda,Galteshwar,20.3197,18.4221,-1.8975,3.7659,0.8473
2023,Monsoon,Wind,Kheda,Kapadvanj,18.4426,18.4221,-0.0205,2.8959,0.8565
2023,Monsoon,Wind,Kheda,Kathlal,15.7377,18.4221,2.6844,3.9127,0.8509
2023,Monsoon,Wind,Kheda,Kheda,17.7951,18.4221,0.627,2.7889,0.8756
2023,Monsoon,Wind,Kheda,Mahudha,16.6885,18.4221,1.7336,3.1671,0.8688
2023,Monsoon,Wind,Kheda,Matar,17.9836,18.4221,0.4385,2.6966,0.8822
2023,Monsoon,Wind,Kheda,Mehmedabad,17.5984,18.4221,0.8238,2.7078,0.8844
2023,Monsoon,Wind,Kheda,Nadiad,17.8607,18.4221,0.5615,2.81,0.8712
2023,Monsoon,Wind,Kheda,Thasra,19.9016,18.4221,-1.4795,3.4803,0.8489
2023,Monsoon,Wind,Kheda,Vaso,17.9836,18.4221,0.4385,2.8699,0.8706
2023,Monsoon,Wind,Mahisagar,Balasinor,19.6475,19.0779,-0.5697,3.1264,0.8595
2023,Monsoon,Wind,Mahisagar,Kadana,20.0574,19.0779,-0.9795,3.1569,0.8548
2023,Monsoon,Wind,Mahisagar,Khanpur,19.4672,19.0779,-0.3893,2.9108,0.8625
2023,Monsoon,Wind,Mahisagar,Lunawada,18.5984,19.0779,0.4795,2.9449,0.8575
2023,Monsoon,Wind,Mahisagar,Santrampur,20.0164,19.0779,-0.9385,3.1125,0.8531
2023,Monsoon,Wind,Mahisagar,Virpur,18.7131,19.0779,0.3648,2.8522,0.8625
2023,Post-monsoon,Rainfall,Anand,Anand,4.6,19.0,14.4,1.5138,0.72
2023,Post-monsoon,Rainfall,Anand,Anklav,15.6,19.0,3.4,1.1876,0.7292
2023,Post-monsoon,Rainfall,Anand,Borsad,11.4,19.0,7.6,1.2489,0.7292
2023,Post-monsoon,Rainfall,Anand,Khambhat,12.0,19.0,7.0,1.2347,0.7292
2023,Post-monsoon,Rainfall,Anand,Petlad,5.8,19.0,13.2,1.4566,0.7219
2023,Post-monsoon,Rainfall,Anand,Sojitra,3.4,19.0,15.6,1.5747,0.7167
2023,Post-monsoon,Rainfall,Anand,Tarapur,3.6,19.0,15.4,1.5599,0.7292
2023,Post-monsoon,Rainfall,Anand,Umreth,2.2,19.0,16.8,1.639,0.7097
2023,Post-monsoon,Rainfall,Kheda,Galteshwar,1.2,12.0,10.8,1.4874,0.5236
2023,Post-monsoon,Rainfall,Kheda,Kapadvanj,0.8,12.0,11.2,1.499,0.5791
2023,Post-monsoon,Rainfall,Kheda,Kathlal,1.0,12.0,11.0,1.4996,0.4742
2023,Post-monsoon,Rainfall,Kheda,Kheda,2.3,12.0,9.7,1.4546,0.5001
2023,Post-monsoon,Rainfall,Kheda,Mahudha,2.6,12.0,9.4,1.4318,0.5415
2023,Post-monsoon,Rainfall,Kheda,Matar,2.3,12.0,9.7,1.4546,0.5001
2023,Post-monsoon,Rainfall,Kheda,Mehmedabad,1.4,12.0,10.6,1.4754,0.5562
2023,Post-monsoon,Rainfall,Kheda,Nadiad,1.6,12.0,10.4,1.4765,0.4932
2023,Post-monsoon,Rainfall,Kheda,Thasra,1.0,12.0,11.0,1.4996,0.4742
2023,Post-monsoon,Rainfall,Kheda,Vaso,1.8,12.0,10.2,1.4647,0.5236
2023,Post-monsoon,Rainfall,Mahisagar,Balasinor,0.4,20.0,19.6,2.5481,0.3933
2023,Post-monsoon,Rainfall,Mahisagar,Kadana,0.4,20.0,19.6,2.5481,0.3933
2023,Post-monsoon,Rainfall,Mahisagar,Khanpur,0.2,20.0,19.8,2.548,0.7012
2023,Post-monsoon,Rainfall,Mahisagar,Lunawada,0.0,20.0,20.0,2.5607,
2023,Post-monsoon,Rainfall,Mahisagar,Santrampur,2.2,20.0,17.8,2.4757,0.5017
2023,Post-monsoon,Rainfall,Mahisagar,Virpur,0.8,20.0,19.2,2.5229,0.5791
2023,Post-monsoon,Tmax,Anand,Anand,34.8098,35.0,0.1902,1.3885,0.8011
2023,Post-monsoon,Tmax,Anand,Anklav,34.7902,35.0,0.2098,1.3805,0.7962
2023,Post-monsoon,Tmax,Anand,Borsad,34.8246,35.0,0.1754,1.3804,0.7945
2023,Post-monsoon,Tmax,Anand,Khambhat,34.8393,35.0,0.1607,1.2502,0.8007
2023,Post-monsoon,Tmax,Anand,Petlad,34.8377,35.0,0.1623,1.3762,0.7967
2023,Post-monsoon,Tmax,Anand,Sojitra,34.8262,35.0,0.1738,1.3754,0.7935
2023,Post-monsoon,Tmax,Anand,Tarapur,34.8033,35.0,0.1967,1.3766,0.7876
2023,Post-monsoon,Tmax,Anand,Umreth,34.7393,35.0,0.2607,1.3948,0.799
2023,Post-monsoon,Tmax,Kheda,Galteshwar,34.5934,35.1148,0.5213,1.3551,0.8418
2023,Post-monsoon,Tmax,Kheda,Kapadvanj,34.5836,35.1148,0.5311,1.3513,0.84
2023,Post-monsoon,Tmax,Kheda,Kathlal,32.3377,35.1148,2.777,3.1772,0.768
2023,Post-monsoon,Tmax,Kheda,Kheda,34.6115,35.1148,0.5033,1.3645,0.8208
2023,Post-monsoon,Tmax,Kheda,Mahudha,34.6033,35.1148,0.5115,1.5453,0.8136
2023,Post-monsoon,Tmax,Kheda,Matar,34.6197,35.1148,0.4951,1.3656,0.8194
2023,Post-monsoon,Tmax,Kheda,Mehmedabad,34.582,35.1148,0.5328,1.3846,0.8246
2023,Post-monsoon,Tmax,Kheda,Nadiad,34.6246,35.1148,0.4902,1.3735,0.8286
2023,Post-monsoon,Tmax,Kheda,Thasra,34.5918,35.1148,0.523,1.3618,0.8392
2023,Post-monsoon,Tmax,Kheda,Vaso,34.6525,35.1148,0.4623,1.3679,0.8224
2023,Post-monsoon,Tmax,Mahisagar,Balasinor,34.7279,34.8852,0.1574,1.3747,0.8048
2023,Post-monsoon,Tmax,Mahisagar,Kadana,34.2754,34.8852,0.6098,1.589,0.7923
2023,Post-monsoon,Tmax,Mahisagar,Khanpur,34.5016,34.8852,0.3836,1.496,0.7962
2023,Post-monsoon,Tmax,Mahisagar,Lunawada,34.623,34.8852,0.2623,1.4628,0.7991
2023,Post-monsoon,Tmax,Mahisagar,Santrampur,34.1623,34.8852,0.723,1.6117,0.8022
2023,Post-monsoon,Tmax,Mahisagar,Virpur,34.7885,34.8852,0.0967,1.383,0.8076
2023,Post-monsoon,Tmin,Anand,Anand,21.841,21.8689,0.0279,1.997,0.7092
2023,Post-monsoon,Tmin,Anand,Anklav,21.9049,21.8689,-0.0361,2.0167,0.7202
2023,Post-monsoon,Tmin,Anand,Borsad,21.8787,21.8689,-0.0098,1.9859,0.7227
2023,Post-monsoon,Tmin,Anand,Khambhat,21.959,21.8689,-0.0902,1.9088,0.7447
2023,Post-monsoon,Tmin,Anand,Petlad,21.8033,21.8689,0.0656,1.9581,0.7222
2023,Post-monsoon,Tmin,Anand,Sojitra,21.7902,21.8689,0.0787,1.9343,0.7222
2023,Post-monsoon,Tmin,Anand,Tarapur,21.718,21.8689,0.1508,1.9295,0.7275
2023,Post-monsoon,Tmin,Anand,Umreth,21.841,21.8689,0.0279,1.9942,0.7027
2023,Post-monsoon,Tmin,Kheda,Galteshwar,21.5213,22.0984,0.577,1.9212,0.7583
2023,Post-monsoon,Tmin,Kheda,Kapadvanj,21.7557,22.0984,0.3426,1.869,0.7439
2023,Post-monsoon,Tmin,Kheda,Kathlal,18.8164,22.0984,3.282,3.8137,0.6944
2023,Post-monsoon,Tmin,Kheda,Kheda,21.7541,22.0984,0.3443,1.8241,0.7588
2023,Post-monsoon,Tmin,Kheda,Mahudha,21.6721,22.0984,0.4262,1.9206,0.7049
2023,Post-monsoon,Tmin,Kheda,Matar,21.723,22.0984,0.3754,1.8386,0.7602
2023,Post-monsoon,Tmin,Kheda,Mehmedabad,21.8574,22.0984,0.241,1.7827,0.755
2023,Post-monsoon,Tmin,Kheda,Nadiad,21.7098,22.0984,0.3885,1.8564,0.7582
2023,Post-monsoon,Tmin,Kheda,Thasra,21.5508,22.0984,0.5475,1.9079,0.7562
2023,Post-monsoon,Tmin,Kheda,Vaso,21.6361,22.0984,0.4623,1.8884,0.7606
2023,Post-monsoon,Tmin,Mahisagar,Balasinor,21.5328,21.8197,0.2869,2.0546,0.6849
2023,Post-monsoon,Tmin,Mahisagar,Kadana,20.7213,21.8197,1.0984,2.3458,0.6441
2023,Post-monsoon,Tmin,Mahisagar,Khanpur,21.0459,21.8197,0.7738,2.2357,0.6428
2023,Post-monsoon,Tmin,Mahisagar,Lunawada,21.0016,21.8197,0.818,2.2437,0.6665
2023,Post-monsoon,Tmin,Mahisagar,Santrampur,20.4115,21.8197,1.4082,2.4869,0.6627
2023,Post-monsoon,Tmin,Mahisagar,Virpur,21.3918,21.8197,0.4279,2.1294,0.6632
2023,Post-monsoon,RH-I,Anand,Anand,48.1148,48.2787,0.1639,4.0771,0.9612
2023,Post-monsoon,RH-I,Anand,Anklav,46.6557,48.2787,1.623,4.2523,0.9668
2023,Post-monsoon,RH-I,Anand,Borsad,47.2787,48.2787,1.0,3.9897,0.9661
2023,Post-monsoon,RH-I,Anand,Khambhat,50.3934,48.2787,-2.1148,5.0587,0.9555
2023,Post-monsoon,RH-I,Anand,Petlad,47.7213,48.2787,0.5574,4.0811,0.9615
2023,Post-monsoon,RH-I,Anand,Sojitra,47.8689,48.2787,0.4098,4.5358,0.9515
2023,Post-monsoon,RH-I,Anand,Tarapur,47.2951,48.2787,0.9836,4.7975,0.9476
2023,Post-monsoon,RH-I,Anand,Umreth,48.6557,48.2787,-0.377,4.463,0.9531
2023,Post-monsoon,RH-I,Kheda,Galteshwar,48.7541,47.9672,-0.7869,4.7356,0.9504
2023,Post-monsoon,RH-I,Kheda,Kapadvanj,47.0,47.9672,0.9672,5.5971,0.9317
2023,Post-monsoon,RH-I,Kheda,Kathlal,44.3115,47.9672,3.6557,8.8438,0.8441
2023,Post-monsoon,RH-I,Kheda,Kheda,47.4426,47.9672,0.5246,5.8338,0.9235
2023,Post-monsoon,RH-I,Kheda,Mahudha,47.2951,47.9672,0.6721,7.5128,0.8673
2023,Post-monsoon,RH-I,Kheda,Matar,47.2459,47.9672,0.7213,5.7488,0.9261
2023,Post-monsoon,RH-I,Kheda,Mehmedabad,47.623,47.9672,0.3443,5.8883,0.9219
2023,Post-monsoon,RH-I,Kheda,Nadiad,48.7049,47.9672,-0.7377,4.7821,0.9495
2023,Post-monsoon,RH-I,Kheda,Thasra,48.8033,47.9672,-0.8361,4.5969,0.9538
2023,Post-monsoon,RH-I,Kheda,Vaso,48.4426,47.9672,-0.4754,5.0942,0.9413
2023,Post-monsoon,RH-I,Mahisagar,Balasinor,48.1967,46.623,-1.5738,5.5692,0.9433
2023,Post-monsoon,RH-I,Mahisagar,Kadana,44.459,46.623,2.1639,7.0664,0.9188
2023,Post-monsoon,RH-I,Mahisagar,Khanpur,43.8361,46.623,2.7869,7.0757,0.9201
2023,Post-monsoon,RH-I,Mahisagar,Lunawada,45.6393,46.623,0.9836,5.5427,0.9408
2023,Post-monsoon,RH-I,Mahisagar,Santrampur,45.8361,46.623,0.7869,6.0109,0.9377
2023,Post-monsoon,RH-I,Mahisagar,Virpur,44.7869,46.623,1.8361,6.076,0.9339
2023,Post-monsoon,RH-II,Anand,Anand,26.6721,29.8033,3.1311,3.8772,0.9494
2023,Post-monsoon,RH-II,Anand,Anklav,26.2295,29.8033,3.5738,4.2233,0.9511
2023,Post-monsoon,RH-II,Anand,Borsad,26.5246,29.8033,3.2787,3.9918,0.9497
2023,Post-monsoon,RH-II,Anand,Khambhat,36.2951,29.8033,-6.4918,7.2451,0.9112
2023,Post-monsoon,RH-II,Anand,Petlad,26.6557,29.8033,3.1475,3.8666,0.9511
2023,Post-monsoon,RH-II,Anand,Sojitra,26.5738,29.8033,3.2295,3.8983,0.9539
2023,Post-monsoon,RH-II,Anand,Tarapur,26.0984,29.8033,3.7049,4.3154,0.9525
2023,Post-monsoon,RH-II,Anand,Umreth,26.4754,29.8033,3.3279,4.0791,0.9461
2023,Post-monsoon,RH-II,Kheda,Galteshwar,26.1639,26.9508,0.7869,2.6673,0.9484
2023,Post-monsoon,RH-II,Kheda,Kapadvanj,25.5738,26.9508,1.377,2.7876,0.9525
2023,Post-monsoon,RH-II,Kheda,Kathlal,25.4754,26.9508,1.4754,3.4924,0.9164
2023,Post-monsoon,RH-II,Kheda,Kheda,26.3115,26.9508,0.6393,2.4461,0.9573
2023,Post-monsoon,RH-II,Kheda,Mahudha,26.5574,26.9508,0.3934,2.535,0.9479
2023,Post-monsoon,RH-II,Kheda,Matar,26.2951,26.9508,0.6557,2.4761,0.9564
2023,Post-monsoon,RH-II,Kheda,Mehmedabad,26.5246,26.9508,0.4262,2.276,0.9613
2023,Post-monsoon,RH-II,Kheda,Nadiad,26.6885,26.9508,0.2623,2.3118,0.9597
2023,Post-monsoon,RH-II,Kheda,Thasra,26.1967,26.9508,0.7541,2.6364,0.9484
2023,Post-monsoon,RH-II,Kheda,Vaso,26.6393,26.9508,0.3115,2.3224,0.9585
2023,Post-monsoon,RH-II,Mahisagar,Balasinor,25.459,24.8197,-0.6393,3.4947,0.9115
2023,Post-monsoon,RH-II,Mahisagar,Kadana,22.9836,24.8197,1.8361,4.1211,0.898
2023,Post-monsoon,RH-II,Mahisagar,Khanpur,23.1803,24.8197,1.6393,3.9877,0.8998
2023,Post-monsoon,RH-II,Mahisagar,Lunawada,23.8689,24.8197,0.9508,3.5896,0.9095
2023,Post-monsoon,RH-II,Mahisagar,Santrampur,23.7541,24.8197,1.0656,3.7263,0.904
2023,Post-monsoon,RH-II,Mahisagar,Virpur,24.0164,24.8197,0.8033,3.4665,0.9136
2023,Post-monsoon,Wind,Anand,Anand,7.8361,8.7541,0.918,1.4961,0.8798
2023,Post-monsoon,Wind,Anand,Anklav,8.2295,8.7541,0.5246,1.3572,0.8642
2023,Post-monsoon,Wind,Anand,Borsad,8.0984,8.7541,0.6557,1.4047,0.8662
2023,Post-monsoon,Wind,Anand,Khambhat,8.9508,8.7541,-0.1967,1.3715,0.8435
2023,Post-monsoon,Wind,Anand,Petlad,8.0328,8.7541,0.7213,1.3451,0.8907
2023,Post-monsoon,Wind,Anand,Sojitra,8.1311,8.7541,0.623,1.3747,0.8695
2023,Post-monsoon,Wind,Anand,Tarapur,8.4262,8.7541,0.3279,1.2437,0.8753
2023,Post-monsoon,Wind,Anand,Umreth,8.0492,8.7541,0.7049,1.4763,0.86
2023,Post-monsoon,Wind,Kheda,Galteshwar,8.041,8.4754,0.4344,1.2394,0.8972
2023,Post-monsoon,Wind,Kheda,Kapadvanj,8.7459,8.4754,-0.2705,1.2656,0.8867
2023,Post-monsoon,Wind,Kheda,Kathlal,7.918,8.4754,0.5574,1.6029,0.8226
2023,Post-monsoon,Wind,Kheda,Kheda,8.3852,8.4754,0.0902,1.2059,0.8897
2023,Post-monsoon,Wind,Kheda,Mahudha,8.6885,8.4754,-0.2131,1.5667,0.8101
2023,Post-monsoon,Wind,Kheda,Matar,8.4016,8.4754,0.0738,1.2127,0.8879
2023,Post-monsoon,Wind,Kheda,Mehmedabad,8.2541,8.4754,0.2213,1.1644,0.9008
2023,Post-monsoon,Wind,Kheda,Nadiad,8.0902,8.4754,0.3852,1.1964,0.9028
2023,Post-monsoon,Wind,Kheda,Thasra,8.0738,8.4754,0.4016,1.1317,0.9154
2023,Post-monsoon,Wind,Kheda,Vaso,8.1721,8.4754,0.3033,1.2434,0.8887
2023,Post-monsoon,Wind,Mahisagar,Balasinor,7.8197,8.8689,1.0492,2.1283,0.7705
2023,Post-monsoon,Wind,Mahisagar,Kadana,8.2951,8.8689,0.5738,1.8544,0.7936
2023,Post-monsoon,Wind,Mahisagar,Khanpur,8.5902,8.8689,0.2787,1.7226,0.8109
2023,Post-monsoon,Wind,Mahisagar,Lunawada,7.9672,8.8689,0.9016,1.9109,0.8159
2023,Post-monsoon,Wind,Mahisagar,Santrampur,8.2295,8.8689,0.6393,1.8988,0.7866
2023,Post-monsoon,Wind,Mahisagar,Virpur,8.5902,8.8689,0.2787,1.7432,0.8053
All,All,Rainfall,Anand,Anand,834.0667,1963.4,1129.3333,11.281,0.7168
All,All,Rainfall,Anand,Anklav,864.0,1963.4,1099.4,11.0983,0.7267
All,All,Rainfall,Anand,Borsad,938.9,1963.4,1024.5,10.7254,0.7464
All,All,Rainfall,Anand,Khambhat,1068.5333,1963.4,894.8667,10.3791,0.7471
All,All,Rainfall,Anand,Petlad,1033.6333,1963.4,929.7667,10.325,0.7605
All,All,Rainfall,Anand,Sojitra,1051.4333,1963.4,911.9667,10.1378,0.7712
All,All,Rainfall,Anand,Tarapur,1040.6,1963.4,922.8,10.1569,0.7685
All,All,Rainfall,Anand,Umreth,645.3667,1963.4,1318.0333,12.2459,0.656
All,All,Rainfall,Kheda,Galteshwar,490.2333,2020.5,1530.2667,12.2726,0.645
All,All,Rainfall,Kheda,Kapadvanj,888.3333,2020.5,1132.1667,10.3288,0.7469
All,All,Rainfall,Kheda,Kathlal,662.4667,2020.5,1358.0333,11.7294,0.6825
All,All,Rainfall,Kheda,Kheda,867.7667,2020.5,1152.7333,10.1946,0.7632
All,All,Rainfall,Kheda,Mahudha,659.3667,2020.5,1361.1333,11.2293,0.7215
All,All,Rainfall,Kheda,Matar,881.2333,2020.5,1139.2667,10.1909,0.7611
All,All,Rainfall,Kheda,Mehmedabad,849.0333,2020.5,1171.4667,10.2366,0.7607
All,All,Rainfall,Kheda,Nadiad,893.7667,2020.5,1126.7333,10.3447,0.745
All,All,Rainfall,Kheda,Thasra,608.4,2020.5,1412.1,11.691,0.6821
All,All,Rainfall,Kheda,Vaso,975.8333,2020.5,1044.6667,10.1206,0.7489
All,All,Rainfall,Mahisagar,Balasinor,731.8667,1765.4,1033.5333,10.6454,0.6915
All,All,Rainfall,Mahisagar,Kadana,655.6333,1765.4,1109.7667,11.0541,0.6792
All,All,Rainfall,Mahisagar,Khanpur,590.0,1765.4,1175.4,11.2507,0.6815
All,All,Rainfall,Mahisagar,Lunawada,760.1,1765.4,1005.3,10.5405,0.7121
All,All,Rainfall,Mahisagar,Santrampur,897.4667,1765.4,867.9333,10.237,0.7074
All,All,Rainfall,Mahisagar,Virpur,717.3333,1765.4,1048.0667,10.6706,0.7051
All,All,Tmax,Anand,Anand,34.1141,34.2677,0.1536,1.7054,0.9127
All,All,Tmax,Anand,Anklav,34.0262,34.2677,0.2415,1.7018,0.9129
All,All,Tmax,Anand,Borsad,34.0663,34.2677,0.2014,1.709,0.9116
All,All,Tmax,Anand,Khambhat,34.0474,34.2677,0.2203,1.6662,0.9141
All,All,Tmax,Anand,Petlad,34.1092,34.2677,0.1584,1.7198,0.9104
All,All,Tmax,Anand,Sojitra,34.1382,34.2677,0.1295,1.7202,0.9105
All,All,Tmax,Anand,Tarapur,34.125,34.2677,0.1426,1.7279,0.9094
All,All,Tmax,Anand,Umreth,34.1194,34.2677,0.1483,1.6972,0.9141
All,All,Tmax,Kheda,Galteshwar,34.0744,34.3857,0.3112,1.758,0.9101
All,All,Tmax,Kheda,Kapadvanj,34.2188,34.3857,0.1668,1.7269,0.9138
All,All,Tmax,Kheda,Kathlal,32.1212,34.3857,2.2645,3.0527,0.89
All,All,Tmax,Kheda,Kheda,34.1996,34.3857,0.186,1.7453,0.911
All,All,Tmax,Kheda,Mahudha,34.2625,34.3857,0.1232,1.8446,0.9108
All,All,Tmax,Kheda,Matar,34.1957,34.3857,0.19,1.7442,0.9108
All,All,Tmax,Kheda,Mehmedabad,34.2111,34.3857,0.1746,1.7463,0.9116
All,All,Tmax,Kheda,Nadiad,34.1719,34.3857,0.2138,1.7543,0.9095
All,All,Tmax,Kheda,Thasra,34.1059,34.3857,0.2797,1.7518,0.9109
All,All,Tmax,Kheda,Vaso,34.1613,34.3857,0.2244,1.7677,0.9079
All,All,Tmax,Mahisagar,Balasinor,34.0887,34.2585,0.1699,1.7293,0.9131
All,All,Tmax,Mahisagar,Kadana,33.6661,34.2585,0.5924,1.9657,0.9117
All,All,Tmax,Mahisagar,Khanpur,33.8739,34.2585,0.3847,1.8725,0.9123
All,All,Tmax,Mahisagar,Lunawada,33.9308,34.2585,0.3278,1.8104,0.9135
All,All,Tmax,Mahisagar,Santrampur,33.5595,34.2585,0.6991,1.9836,0.9128
All,All,Tmax,Mahisagar,Virpur,34.0978,34.2585,0.1607,1.7697,0.9139
All,All,Tmin,Anand,Anand,21.9696,22.1005,0.1309,1.5266,0.9554
All,All,Tmin,Anand,Anklav,21.9521,22.1005,0.1483,1.5256,0.9545
All,All,Tmin,Anand,Borsad,21.9721,22.1005,0.1283,1.5151,0.9555
All,All,Tmin,Anand,Khambhat,22.0296,22.1005,0.0709,1.4273,0.9594
All,All,Tmin,Anand,Petlad,21.9584,22.1005,0.1421,1.5162,0.9561
All,All,Tmin,Anand,Sojitra,21.977,22.1005,0.1235,1.5181,0.9558
All,All,Tmin,Anand,Tarapur,21.9465,22.1005,0.154,1.5113,0.9563
All,All,Tmin,Anand,Umreth,21.9889,22.1005,0.1115,1.5403,0.9544
All,All,Tmin,Kheda,Galteshwar,21.8729,22.148,0.2752,1.5818,0.9525
All,All,Tmin,Kheda,Kapadvanj,22.1268,22.148,0.0213,1.5685,0.9522
All,All,Tmin,Kheda,Kathlal,19.6237,22.148,2.5244,3.1812,0.9266
All,All,Tmin,Kheda,Kheda,22.1136,22.148,0.0344,1.5218,0.9545
All,All,Tmin,Kheda,Mahudha,21.7867,22.148,0.3614,1.729,0.9438
All,All,Tmin,Kheda,Matar,22.0914,22.148,0.0566,1.5216,0.9546
All,All,Tmin,Kheda,Mehmedabad,22.1866,22.148,-0.0385,1.5134,0.955
All,All,Tmin,Kheda,Nadiad,22.0807,22.148,0.0673,1.5385,0.9543
All,All,Tmin,Kheda,Thasra,21.9181,22.148,0.23,1.5743,0.9527
All,All,Tmin,Kheda,Vaso,22.0321,22.148,0.116,1.5362,0.9545
All,All,Tmin,Mahisagar,Balasinor,21.7257,22.0936,0.3679,1.6334,0.95
All,All,Tmin,Mahisagar,Kadana,20.9679,22.0936,1.1257,2.0426,0.9384
All,All,Tmin,Mahisagar,Khanpur,21.263,22.0936,0.8306,1.8761,0.94
All,All,Tmin,Mahisagar,Lunawada,21.208,22.0936,0.8856,1.8648,0.9442
All,All,Tmin,Mahisagar,Santrampur,20.7079,22.0936,1.3857,2.1821,0.9404
All,All,Tmin,Mahisagar,Virpur,21.5761,22.0936,0.5175,1.7082,0.9449
All,All,RH-I,Anand,Anand,54.0849,55.2941,1.2091,7.8407,0.9262
All,All,RH-I,Anand,Anklav,53.1123,55.2941,2.1817,8.0353,0.9283
All,All,RH-I,Anand,Borsad,53.821,55.2941,1.4731,7.8074,0.9286
All,All,RH-I,Anand,Khambhat,56.7269,55.2941,-1.4329,7.6886,0.9285
All,All,RH-I,Anand,Petlad,54.3845,55.2941,0.9096,7.6824,0.9285
All,All,RH-I,Anand,Sojitra,54.3005,55.2941,0.9936,7.734,0.9271
All,All,RH-I,Anand,Tarapur,53.8301,55.2941,1.4639,7.8292,0.9257
All,All,RH-I,Anand,Umreth,53.747,55.2941,1.547,7.9774,0.9238
All,All,RH-I,Kheda,Galteshwar,53.1516,54.7315,1.5799,8.5901,0.9154
All,All,RH-I,Kheda,Kapadvanj,52.9662,54.7315,1.7653,8.2977,0.9238
All,All,RH-I,Kheda,Kathlal,52.7096,54.7315,2.0219,10.1436,0.8982
All,All,RH-I,Kheda,Kheda,53.5744,54.7315,1.1571,8.2842,0.9202
All,All,RH-I,Kheda,Mahudha,54.8941,54.7315,-0.1626,9.4996,0.8955
All,All,RH-I,Kheda,Matar,53.5406,54.7315,1.1909,8.2803,0.9203
All,All,RH-I,Kheda,Mehmedabad,53.5562,54.7315,1.1753,8.328,0.9194
All,All,RH-I,Kheda,Nadiad,54.4429,54.7315,0.2886,8.2795,0.9193
All,All,RH-I,Kheda,Thasra,53.3607,54.7315,1.3708,8.4203,0.9184
All,All,RH-I,Kheda,Vaso,54.4374,54.7315,0.2941,8.3103,0.9186
All,All,RH-I,Mahisagar,Balasinor,52.3543,53.1297,0.7753,8.779,0.9244
All,All,RH-I,Mahisagar,Kadana,50.063,53.1297,3.0667,9.77,0.9156
All,All,RH-I,Mahisagar,Khanpur,49.8164,53.1297,3.3132,9.6559,0.9194
All,All,RH-I,Mahisagar,Lunawada,50.9068,53.1297,2.2228,9.0765,0.9244
All,All,RH-I,Mahisagar,Santrampur,51.4046,53.1297,1.7251,9.3485,0.918
All,All,RH-I,Mahisagar,Virpur,50.6776,53.1297,2.4521,9.0685,0.9253
All,All,RH-II,Anand,Anand,29.8402,34.1525,4.3123,7.6166,0.94
All,All,RH-II,Anand,Anklav,29.9224,34.1525,4.2301,7.4621,0.9422
All,All,RH-II,Anand,Borsad,30.1388,34.1525,4.0137,7.3082,0.9433
All,All,RH-II,Anand,Khambhat,38.0758,34.1525,-3.9233,7.6219,0.9369
All,All,RH-II,Anand,Petlad,30.2256,34.1525,3.9269,7.2836,0.9433
All,All,RH-II,Anand,Sojitra,30.0274,34.1525,4.1251,7.4212,0.9425
All,All,RH-II,Anand,Tarapur,29.8393,34.1525,4.3132,7.4951,0.9423
All,All,RH-II,Anand,Umreth,29.1479,34.1525,5.0046,8.2,0.9347
All,All,RH-II,Kheda,Galteshwar,28.7571,31.916,3.1589,8.2126,0.9205
All,All,RH-II,Kheda,Kapadvanj,28.5954,31.916,3.3205,8.0519,0.9259
All,All,RH-II,Kheda,Kathlal,28.7881,31.916,3.1279,8.5826,0.9147
All,All,RH-II,Kheda,Kheda,29.3379,31.916,2.5781,7.8634,0.9234
All,All,RH-II,Kheda,Mahudha,28.8548,31.916,3.0612,8.4086,0.9148
All,All,RH-II,Kheda,Matar,29.3562,31.916,2.5598,7.8553,0.9234
All,All,RH-II,Kheda,Mehmedabad,29.2658,31.916,2.6502,7.8545,0.9242
All,All,RH-II,Kheda,Nadiad,29.779,31.916,2.137,7.6597,0.9251
All,All,RH-II,Kheda,Thasra,28.9078,31.916,3.0082,8.0614,0.9224
All,All,RH-II,Kheda,Vaso,29.8749,31.916,2.0411,7.6463,0.9248
All,All,RH-II,Mahisagar,Balasinor,28.3324,30.6356,2.3032,8.1154,0.9249
All,All,RH-II,Mahisagar,Kadana,27.3242,30.6356,3.3114,8.3478,0.927
All,All,RH-II,Mahisagar,Khanpur,27.1196,30.6356,3.516,8.3685,0.9283
All,All,RH-II,Mahisagar,Lunawada,27.8155,30.6356,2.8201,8.032,0.9295
All,All,RH-II,Mahisagar,Santrampur,28.3443,30.6356,2.2913,7.9099,0.9286
All,All,RH-II,Mahisagar,Virpur,27.6009,30.6356,3.0347,8.1041,0.9296
All,All,Wind,Anand,Anand,13.3932,14.7742,1.381,2.7904,0.9028
All,All,Wind,Anand,Anklav,13.7192,14.7742,1.055,2.5631,0.9101
All,All,Wind,Anand,Borsad,13.6429,14.7742,1.1312,2.6225,0.9076
All,All,Wind,Anand,Khambhat,15.6963,14.7742,-0.9222,2.7195,0.9025
All,All,Wind,Anand,Petlad,13.6484,14.7742,1.1258,2.6479,0.9049
All,All,Wind,Anand,Sojitra,13.7005,14.7742,1.0737,2.6449,0.9033
All,All,Wind,Anand,Tarapur,14.2616,14.7742,0.5125,2.4938,0.9015
All,All,Wind,Anand,Umreth,13.763,14.7742,1.0111,2.7857,0.8956
All,All,Wind,Kheda,Galteshwar,13.9753,14.0355,0.0602,2.6573,0.8991
All,All,Wind,Kheda,Kapadvanj,14.0064,14.0355,0.0291,2.3827,0.8973
All,All,Wind,Kheda,Kathlal,12.1379,14.0355,1.8976,3.5047,0.8375
All,All,Wind,Kheda,Kheda,13.4329,14.0355,0.6026,2.486,0.8942
All,All,Wind,Kheda,Mahudha,13.0438,14.0355,0.9917,2.9834,0.8527
All,All,Wind,Kheda,Matar,13.4904,14.0355,0.5451,2.4743,0.8939
All,All,Wind,Kheda,Mehmedabad,13.3128,14.0355,0.7227,2.4988,0.8963
All,All,Wind,Kheda,Nadiad,13.2566,14.0355,0.7789,2.4919,0.8982
All,All,Wind,Kheda,Thasra,13.8963,14.0355,0.1392,2.5178,0.903
All,All,Wind,Kheda,Vaso,13.3959,14.0355,0.6396,2.4704,0.8964
All,All,Wind,Mahisagar,Balasinor,14.1032,14.7858,0.6826,2.5209,0.911
All,All,Wind,Mahisagar,Kadana,14.4932,14.7858,0.2926,2.4824,0.9098
All,All,Wind,Mahisagar,Khanpur,14.5872,14.7858,0.1985,2.3589,0.9133
All,All,Wind,Mahisagar,Lunawada,13.9388,14.7858,0.8469,2.4233,0.9176
All,All,Wind,Mahisagar,Santrampur,14.3913,14.7858,0.3944,2.4866,0.9112
All,All,Wind,Mahisagar,Virpur,14.4256,14.7858,0.3602,2.3731,0.9114
All,Winter,Rainfall,Anand,Anand,2.9333,40.3333,37.4,4.0517,0.9155
All,Winter,Rainfall,Anand,Anklav,3.5,40.3333,36.8333,3.958,0.9138
All,Winter,Rainfall,Anand,Borsad,3.4,40.3333,36.9333,3.9689,0.9187
All,Winter,Rainfall,Anand,Khambhat,3.5333,40.3333,36.8,3.9188,0.9215
All,Winter,Rainfall,Anand,Petlad,3.2,40.3333,37.1333,4.0009,0.9205
All,Winter,Rainfall,Anand,Sojitra,2.8333,40.3333,37.5,4.0393,0.9203
All,Winter,Rainfall,Anand,Tarapur,2.7,40.3333,37.6333,4.0394,0.9212
All,Winter,Rainfall,Anand,Umreth,2.7667,40.3333,37.5667,4.0837,0.913
All,Winter,Rainfall,Kheda,Galteshwar,2.8333,20.1667,17.3333,1.5111,0.466
All,Winter,Rainfall,Kheda,Kapadvanj,3.5,20.1667,16.6667,1.5478,0.4207
All,Winter,Rainfall,Kheda,Kathlal,2.8667,20.1667,17.3,1.5606,0.391
All,Winter,Rainfall,Kheda,Kheda,2.5667,20.1667,17.6,1.5395,0.4655
All,Winter,Rainfall,Kheda,Mahudha,2.8,20.1667,17.3667,1.5692,0.3635
All,Winter,Rainfall,Kheda,Matar,2.4667,20.1667,17.7,1.5371,0.4696
All,Winter,Rainfall,Kheda,Mehmedabad,2.0333,20.1667,18.1333,1.5432,0.4769
All,Winter,Rainfall,Kheda,Nadiad,2.8667,20.1667,17.3,1.5232,0.4685
All,Winter,Rainfall,Kheda,Thasra,3.3667,20.1667,16.8,1.5141,0.4669
All,Winter,Rainfall,Kheda,Vaso,2.8667,20.1667,17.3,1.512,0.4774
All,Winter,Rainfall,Mahisagar,Balasinor,4.0333,15.3333,11.3,0.9874,0.4405
All,Winter,Rainfall,Mahisagar,Kadana,2.3,15.3333,13.0333,1.0107,0.5106
All,Winter,Rainfall,Mahisagar,Khanpur,2.5,15.3333,12.8333,1.0155,0.4642
All,Winter,Rainfall,Mahisagar,Lunawada,3.9667,15.3333,11.3667,1.0043,0.4165
All,Winter,Rainfall,Mahisagar,Santrampur,4.3333,15.3333,11.0,0.9704,0.497
All,Winter,Rainfall,Mahisagar,Virpur,3.4667,15.3333,11.8667,0.9981,0.4557
All,Winter,Tmax,Anand,Anand,29.6822,30.4019,0.7196,2.0333,0.7676
All,Winter,Tmax,Anand,Anklav,29.547,30.4019,0.8548,2.0375,0.7736
All,Winter,Tmax,Anand,Borsad,29.5826,30.4019,0.8193,2.0557,0.7665
All,Winter,Tmax,Anand,Khambhat,29.413,30.4019,0.9889,2.003,0.7872
All,Winter,Tmax,Anand,Petlad,29.6344,30.4019,0.7674,2.0581,0.7631
All,Winter,Tmax,Anand,Sojitra,29.6752,30.4019,0.7267,2.0369,0.7668
All,Winter,Tmax,Anand,Tarapur,29.637,30.4019,0.7648,2.0339,0.7687
All,Winter,Tmax,Anand,Umreth,29.7944,30.4019,0.6074,2.0017,0.7696
All,Winter,Tmax,Kheda,Galteshwar,29.7552,30.3056,0.5504,2.0774,0.7497
All,Winter,Tmax,Kheda,Kapadvanj,29.7911,30.3056,0.5144,2.037,0.7638
All,Winter,Tmax,Kheda,Kathlal,27.3504,30.3056,2.9552,3.8072,0.6976
All,Winter,Tmax,Kheda,Kheda,29.7067,30.3056,0.5989,2.0869,0.7545
All,Winter,Tmax,Kheda,Mahudha,29.253,30.3056,1.0526,2.2355,0.7696
All,Winter,Tmax,Kheda,Matar,29.7022,30.3056,0.6033,2.0876,0.7537
All,Winter,Tmax,Kheda,Mehmedabad,29.7293,30.3056,0.5763,2.0984,0.752
All,Winter,Tmax,Kheda,Nadiad,29.7296,30.3056,0.5759,2.085,0.7517
All,Winter,Tmax,Kheda,Thasra,29.7589,30.3056,0.5467,2.0773,0.7517
All,Winter,Tmax,Kheda,Vaso,29.6933,30.3056,0.6122,2.095,0.7511
All,Winter,Tmax,Mahisagar,Balasinor,29.7319,30.3963,0.6644,2.006,0.7811
All,Winter,Tmax,Mahisagar,Kadana,29.1396,30.3963,1.2567,2.388,0.7676
All,Winter,Tmax,Mahisagar,Khanpur,29.3633,30.3963,1.033,2.2265,0.7768
All,Winter,Tmax,Mahisagar,Lunawada,29.5056,30.3963,0.8907,2.1097,0.7853
All,Winter,Tmax,Mahisagar,Santrampur,29.0637,30.3963,1.3326,2.418,0.7691
All,Winter,Tmax,Mahisagar,Virpur,29.6104,30.3963,0.7859,2.0662,0.7839
All,Winter,Tmin,Anand,Anand,14.79,15.4426,0.6526,1.7651,0.7803
All,Winter,Tmin,Anand,Anklav,14.8304,15.4426,0.6122,1.7393,0.7809
All,Winter,Tmin,Anand,Borsad,14.8259,15.4426,0.6167,1.7442,0.7815
All,Winter,Tmin,Anand,Khambhat,14.9085,15.4426,0.5341,1.6063,0.8011
All,Winter,Tmin,Anand,Petlad,14.793,15.4426,0.6496,1.78,0.7774
All,Winter,Tmin,Anand,Sojitra,14.8148,15.4426,0.6278,1.7913,0.7735
All,Winter,Tmin,Anand,Tarapur,14.7959,15.4426,0.6467,1.7873,0.7754
All,Winter,Tmin,Anand,Umreth,14.8207,15.4426,0.6219,1.7666,0.7749
All,Winter,Tmin,Kheda,Galteshwar,14.7915,15.4056,0.6141,1.948,0.7276
All,Winter,Tmin,Kheda,Kapadvanj,14.9541,15.4056,0.4515,1.8647,0.7361
All,Winter,Tmin,Kheda,Kathlal,12.6896,15.4056,2.7159,3.6733,0.5596
All,Winter,Tmin,Kheda,Kheda,14.9767,15.4056,0.4289,1.8568,0.7414
All,Winter,Tmin,Kheda,Mahudha,14.6204,15.4056,0.7852,2.0803,0.7152
All,Winter,Tmin,Kheda,Matar,14.9589,15.4056,0.4467,1.8683,0.7399
All,Winter,Tmin,Kheda,Mehmedabad,15.027,15.4056,0.3785,1.7991,0.7507
All,Winter,Tmin,Kheda,Nadiad,14.9081,15.4056,0.4974,1.8919,0.7357
All,Winter,Tmin,Kheda,Thasra,14.8119,15.4056,0.5937,1.9358,0.728
All,Winter,Tmin,Kheda,Vaso,14.8841,15.4056,0.5215,1.9056,0.7355
All,Winter,Tmin,Mahisagar,Balasinor,14.6393,15.4148,0.7756,1.9099,0.7339
All,Winter,Tmin,Mahisagar,Kadana,14.2444,15.4148,1.1704,2.2067,0.7016
All,Winter,Tmin,Mahisagar,Khanpur,14.517,15.4148,0.8978,2.0159,0.7175
All,Winter,Tmin,Mahisagar,Lunawada,14.35,15.4148,1.0648,2.0815,0.7196
All,Winter,Tmin,Mahisagar,Santrampur,13.9333,15.4148,1.4815,2.4031,0.6933
All,Winter,Tmin,Mahisagar,Virpur,14.6867,15.4148,0.7281,1.8709,0.7369
All,Winter,RH-I,Anand,Anand,42.3296,42.7741,0.4444,6.8069,0.8641
All,Winter,RH-I,Anand,Anklav,40.3111,42.7741,2.463,7.1344,0.8654
All,Winter,RH-I,Anand,Borsad,41.5593,42.7741,1.2148,6.8492,0.8652
All,Winter,RH-I,Anand,Khambhat,45.1148,42.7741,-2.3407,7.3333,0.8481
All,Winter,RH-I,Anand,Petlad,42.5963,42.7741,0.1778,6.9389,0.8608
All,Winter,RH-I,Anand,Sojitra,42.7926,42.7741,-0.0185,7.2124,0.8514
All,Winter,RH-I,Anand,Tarapur,42.6074,42.7741,0.1667,7.3944,0.8433
All,Winter,RH-I,Anand,Umreth,42.2222,42.7741,0.5519,6.8126,0.8625
All,Winter,RH-I,Kheda,Galteshwar,41.7778,41.6889,-0.0889,7.4635,0.8449
All,Winter,RH-I,Kheda,Kapadvanj,40.5407,41.6889,1.1481,7.4957,0.849
All,Winter,RH-I,Kheda,Kathlal,39.6111,41.6889,2.0778,8.9573,0.7992
All,Winter,RH-I,Kheda,Kheda,42.1815,41.6889,-0.4926,7.6761,0.8395
All,Winter,RH-I,Kheda,Mahudha,42.5185,41.6889,-0.8296,8.7682,0.8017
All,Winter,RH-I,Kheda,Matar,42.1593,41.6889,-0.4704,7.6659,0.8398
All,Winter,RH-I,Kheda,Mehmedabad,41.8444,41.6889,-0.1556,7.9026,0.8252
All,Winter,RH-I,Kheda,Nadiad,42.8889,41.6889,-1.2,7.4615,0.8517
All,Winter,RH-I,Kheda,Thasra,41.8778,41.6889,-0.1889,7.3744,0.8487
All,Winter,RH-I,Kheda,Vaso,42.8037,41.6889,-1.1148,7.578,0.8473
All,Winter,RH-I,Mahisagar,Balasinor,40.3333,39.0259,-1.3074,7.9789,0.8314
All,Winter,RH-I,Mahisagar,Kadana,38.9444,39.0259,0.0815,8.0623,0.8233
All,Winter,RH-I,Mahisagar,Khanpur,38.1,39.0259,0.9259,8.1081,0.8226
All,Winter,RH-I,Mahisagar,Lunawada,38.563,39.0259,0.463,7.9408,0.8292
All,Winter,RH-I,Mahisagar,Santrampur,39.8407,39.0259,-0.8148,8.0802,0.8266
All,Winter,RH-I,Mahisagar,Virpur,38.1148,39.0259,0.9111,8.0535,0.8251
All,Winter,RH-II,Anand,Anand,22.5926,25.9074,3.3148,4.8675,0.9349
All,Winter,RH-II,Anand,Anklav,22.2333,25.9074,3.6741,5.0765,0.9341
All,Winter,RH-II,Anand,Borsad,22.5,25.9074,3.4074,4.8732,0.9362
All,Winter,RH-II,Anand,Khambhat,31.4074,25.9074,-5.5,6.7448,0.9092
All,Winter,RH-II,Anand,Petlad,22.7296,25.9074,3.1778,4.6849,0.9382
All,Winter,RH-II,Anand,Sojitra,22.6407,25.9074,3.2667,4.7321,0.9375
All,Winter,RH-II,Anand,Tarapur,22.6,25.9074,3.3074,4.7831,0.9347
All,Winter,RH-II,Anand,Umreth,22.1407,25.9074,3.7667,5.15,0.9344
All,Winter,RH-II,Kheda,Galteshwar,22.1556,22.5704,0.4148,3.9365,0.9181
All,Winter,RH-II,Kheda,Kapadvanj,20.7074,22.5704,1.863,4.4585,0.909
All,Winter,RH-II,Kheda,Kathlal,19.8815,22.5704,2.6889,5.8468,0.8436
All,Winter,RH-II,Kheda,Kheda,22.4074,22.5704,0.163,3.9148,0.9153
All,Winter,RH-II,Kheda,Mahudha,21.7148,22.5704,0.8556,4.9855,0.8662
All,Winter,RH-II,Kheda,Matar,22.4519,22.5704,0.1185,3.9309,0.9147
All,Winter,RH-II,Kheda,Mehmedabad,22.0704,22.5704,0.5,4.0051,0.9113
All,Winter,RH-II,Kheda,Nadiad,22.7,22.5704,-0.1296,3.8224,0.9218
All,Winter,RH-II,Kheda,Thasra,22.0741,22.5704,0.4963,3.9196,0.9189
All,Winter,RH-II,Kheda,Vaso,22.7667,22.5704,-0.1963,3.835,0.921
All,Winter,RH-II,Mahisagar,Balasinor,20.6519,19.9593,-0.6926,4.5187,0.8864
All,Winter,RH-II,Mahisagar,Kadana,19.5741,19.9593,0.3852,4.4779,0.8795
All,Winter,RH-II,Mahisagar,Khanpur,18.9667,19.9593,0.9926,4.638,0.8748
All,Winter,RH-II,Mahisagar,Lunawada,19.1333,19.9593,0.8259,4.5725,0.8793
All,Winter,RH-II,Mahisagar,Santrampur,20.3074,19.9593,-0.3481,4.335,0.8901
All,Winter,RH-II,Mahisagar,Virpur,18.8815,19.9593,1.0778,4.6432,0.8776
All,Winter,Wind,Anand,Anand,11.1222,12.2448,1.1226,1.8974,0.9162
All,Winter,Wind,Anand,Anklav,11.2296,12.2448,1.0152,1.8116,0.9178
All,Winter,Wind,Anand,Borsad,11.2444,12.2448,1.0004,1.782,0.9204
All,Winter,Wind,Anand,Khambhat,13.0111,12.2448,-0.7663,1.8055,0.9169
All,Winter,Wind,Anand,Petlad,11.3778,12.2448,0.867,1.7122,0.9203
All,Winter,Wind,Anand,Sojitra,11.5296,12.2448,0.7152,1.5991,0.9257
All,Winter,Wind,Anand,Tarapur,11.9037,12.2448,0.3411,1.4975,0.9223
All,Winter,Wind,Anand,Umreth,11.0333,12.2448,1.2115,2.1193,0.9013
All,Winter,Wind,Kheda,Galteshwar,10.8074,11.76,0.9526,1.9542,0.8978
All,Winter,Wind,Kheda,Kapadvanj,12.0222,11.76,-0.2622,1.6153,0.9004
All,Winter,Wind,Kheda,Kathlal,9.9481,11.76,1.8119,2.9376,0.7562
All,Winter,Wind,Kheda,Kheda,11.5074,11.76,0.2526,1.5693,0.9001
All,Winter,Wind,Kheda,Mahudha,10.7667,11.76,0.9933,2.3092,0.8077
All,Winter,Wind,Kheda,Matar,11.5185,11.76,0.2415,1.5841,0.8977
All,Winter,Wind,Kheda,Mehmedabad,11.4704,11.76,0.2896,1.5227,0.9069
All,Winter,Wind,Kheda,Nadiad,11.3222,11.76,0.4378,1.5897,0.9064
All,Winter,Wind,Kheda,Thasra,11.0333,11.76,0.7267,1.7756,0.9059
All,Winter,Wind,Kheda,Vaso,11.3926,11.76,0.3674,1.5927,0.9007
All,Winter,Wind,Mahisagar,Balasinor,11.5037,12.6311,1.1274,2.1116,0.8867
All,Winter,Wind,Mahisagar,Kadana,11.7296,12.6311,0.9015,2.0171,0.8787
All,Winter,Wind,Mahisagar,Khanpur,12.3593,12.6311,0.2719,1.9453,0.873
All,Winter,Wind,Mahisagar,Lunawada,11.8,12.6311,0.8311,2.0211,0.8822
All,Winter,Wind,Mahisagar,Santrampur,11.437,12.6311,1.1941,2.1532,0.8795
All,Winter,Wind,Mahisagar,Virpur,12.5963,12.6311,0.0348,1.9572,0.8704
All,Summer,Rainfall,Anand,Anand,10.2667,47.5,37.2333,4.5409,0.4819
All,Summer,Rainfall,Anand,Anklav,7.1,47.5,40.4,4.5681,0.4964
All,Summer,Rainfall,Anand,Borsad,10.5,47.5,37.0,4.5149,0.5004
All,Summer,Rainfall,Anand,Khambhat,8.9333,47.5,38.5667,4.6513,0.3934
All,Summer,Rainfall,Anand,Petlad,12.1333,47.5,35.3667,4.5076,0.4726
All,Summer,Rainfall,Anand,Sojitra,12.3333,47.5,35.1667,4.5439,0.4426
All,Summer,Rainfall,Anand,Tarapur,12.5333,47.5,34.9667,4.5653,0.4234
All,Summer,Rainfall,Anand,Umreth,8.1,47.5,39.4,4.5982,0.4804
All,Summer,Rainfall,Kheda,Galteshwar,5.7667,30.0,24.2333,2.2163,0.1191
All,Summer,Rainfall,Kheda,Kapadvanj,10.8667,30.0,19.1333,2.0966,0.3296
All,Summer,Rainfall,Kheda,Kathlal,8.1333,30.0,21.8667,2.1292,0.2835
All,Summer,Rainfall,Kheda,Kheda,10.3333,30.0,19.6667,2.0828,0.3476
All,Summer,Rainfall,Kheda,Mahudha,8.2667,30.0,21.7333,2.11,0.3346
All,Summer,Rainfall,Kheda,Matar,10.6333,30.0,19.3667,2.0938,0.3321
All,Summer,Rainfall,Kheda,Mehmedabad,11.5,30.0,18.5,2.0504,0.3803
All,Summer,Rainfall,Kheda,Nadiad,11.9667,30.0,18.0333,2.0891,0.3328
All,Summer,Rainfall,Kheda,Thasra,7.5667,30.0,22.4333,2.1918,0.167
All,Summer,Rainfall,Kheda,Vaso,11.6333,30.0,18.3667,2.1416,0.2607
All,Summer,Rainfall,Mahisagar,Balasinor,7.9667,27.0667,19.1,1.541,0.3855
All,Summer,Rainfall,Mahisagar,Kadana,6.1,27.0667,20.9667,1.5753,0.3761
All,Summer,Rainfall,Mahisagar,Khanpur,5.3667,27.0667,21.7,1.6015,0.2996
All,Summer,Rainfall,Mahisagar,Lunawada,4.5667,27.0667,22.5,1.6181,0.2583
All,Summer,Rainfall,Mahisagar,Santrampur,7.8333,27.0667,19.2333,1.5364,0.4416
All,Summer,Rainfall,Mahisagar,Virpur,5.3333,27.0667,21.7333,1.6245,0.2195
All,Summer,Tmax,Anand,Anand,38.762,38.7989,0.037,1.4981,0.8226
All,Summer,Tmax,Anand,Anklav,38.5558,38.7989,0.2431,1.5309,0.8152
All,Summer,Tmax,Anand,Borsad,38.6123,38.7989,0.1866,1.5329,0.8142
All,Summer,Tmax,Anand,Khambhat,38.5355,38.7989,0.2634,1.4956,0.8136
All,Summer,Tmax,Anand,Petlad,38.712,38.7989,0.087,1.5232,0.8164
All,Summer,Tmax,Anand,Sojitra,38.796,38.7989,0.0029,1.5162,0.816
All,Summer,Tmax,Anand,Tarapur,38.7746,38.7989,0.0243,1.5157,0.8145
All,Summer,Tmax,Anand,Umreth,38.862,38.7989,-0.063,1.4818,0.8217
All,Summer,Tmax,Kheda,Galteshwar,38.8348,38.9159,0.0812,1.4578,0.8263
All,Summer,Tmax,Kheda,Kapadvanj,39.0587,38.9159,-0.1428,1.499,0.8256
All,Summer,Tmax,Kheda,Kathlal,36.7214,38.9159,2.1946,2.726,0.8444
All,Summer,Tmax,Kheda,Kheda,38.9924,38.9159,-0.0764,1.4543,0.8331
All,Summer,Tmax,Kheda,Mahudha,38.9848,38.9159,-0.0688,1.5462,0.8383
All,Summer,Tmax,Kheda,Matar,38.9732,38.9159,-0.0572,1.4511,0.8333
All,Summer,Tmax,Kheda,Mehmedabad,39.0377,38.9159,-0.1217,1.4652,0.8329
All,Summer,Tmax,Kheda,Nadiad,38.9105,38.9159,0.0054,1.4759,0.828
All,Summer,Tmax,Kheda,Thasra,38.9029,38.9159,0.013,1.453,0.8268
All,Summer,Tmax,Kheda,Vaso,38.875,38.9159,0.0409,1.4875,0.8257
All,Summer,Tmax,Mahisagar,Balasinor,38.9453,38.7627,-0.1826,1.5408,0.8095
All,Summer,Tmax,Mahisagar,Kadana,38.813,38.7627,-0.0504,1.6024,0.82
All,Summer,Tmax,Mahisagar,Khanpur,38.9152,38.7627,-0.1525,1.6004,0.8174
All,Summer,Tmax,Mahisagar,Lunawada,38.9159,38.7627,-0.1533,1.5725,0.8126
All,Summer,Tmax,Mahisagar,Santrampur,38.7395,38.7627,0.0232,1.5754,0.8223
All,Summer,Tmax,Mahisagar,Virpur,39.0083,38.7627,-0.2457,1.5796,0.8137
All,Summer,Tmin,Anand,Anand,24.1333,23.9989,-0.1344,1.5945,0.8807
All,Summer,Tmin,Anand,Anklav,24.0475,23.9989,-0.0486,1.6275,0.874
All,Summer,Tmin,Anand,Borsad,24.1004,23.9989,-0.1014,1.5955,0.8794
All,Summer,Tmin,Anand,Khambhat,24.096,23.9989,-0.0971,1.4516,0.8985
All,Summer,Tmin,Anand,Petlad,24.1174,23.9989,-0.1185,1.5663,0.8845
All,Summer,Tmin,Anand,Sojitra,24.1714,23.9989,-0.1725,1.5677,0.8842
All,Summer,Tmin,Anand,Tarapur,24.1388,23.9989,-0.1399,1.5499,0.8862
All,Summer,Tmin,Anand,Umreth,24.1605,23.9989,-0.1616,1.6021,0.8798
All,Summer,Tmin,Kheda,Galteshwar,24.0196,24.1217,0.1022,1.5964,0.8779
All,Summer,Tmin,Kheda,Kapadvanj,24.3127,24.1217,-0.1909,1.6524,0.8688
All,Summer,Tmin,Kheda,Kathlal,21.5413,24.1217,2.5804,3.15,0.8548
All,Summer,Tmin,Kheda,Kheda,24.3779,24.1217,-0.2562,1.5775,0.88
All,Summer,Tmin,Kheda,Mahudha,23.8761,24.1217,0.2457,1.7212,0.8617
All,Summer,Tmin,Kheda,Matar,24.3514,24.1217,-0.2297,1.5649,0.8815
All,Summer,Tmin,Kheda,Mehmedabad,24.4471,24.1217,-0.3254,1.6003,0.8782
All,Summer,Tmin,Kheda,Nadiad,24.3011,24.1217,-0.1793,1.5767,0.8801
All,Summer,Tmin,Kheda,Thasra,24.0743,24.1217,0.0475,1.5925,0.8776
All,Summer,Tmin,Kheda,Vaso,24.262,24.1217,-0.1402,1.5658,0.8812
All,Summer,Tmin,Mahisagar,Balasinor,23.8471,24.0312,0.1841,1.656,0.8724
All,Summer,Tmin,Mahisagar,Kadana,23.4308,24.0312,0.6004,1.8845,0.8461
All,Summer,Tmin,Mahisagar,Khanpur,23.6322,24.0312,0.3989,1.8586,0.8404
All,Summer,Tmin,Mahisagar,Lunawada,23.4547,24.0312,0.5764,1.833,0.8559
All,Summer,Tmin,Mahisagar,Santrampur,23.1594,24.0312,0.8717,1.9314,0.8594
All,Summer,Tmin,Mahisagar,Virpur,23.7754,24.0312,0.2558,1.7934,0.8485
All,Summer,RH-I,Anand,Anand,42.2355,44.5616,2.3261,9.9207,0.8321
All,Summer,RH-I,Anand,Anklav,41.3442,44.5616,3.2174,10.2717,0.8308
All,Summer,RH-I,Anand,Borsad,42.0652,44.5616,2.4964,9.9664,0.8319
All,Summer,RH-I,Anand,Khambhat,48.2065,44.5616,-3.6449,10.0246,0.8293
All,Summer,RH-I,Anand,Petlad,42.7101,44.5616,1.8514,9.6036,0.8367
All,Summer,RH-I,Anand,Sojitra,42.6196,44.5616,1.942,9.3603,0.8423
All,Summer,RH-I,Anand,Tarapur,42.4167,44.5616,2.1449,9.3526,0.8411
All,Summer,RH-I,Anand,Umreth,41.5906,44.5616,2.971,9.9622,0.8356
All,Summer,RH-I,Kheda,Galteshwar,40.6087,43.0362,2.4275,10.8694,0.7971
All,Summer,RH-I,Kheda,Kapadvanj,40.5435,43.0362,2.4928,9.755,0.8365
All,Summer,RH-I,Kheda,Kathlal,39.3659,43.0362,3.6703,12.6936,0.758
All,Summer,RH-I,Kheda,Kheda,41.9891,43.0362,1.0471,9.9209,0.8168
All,Summer,RH-I,Kheda,Mahudha,44.9819,43.0362,-1.9457,11.8571,0.7733
All,Summer,RH-I,Kheda,Matar,42.0036,43.0362,1.0326,9.9624,0.8145
All,Summer,RH-I,Kheda,Mehmedabad,42.0217,43.0362,1.0145,9.7754,0.8233
All,Summer,RH-I,Kheda,Nadiad,42.4384,43.0362,0.5978,10.4311,0.8026
All,Summer,RH-I,Kheda,Thasra,40.6812,43.0362,2.3551,10.6028,0.8058
All,Summer,RH-I,Kheda,Vaso,42.7138,43.0362,0.3225,10.4193,0.8002
All,Summer,RH-I,Mahisagar,Balasinor,38.4674,38.8514,0.3841,11.2797,0.7863
All,Summer,RH-I,Mahisagar,Kadana,32.8696,38.8514,5.9819,13.1828,0.7653
All,Summer,RH-I,Mahisagar,Khanpur,33.2645,38.8514,5.587,12.8125,0.7749
All,Summer,RH-I,Mahisagar,Lunawada,34.6957,38.8514,4.1558,12.1143,0.7809
All,Summer,RH-I,Mahisagar,Santrampur,34.0688,38.8514,4.7826,12.6889,0.766
All,Summer,RH-I,Mahisagar,Virpur,35.2609,38.8514,3.5906,11.699,0.7921
All,Summer,RH-II,Anand,Anand,12.9094,18.6848,5.7754,7.8496,0.7462
All,Summer,RH-II,Anand,Anklav,13.3623,18.6848,5.3225,7.4777,0.7561
All,Summer,RH-II,Anand,Borsad,13.3877,18.6848,5.2971,7.4702,0.755
All,Summer,RH-II,Anand,Khambhat,23.6449,18.6848,-4.9601,7.4642,0.7238
All,Summer,RH-II,Anand,Petlad,13.2971,18.6848,5.3877,7.5544,0.75
All,Summer,RH-II,Anand,Sojitra,13.1159,18.6848,5.5688,7.7326,0.7408
All,Summer,RH-II,Anand,Tarapur,13.4203,18.6848,5.2645,7.5371,0.7382
All,Summer,RH-II,Anand,Umreth,12.6232,18.6848,6.0616,8.1376,0.7324
All,Summer,RH-II,Kheda,Galteshwar,12.4928,16.558,4.0652,8.348,0.6496
All,Summer,RH-II,Kheda,Kapadvanj,11.8768,16.558,4.6812,8.7572,0.6359
All,Summer,RH-II,Kheda,Kathlal,12.0906,16.558,4.4674,8.5238,0.6533
All,Summer,RH-II,Kheda,Kheda,12.5543,16.558,4.0036,8.4765,0.6269
All,Summer,RH-II,Kheda,Mahudha,12.3478,16.558,4.2101,8.5359,0.6326
All,Summer,RH-II,Kheda,Matar,12.6304,16.558,3.9275,8.4102,0.6313
All,Summer,RH-II,Kheda,Mehmedabad,12.4493,16.558,4.1087,8.5432,0.6243
All,Summer,RH-II,Kheda,Nadiad,12.6051,16.558,3.9529,8.3538,0.6409
All,Summer,RH-II,Kheda,Thasra,12.4312,16.558,4.1268,8.4083,0.6454
All,Summer,RH-II,Kheda,Vaso,12.7717,16.558,3.7862,8.2841,0.6398
All,Summer,RH-II,Mahisagar,Balasinor,11.8659,15.3841,3.5181,8.1825,0.6374
All,Summer,RH-II,Mahisagar,Kadana,11.1159,15.3841,4.2681,8.5104,0.6413
All,Summer,RH-II,Mahisagar,Khanpur,11.0797,15.3841,4.3043,8.5189,0.6429
All,Summer,RH-II,Mahisagar,Lunawada,11.2754,15.3841,4.1087,8.4643,0.6363
All,Summer,RH-II,Mahisagar,Santrampur,11.4275,15.3841,3.9565,8.3925,0.6358
All,Summer,RH-II,Mahisagar,Virpur,11.2899,15.3841,4.0942,8.4072,0.6437
All,Summer,Wind,Anand,Anand,13.2156,14.9355,1.7199,3.0896,0.8128
All,Summer,Wind,Anand,Anklav,13.8062,14.9355,1.1293,2.7888,0.8153
All,Summer,Wind,Anand,Borsad,13.6884,14.9355,1.2471,2.8963,0.8046
All,Summer,Wind,Anand,Khambhat,15.4909,14.9355,-0.5554,2.7361,0.7982
All,Summer,Wind,Anand,Petlad,13.7101,14.9355,1.2254,2.8866,0.8053
All,Summer,Wind,Anand,Sojitra,13.8478,14.9355,1.0877,2.8208,0.8078
All,Summer,Wind,Anand,Tarapur,14.4149,14.9355,0.5207,2.679,0.8023
All,Summer,Wind,Anand,Umreth,13.3496,14.9355,1.5859,3.0812,0.8051
All,Summer,Wind,Kheda,Galteshwar,13.6141,14.5076,0.8935,2.7062,0.8342
All,Summer,Wind,Kheda,Kapadvanj,14.5525,14.5076,-0.0449,2.5579,0.8228
All,Summer,Wind,Kheda,Kathlal,13.1902,14.5076,1.3174,3.3345,0.7441
All,Summer,Wind,Kheda,Kheda,13.808,14.5076,0.6996,2.7689,0.8051
All,Summer,Wind,Kheda,Mahudha,14.2355,14.5076,0.2721,3.0507,0.7398
All,Summer,Wind,Kheda,Matar,13.837,14.5076,0.6707,2.7817,0.8011
All,Summer,Wind,Kheda,Mehmedabad,13.7554,14.5076,0.7522,2.7828,0.8048
All,Summer,Wind,Kheda,Nadiad,13.3062,14.5076,1.2014,2.8622,0.8212
All,Summer,Wind,Kheda,Thasra,13.6721,14.5076,0.8355,2.6223,0.839
All,Summer,Wind,Kheda,Vaso,13.5851,14.5076,0.9225,2.7835,0.8165
All,Summer,Wind,Mahisagar,Balasinor,14.3841,15.6261,1.242,2.7342,0.8829
All,Summer,Wind,Mahisagar,Kadana,14.9203,15.6261,0.7058,2.5471,0.8839
All,Summer,Wind,Mahisagar,Khanpur,15.1902,15.6261,0.4359,2.4183,0.8887
All,Summer,Wind,Mahisagar,Lunawada,14.5942,15.6261,1.0319,2.5408,0.8941
All,Summer,Wind,Mahisagar,Santrampur,14.8551,15.6261,0.771,2.582,0.8836
All,Summer,Wind,Mahisagar,Virpur,15.2101,15.6261,0.4159,2.4637,0.8835
All,Monsoon,Rainfall,Anand,Anand,806.2667,1850.3333,1044.0667,18.7443,0.6717
All,Monsoon,Rainfall,Anand,Anklav,835.5667,1850.3333,1014.7667,18.4397,0.6817
All,Monsoon,Rainfall,Anand,Borsad,906.3333,1850.3333,944.0,17.7723,0.7034
All,Monsoon,Rainfall,Anand,Khambhat,1036.6667,1850.3333,813.6667,17.1397,0.7047
All,Monsoon,Rainfall,Anand,Petlad,1002.7667,1850.3333,847.5667,17.0441,0.7191
All,Monsoon,Rainfall,Anand,Sojitra,1025.1667,1850.3333,825.1667,16.695,0.7324
All,Monsoon,Rainfall,Anand,Tarapur,1015.0333,1850.3333,835.3,16.7236,0.7312
All,Monsoon,Rainfall,Anand,Umreth,622.6,1850.3333,1227.7333,20.4652,0.609
All,Monsoon,Rainfall,Kheda,Galteshwar,468.8333,1921.6667,1452.8333,20.9645,0.6035
All,Monsoon,Rainfall,Kheda,Kapadvanj,868.3333,1921.6667,1053.3333,17.5685,0.6963
All,Monsoon,Rainfall,Kheda,Kathlal,647.9667,1921.6667,1273.7,20.0206,0.6122
All,Monsoon,Rainfall,Kheda,Kheda,850.6667,1921.6667,1071.0,17.3317,0.7172
All,Monsoon,Rainfall,Kheda,Mahudha,643.2667,1921.6667,1278.4,19.1452,0.6753
All,Monsoon,Rainfall,Kheda,Matar,863.3333,1921.6667,1058.3333,17.325,0.7137
All,Monsoon,Rainfall,Kheda,Mehmedabad,832.0,1921.6667,1089.6667,17.4079,0.7168
All,Monsoon,Rainfall,Kheda,Nadiad,870.1333,1921.6667,1051.5333,17.5936,0.6942
All,Monsoon,Rainfall,Kheda,Thasra,585.3333,1921.6667,1336.3333,19.9479,0.6347
All,Monsoon,Rainfall,Kheda,Vaso,953.8667,1921.6667,967.8,17.1986,0.6952
All,Monsoon,Rainfall,Mahisagar,Balasinor,710.4333,1689.8333,979.4,18.2574,0.6288
All,Monsoon,Rainfall,Mahisagar,Kadana,640.4667,1689.8333,1049.3667,18.9625,0.609
All,Monsoon,Rainfall,Mahisagar,Khanpur,577.2667,1689.8333,1112.5667,19.3043,0.6136
All,Monsoon,Rainfall,Mahisagar,Lunawada,743.8,1689.8333,946.0333,18.0649,0.644
All,Monsoon,Rainfall,Mahisagar,Santrampur,870.1333,1689.8333,819.7,17.5367,0.6369
All,Monsoon,Rainfall,Mahisagar,Virpur,703.2,1689.8333,986.6333,18.2919,0.6388
All,Monsoon,Tmax,Anand,Anand,33.8995,33.6937,-0.2057,1.6939,0.8076
All,Monsoon,Tmax,Anand,Anklav,33.8995,33.6937,-0.2057,1.6631,0.8175
All,Monsoon,Tmax,Anand,Borsad,33.9391,33.6937,-0.2454,1.6653,0.8139
All,Monsoon,Tmax,Anand,Khambhat,34.097,33.6937,-0.4033,1.6253,0.8181
All,Monsoon,Tmax,Anand,Petlad,33.941,33.6937,-0.2473,1.7019,0.8019
All,Monsoon,Tmax,Anand,Sojitra,33.9317,33.6937,-0.238,1.7265,0.7943
All,Monsoon,Tmax,Anand,Tarapur,33.9475,33.6937,-0.2538,1.7431,0.7883
All,Monsoon,Tmax,Anand,Umreth,33.7609,33.6937,-0.0672,1.7165,0.8056
All,Monsoon,Tmax,Kheda,Galteshwar,33.7153,33.9596,0.2443,1.8278,0.7897
All,Monsoon,Tmax,Kheda,Kapadvanj,33.8954,33.9596,0.0642,1.7642,0.801
All,Monsoon,Tmax,Kheda,Kathlal,32.2464,33.9596,1.7131,2.6813,0.7801
All,Monsoon,Tmax,Kheda,Kheda,33.9686,33.9596,-0.009,1.7898,0.7877
All,Monsoon,Tmax,Kheda,Mahudha,34.4331,33.9596,-0.4735,1.8846,0.8085
All,Monsoon,Tmax,Kheda,Matar,33.9746,33.9596,-0.015,1.7848,0.7878
All,Monsoon,Tmax,Kheda,Mehmedabad,33.9486,33.9596,0.0109,1.7796,0.7924
All,Monsoon,Tmax,Kheda,Nadiad,33.9322,33.9596,0.0273,1.8002,0.786
All,Monsoon,Tmax,Kheda,Thasra,33.7475,33.9596,0.212,1.8135,0.7921
All,Monsoon,Tmax,Kheda,Vaso,33.9511,33.9596,0.0085,1.8176,0.78
All,Monsoon,Tmax,Mahisagar,Balasinor,33.6656,33.7268,0.0612,1.7804,0.7924
All,Monsoon,Tmax,Mahisagar,Kadana,33.1863,33.7268,0.5404,2.0268,0.7997
All,Monsoon,Tmax,Mahisagar,Khanpur,33.4388,33.7268,0.288,1.9287,0.7977
All,Monsoon,Tmax,Mahisagar,Lunawada,33.4546,33.7268,0.2721,1.8793,0.7967
All,Monsoon,Tmax,Mahisagar,Santrampur,33.0328,33.7268,0.694,2.0646,0.7974
All,Monsoon,Tmax,Mahisagar,Virpur,33.7044,33.7268,0.0224,1.8146,0.7995
All,Monsoon,Tmin,Anand,Anand,26.1727,26.0801,-0.0926,1.2552,0.527
All,Monsoon,Tmin,Anand,Anklav,26.0888,26.0801,-0.0087,1.2537,0.5164
All,Monsoon,Tmin,Anand,Borsad,26.1437,26.0801,-0.0637,1.2472,0.5234
All,Monsoon,Tmin,Anand,Khambhat,26.1874,26.0801,-0.1074,1.1992,0.526
All,Monsoon,Tmin,Anand,Petlad,26.1612,26.0801,-0.0811,1.2355,0.5329
All,Monsoon,Tmin,Anand,Sojitra,26.1612,26.0801,-0.0811,1.23,0.5367
All,Monsoon,Tmin,Anand,Tarapur,26.1303,26.0801,-0.0503,1.2212,0.536
All,Monsoon,Tmin,Anand,Umreth,26.1743,26.0801,-0.0943,1.2863,0.5135
All,Monsoon,Tmin,Kheda,Galteshwar,26.0541,26.1221,0.068,1.2202,0.5262
All,Monsoon,Tmin,Kheda,Kapadvanj,26.2951,26.1221,-0.173,1.252,0.5323
All,Monsoon,Tmin,Kheda,Kathlal,23.8451,26.1221,2.277,2.7725,0.3968
All,Monsoon,Tmin,Kheda,Kheda,26.2156,26.1221,-0.0934,1.1813,0.5609
All,Monsoon,Tmin,Kheda,Mahudha,25.8893,26.1221,0.2328,1.4982,0.4442
All,Monsoon,Tmin,Kheda,Matar,26.1995,26.1221,-0.0773,1.1753,0.5615
All,Monsoon,Tmin,Kheda,Mehmedabad,26.2863,26.1221,-0.1642,1.2041,0.5579
All,Monsoon,Tmin,Kheda,Nadiad,26.2653,26.1221,-0.1432,1.1957,0.5548
All,Monsoon,Tmin,Kheda,Thasra,26.1096,26.1221,0.0126,1.2195,0.5307
All,Monsoon,Tmin,Kheda,Vaso,26.2101,26.1221,-0.088,1.1715,0.5606
All,Monsoon,Tmin,Mahisagar,Balasinor,25.8883,26.0363,0.1481,1.3516,0.4739
All,Monsoon,Tmin,Mahisagar,Kadana,24.6063,26.0363,1.4301,1.9956,0.4623
All,Monsoon,Tmin,Mahisagar,Khanpur,24.9724,26.0363,1.0639,1.7453,0.4597
All,Monsoon,Tmin,Mahisagar,Lunawada,25.0978,26.0363,0.9385,1.6641,0.4627
All,Monsoon,Tmin,Mahisagar,Santrampur,24.4003,26.0363,1.6361,2.146,0.4655
All,Monsoon,Tmin,Mahisagar,Virpur,25.4869,26.0363,0.5495,1.4748,0.457
All,Monsoon,RH-I,Anand,Anand,75.4918,76.2568,0.765,5.7564,0.8117
All,Monsoon,RH-I,Anand,Anklav,75.1831,76.2568,1.0738,5.8834,0.7975
All,Monsoon,RH-I,Anand,Borsad,75.5929,76.2568,0.6639,5.7267,0.8066
All,Monsoon,RH-I,Anand,Khambhat,75.6284,76.2568,0.6284,5.7002,0.7898
All,Monsoon,RH-I,Anand,Petlad,75.8115,76.2568,0.4454,5.5577,0.8214
All,Monsoon,RH-I,Anand,Sojitra,75.4945,76.2568,0.7623,5.6339,0.8228
All,Monsoon,RH-I,Anand,Tarapur,74.6885,76.2568,1.5683,5.8314,0.8175
All,Monsoon,RH-I,Anand,Umreth,74.7568,76.2568,1.5,6.0645,0.7992
All,Monsoon,RH-I,Kheda,Galteshwar,74.0383,76.5273,2.4891,6.8845,0.781
All,Monsoon,RH-I,Kheda,Kapadvanj,75.1366,76.5273,1.3907,6.3446,0.809
All,Monsoon,RH-I,Kheda,Kathlal,77.5,76.5273,-0.9727,7.4026,0.7516
All,Monsoon,RH-I,Kheda,Kheda,74.5191,76.5273,2.0082,6.1898,0.8276
All,Monsoon,RH-I,Kheda,Mahudha,76.3224,76.5273,0.2049,6.8968,0.7511
All,Monsoon,RH-I,Kheda,Matar,74.4672,76.5273,2.0601,6.2073,0.8272
All,Monsoon,RH-I,Kheda,Mehmedabad,74.5956,76.5273,1.9317,6.2101,0.8246
All,Monsoon,RH-I,Kheda,Nadiad,75.6503,76.5273,0.877,6.1797,0.8098
All,Monsoon,RH-I,Kheda,Thasra,74.4699,76.5273,2.0574,6.5814,0.7957
All,Monsoon,RH-I,Kheda,Vaso,75.653,76.5273,0.8743,6.1653,0.8099
All,Monsoon,RH-I,Mahisagar,Balasinor,74.7131,77.6776,2.9645,6.7502,0.8381
All,Monsoon,RH-I,Mahisagar,Kadana,74.5628,77.6776,3.1148,7.0622,0.8381
All,Monsoon,RH-I,Mahisagar,Khanpur,74.4617,77.6776,3.2158,7.017,0.8416
All,Monsoon,RH-I,Mahisagar,Lunawada,75.5656,77.6776,2.112,6.2736,0.86
All,Monsoon,RH-I,Mahisagar,Santrampur,76.3033,77.6776,1.3743,6.3243,0.8479
All,Monsoon,RH-I,Mahisagar,Virpur,75.1721,77.6776,2.5055,6.541,0.8492
All,Monsoon,RH-II,Anand,Anand,49.2377,53.9208,4.6831,9.8119,0.8091
All,Monsoon,RH-II,Anand,Anklav,49.4727,53.9208,4.4481,9.5948,0.8087
All,Monsoon,RH-II,Anand,Borsad,49.8251,53.9208,4.0956,9.3366,0.8151
All,Monsoon,RH-II,Anand,Khambhat,55.0191,53.9208,-1.0984,8.4585,0.803
All,Monsoon,RH-II,Anand,Petlad,49.9863,53.9208,3.9344,9.2651,0.8186
All,Monsoon,RH-II,Anand,Sojitra,49.7158,53.9208,4.2049,9.4234,0.8184
All,Monsoon,RH-II,Anand,Tarapur,49.2104,53.9208,4.7104,9.5928,0.8171
All,Monsoon,RH-II,Anand,Umreth,47.9126,53.9208,6.0082,10.8458,0.7906
All,Monsoon,RH-II,Kheda,Galteshwar,46.9809,52.6858,5.7049,11.29,0.785
All,Monsoon,RH-II,Kheda,Kapadvanj,48.6339,52.6858,4.0519,10.4814,0.7995
All,Monsoon,RH-II,Kheda,Kathlal,50.0027,52.6858,2.6831,11.1847,0.7646
All,Monsoon,RH-II,Kheda,Kheda,48.5082,52.6858,4.1776,10.3872,0.8015
All,Monsoon,RH-II,Kheda,Mahudha,48.2486,52.6858,4.4372,11.1999,0.7735
All,Monsoon,RH-II,Kheda,Matar,48.4699,52.6858,4.2158,10.4071,0.8003
All,Monsoon,RH-II,Kheda,Mehmedabad,48.6257,52.6858,4.0601,10.3269,0.8035
All,Monsoon,RH-II,Kheda,Nadiad,49.2842,52.6858,3.4016,10.069,0.8033
All,Monsoon,RH-II,Kheda,Thasra,47.582,52.6858,5.1038,10.9355,0.7908
All,Monsoon,RH-II,Kheda,Vaso,49.4863,52.6858,3.1995,10.0568,0.7996
All,Monsoon,RH-II,Mahisagar,Balasinor,47.9918,52.8279,4.8361,10.9824,0.8114
All,Monsoon,RH-II,Mahisagar,Kadana,47.4344,52.8279,5.3934,11.1987,0.817
All,Monsoon,RH-II,Mahisagar,Khanpur,47.3689,52.8279,5.459,11.1999,0.818
All,Monsoon,RH-II,Mahisagar,Lunawada,48.7131,52.8279,4.1148,10.5956,0.8224
All,Monsoon,RH-II,Mahisagar,Santrampur,49.2077,52.8279,3.6202,10.4129,0.8224
All,Monsoon,RH-II,Mahisagar,Virpur,48.3497,52.8279,4.4781,10.7598,0.8196
All,Monsoon,Wind,Anand,Anand,17.4754,19.0525,1.577,3.423,0.8346
All,Monsoon,Wind,Anand,Anklav,17.847,19.0525,1.2055,3.1454,0.8472
All,Monsoon,Wind,Anand,Borsad,17.7404,19.0525,1.312,3.2195,0.8449
All,Monsoon,Wind,Anand,Khambhat,20.5874,19.0525,-1.535,3.4868,0.8349
All,Monsoon,Wind,Anand,Petlad,17.582,19.0525,1.4705,3.3237,0.8401
All,Monsoon,Wind,Anand,Sojitra,17.4617,19.0525,1.5907,3.3952,0.8379
All,Monsoon,Wind,Anand,Tarapur,18.2568,19.0525,0.7956,3.183,0.8308
All,Monsoon,Wind,Anand,Umreth,18.5055,19.0525,0.547,3.3031,0.8196
All,Monsoon,Wind,Kheda,Galteshwar,19.153,17.7735,-1.3795,3.3833,0.8435
All,Monsoon,Wind,Kheda,Kapadvanj,17.3607,17.7735,0.4128,2.9523,0.8389
All,Monsoon,Wind,Kheda,Kathlal,15.0505,17.7735,2.723,4.3167,0.7832
All,Monsoon,Wind,Kheda,Kheda,16.6407,17.7735,1.1328,3.1056,0.8399
All,Monsoon,Wind,Kheda,Mahudha,15.9563,17.7735,1.8172,3.6727,0.7967
All,Monsoon,Wind,Kheda,Matar,16.7828,17.7735,0.9907,3.0621,0.8403
All,Monsoon,Wind,Kheda,Mehmedabad,16.4358,17.7735,1.3377,3.1464,0.8436
All,Monsoon,Wind,Kheda,Nadiad,16.8115,17.7735,0.962,3.0529,0.8408
All,Monsoon,Wind,Kheda,Thasra,18.7391,17.7735,-0.9656,3.194,0.8424
All,Monsoon,Wind,Kheda,Vaso,16.903,17.7735,0.8705,3.0645,0.8378
All,Monsoon,Wind,Mahisagar,Balasinor,18.5082,18.4355,-0.0727,2.8809,0.8645
All,Monsoon,Wind,Mahisagar,Kadana,18.9426,18.4355,-0.5071,2.953,0.8606
All,Monsoon,Wind,Mahisagar,Khanpur,18.3811,18.4355,0.0544,2.7992,0.8665
All,Monsoon,Wind,Mahisagar,Lunawada,17.5383,18.4355,0.8973,2.8439,0.874
All,Monsoon,Wind,Mahisagar,Santrampur,18.9303,18.4355,-0.4948,2.866,0.8672
All,Monsoon,Wind,Mahisagar,Virpur,17.6885,18.4355,0.747,2.8175,0.8711
All,Post-monsoon,Rainfall,Anand,Anand,14.6,25.2333,10.6333,1.8623,0.5477
All,Post-monsoon,Rainfall,Anand,Anklav,17.8333,25.2333,7.4,1.5435,0.6682
All,Post-monsoon,Rainfall,Anand,Borsad,18.6667,25.2333,6.5667,1.6183,0.6677
All,Post-monsoon,Rainfall,Anand,Khambhat,19.4,25.2333,5.8333,1.3276,0.7011
All,Post-monsoon,Rainfall,Anand,Petlad,15.5333,25.2333,9.7,1.6204,0.6188
All,Post-monsoon,Rainfall,Anand,Sojitra,11.1,25.2333,14.1333,1.5188,0.5909
All,Post-monsoon,Rainfall,Anand,Tarapur,10.3333,25.2333,14.9,1.5541,0.5595
All,Post-monsoon,Rainfall,Anand,Umreth,11.9,25.2333,13.3333,1.7811,0.4995
All,Post-monsoon,Rainfall,Kheda,Galteshwar,12.8,48.6667,35.8667,3.3807,0.2723
All,Post-monsoon,Rainfall,Kheda,Kapadvanj,5.6333,48.6667,43.0333,3.2985,0.2891
All,Post-monsoon,Rainfall,Kheda,Kathlal,3.5,48.6667,45.1667,3.3368,0.3274
All,Post-monsoon,Rainfall,Kheda,Kheda,4.2,48.6667,44.4667,3.3246,0.3081
All,Post-monsoon,Rainfall,Kheda,Mahudha,5.0333,48.6667,43.6333,3.3299,0.2734
All,Post-monsoon,Rainfall,Kheda,Matar,4.8,48.6667,43.8667,3.3188,0.309
All,Post-monsoon,Rainfall,Kheda,Mehmedabad,3.5,48.6667,45.1667,3.3288,0.3068
All,Post-monsoon,Rainfall,Kheda,Nadiad,8.8,48.6667,39.8667,3.3531,0.2407
All,Post-monsoon,Rainfall,Kheda,Thasra,12.1333,48.6667,36.5333,3.3725,0.2709
All,Post-monsoon,Rainfall,Kheda,Vaso,7.4667,48.6667,41.2,3.3162,0.2646
All,Post-monsoon,Rainfall,Mahisagar,Balasinor,9.4333,33.1667,23.7333,2.5304,0.3583
All,Post-monsoon,Rainfall,Mahisagar,Kadana,6.7667,33.1667,26.4,2.5972,0.2818
All,Post-monsoon,Rainfall,Mahisagar,Khanpur,4.8667,33.1667,28.3,2.5881,0.3269
All,Post-monsoon,Rainfall,Mahisagar,Lunawada,7.7667,33.1667,25.4,2.5821,0.2981
All,Post-monsoon,Rainfall,Mahisagar,Santrampur,15.1667,33.1667,18.0,2.6522,0.3101
All,Post-monsoon,Rainfall,Mahisagar,Virpur,5.3333,33.1667,27.8333,2.5822,0.3293
All,Post-monsoon,Tmax,Anand,Anand,34.0721,34.2852,0.2131,1.476,0.6632
All,Post-monsoon,Tmax,Anand,Anklav,34.0568,34.2852,0.2284,1.4623,0.6647
All,Post-monsoon,Tmax,Anand,Borsad,34.0798,34.2852,0.2055,1.4671,0.6646
All,Post-monsoon,Tmax,Anand,Khambhat,34.0169,34.2852,0.2683,1.4271,0.6673
All,Post-monsoon,Tmax,Anand,Petlad,34.106,34.2852,0.1792,1.4686,0.6654
All,Post-monsoon,Tmax,Anand,Sojitra,34.1109,34.2852,0.1743,1.4687,0.6621
All,Post-monsoon,Tmax,Anand,Tarapur,34.0891,34.2852,0.1962,1.4901,0.6496
All,Post-monsoon,Tmax,Anand,Umreth,34.0645,34.2852,0.2208,1.4559,0.6715
All,Post-monsoon,Tmax,Kheda,Galteshwar,33.9858,34.4251,0.4393,1.4961,0.6663
All,Post-monsoon,Tmax,Kheda,Kapadvanj,34.0989,34.4251,0.3262,1.4518,0.6651
All,Post-monsoon,Tmax,Kheda,Kathlal,31.9716,34.4251,2.4536,2.9643,0.6094
All,Post-monsoon,Tmax,Kheda,Kheda,34.0623,34.4251,0.3628,1.4849,0.6478
All,Post-monsoon,Tmax,Kheda,Mahudha,34.1902,34.4251,0.235,1.5088,0.657
All,Post-monsoon,Tmax,Kheda,Matar,34.0623,34.4251,0.3628,1.4918,0.6446
All,Post-monsoon,Tmax,Kheda,Mehmedabad,34.0689,34.4251,0.3563,1.476,0.6522
All,Post-monsoon,Tmax,Kheda,Nadiad,34.0585,34.4251,0.3667,1.4945,0.6551
All,Post-monsoon,Tmax,Kheda,Thasra,34.0016,34.4251,0.4235,1.4952,0.6652
All,Post-monsoon,Tmax,Kheda,Vaso,34.0645,34.4251,0.3607,1.5089,0.6467
All,Post-monsoon,Tmax,Mahisagar,Balasinor,34.0383,34.2273,0.1891,1.4273,0.6897
All,Post-monsoon,Tmax,Mahisagar,Kadana,33.5415,34.2273,0.6858,1.6183,0.6955
All,Post-monsoon,Tmax,Mahisagar,Khanpur,33.7956,34.2273,0.4317,1.537,0.6943
All,Post-monsoon,Tmax,Mahisagar,Lunawada,33.8934,34.2273,0.3339,1.5007,0.6951
All,Post-monsoon,Tmax,Mahisagar,Santrampur,33.4333,34.2273,0.794,1.6272,0.7043
All,Post-monsoon,Tmax,Mahisagar,Virpur,34.0995,34.2273,0.1279,1.4465,0.6949
All,Post-monsoon,Tmin,Anand,Anand,20.8929,21.1011,0.2082,1.5373,0.89
All,Post-monsoon,Tmin,Anand,Anklav,21.0262,21.1011,0.0749,1.5245,0.8898
All,Post-monsoon,Tmin,Anand,Borsad,20.9628,21.1011,0.1383,1.5152,0.8926
All,Post-monsoon,Tmin,Anand,Khambhat,21.1038,21.1011,-0.0027,1.5262,0.8896
All,Post-monsoon,Tmin,Anand,Petlad,20.8683,21.1011,0.2328,1.5255,0.8939
All,Post-monsoon,Tmin,Anand,Sojitra,20.8661,21.1011,0.235,1.5243,0.8943
All,Post-monsoon,Tmin,Anand,Tarapur,20.8224,21.1011,0.2787,1.5322,0.8947
All,Post-monsoon,Tmin,Anand,Umreth,20.9191,21.1011,0.182,1.5525,0.8885
All,Post-monsoon,Tmin,Kheda,Galteshwar,20.7208,21.171,0.4503,1.5976,0.8906
All,Post-monsoon,Tmin,Kheda,Kapadvanj,21.076,21.171,0.0951,1.529,0.8916
All,Post-monsoon,Tmin,Kheda,Kathlal,18.5191,21.171,2.6519,3.2104,0.8415
All,Post-monsoon,Tmin,Kheda,Kheda,21.0246,21.171,0.1464,1.4923,0.8962
All,Post-monsoon,Tmin,Kheda,Mahudha,21.0033,21.171,0.1678,1.5953,0.873
All,Post-monsoon,Tmin,Kheda,Matar,20.9902,21.171,0.1809,1.4995,0.8961
All,Post-monsoon,Tmin,Kheda,Mehmedabad,21.141,21.171,0.0301,1.4718,0.897
All,Post-monsoon,Tmin,Kheda,Nadiad,20.9454,21.171,0.2257,1.5077,0.8965
All,Post-monsoon,Tmin,Kheda,Thasra,20.7678,21.171,0.4033,1.5816,0.8912
All,Post-monsoon,Tmin,Kheda,Vaso,20.859,21.171,0.312,1.5235,0.8966
All,Post-monsoon,Tmin,Mahisagar,Balasinor,20.6563,21.1399,0.4836,1.6713,0.8783
All,Post-monsoon,Tmin,Mahisagar,Kadana,19.8967,21.1399,1.2432,2.1119,0.8561
All,Post-monsoon,Tmin,Mahisagar,Khanpur,20.224,21.1399,0.9158,1.9397,0.8563
All,Post-monsoon,Tmin,Mahisagar,Lunawada,20.1585,21.1399,0.9814,1.9518,0.8645
All,Post-monsoon,Tmin,Mahisagar,Santrampur,19.6213,21.1399,1.5186,2.2657,0.8625
All,Post-monsoon,Tmin,Mahisagar,Virpur,20.6022,21.1399,0.5377,1.7592,0.8643
All,Post-monsoon,RH-I,Anand,Anand,46.4863,48.0273,1.541,9.2074,0.8216
All,Post-monsoon,RH-I,Anand,Anklav,45.6066,48.0273,2.4208,9.1038,0.8415
All,Post-monsoon,RH-I,Anand,Borsad,46.0984,48.0273,1.929,8.9513,0.8408
All,Post-monsoon,RH-I,Anand,Khambhat,48.9071,48.0273,-0.8798,7.6046,0.8757
All,Post-monsoon,RH-I,Anand,Petlad,46.5301,48.0273,1.4973,9.013,0.8335
All,Post-monsoon,RH-I,Anand,Sojitra,46.5082,48.0273,1.5191,9.2488,0.823
All,Post-monsoon,RH-I,Anand,Tarapur,45.8852,48.0273,2.1421,9.2825,0.827
All,Post-monsoon,RH-I,Anand,Umreth,47.0656,48.0273,0.9617,9.4377,0.8081
All,Post-monsoon,RH-I,Kheda,Galteshwar,47.0765,48.0219,0.9454,9.2933,0.8164
All,Post-monsoon,RH-I,Kheda,Kapadvanj,45.694,48.0219,2.3279,10.2499,0.7868
All,Post-monsoon,RH-I,Kheda,Kathlal,42.5792,48.0219,5.4426,12.0287,0.7496
All,Post-monsoon,RH-I,Kheda,Kheda,45.9672,48.0219,2.0546,9.9315,0.7977
All,Post-monsoon,RH-I,Kheda,Mahudha,45.2459,48.0219,2.776,10.926,0.763
All,Post-monsoon,RH-I,Kheda,Matar,45.8798,48.0219,2.1421,9.8386,0.8033
All,Post-monsoon,RH-I,Kheda,Mehmedabad,46.153,48.0219,1.8689,10.08,0.7879
All,Post-monsoon,RH-I,Kheda,Nadiad,47.1803,48.0219,0.8415,9.3569,0.8142
All,Post-monsoon,RH-I,Kheda,Thasra,47.2077,48.0219,0.8142,9.3718,0.812
All,Post-monsoon,RH-I,Kheda,Vaso,46.8525,48.0219,1.1694,9.4209,0.8132
All,Post-monsoon,RH-I,Mahisagar,Balasinor,46.3169,46.377,0.0601,9.1768,0.8296
All,Post-monsoon,RH-I,Mahisagar,Kadana,43.3989,46.377,2.9781,10.6486,0.7786
All,Post-monsoon,RH-I,Mahisagar,Khanpur,42.776,46.377,3.6011,10.7162,0.7864
All,Post-monsoon,RH-I,Mahisagar,Lunawada,44.2514,46.377,2.1257,9.9932,0.8056
All,Post-monsoon,RH-I,Mahisagar,Santrampur,44.8142,46.377,1.5628,10.1873,0.7877
All,Post-monsoon,RH-I,Mahisagar,Virpur,43.4754,46.377,2.9016,10.2176,0.8031
All,Post-monsoon,RH-II,Anand,Anand,27.2732,30.1093,2.8361,5.1666,0.9031
All,Post-monsoon,RH-II,Anand,Anklav,27.1421,30.1093,2.9672,5.1677,0.907
All,Post-monsoon,RH-II,Anand,Borsad,27.3005,30.1093,2.8087,5.1022,0.9062
All,Post-monsoon,RH-II,Anand,Khambhat,35.7923,30.1093,-5.6831,7.3052,0.8899
All,Post-monsoon,RH-II,Anand,Petlad,27.2951,30.1093,2.8142,5.2245,0.9008
All,Post-monsoon,RH-II,Anand,Sojitra,27.0546,30.1093,3.0546,5.3597,0.9012
All,Post-monsoon,RH-II,Anand,Tarapur,26.541,30.1093,3.5683,5.715,0.8981
All,Post-monsoon,RH-II,Anand,Umreth,26.8798,30.1093,3.2295,5.2982,0.9084
All,Post-monsoon,RH-II,Kheda,Galteshwar,26.5792,27.3279,0.7486,4.5479,0.9086
All,Post-monsoon,RH-II,Kheda,Kapadvanj,25.3716,27.3279,1.9563,4.8191,0.9116
All,Post-monsoon,RH-II,Kheda,Kathlal,24.6831,27.3279,2.6448,5.5269,0.8912
All,Post-monsoon,RH-II,Kheda,Kheda,26.5355,27.3279,0.7923,4.8186,0.8959
All,Post-monsoon,RH-II,Kheda,Mahudha,25.4973,27.3279,1.8306,5.063,0.8976
All,Post-monsoon,RH-II,Kheda,Matar,26.541,27.3279,0.7869,4.8089,0.8963
All,Post-monsoon,RH-II,Kheda,Mehmedabad,26.5246,27.3279,0.8033,4.7026,0.9015
All,Post-monsoon,RH-II,Kheda,Nadiad,27.1148,27.3279,0.2131,4.6347,0.9015
All,Post-monsoon,RH-II,Kheda,Thasra,26.4918,27.3279,0.8361,4.5153,0.9105
All,Post-monsoon,RH-II,Kheda,Vaso,26.9344,27.3279,0.3934,4.7287,0.898
All,Post-monsoon,RH-II,Mahisagar,Balasinor,25.1803,25.0055,-0.1749,4.6635,0.9118
All,Post-monsoon,RH-II,Mahisagar,Kadana,22.9836,25.0055,2.0219,5.2281,0.9063
All,Post-monsoon,RH-II,Mahisagar,Khanpur,22.8415,25.0055,2.1639,5.1935,0.9095
All,Post-monsoon,RH-II,Mahisagar,Lunawada,23.776,25.0055,1.2295,4.7523,0.9132
All,Post-monsoon,RH-II,Mahisagar,Santrampur,23.9891,25.0055,1.0164,4.8542,0.9077
All,Post-monsoon,RH-II,Mahisagar,Virpur,23.5683,25.0055,1.4372,4.7981,0.9138
All,Post-monsoon,Wind,Anand,Anand,8.847,9.706,0.859,1.8575,0.8541
All,Post-monsoon,Wind,Anand,Anklav,9.0055,9.706,0.7005,1.7176,0.869
All,Post-monsoon,Wind,Anand,Borsad,8.918,9.706,0.788,1.756,0.8685
All,Post-monsoon,Wind,Anand,Khambhat,10.1858,9.706,-0.4798,1.9592,0.8262
All,Post-monsoon,Wind,Anand,Petlad,9.0383,9.706,0.6678,1.7226,0.865
All,Post-monsoon,Wind,Anand,Sojitra,9.1585,9.706,0.5475,1.7402,0.8533
All,Post-monsoon,Wind,Anand,Tarapur,9.5191,9.706,0.1869,1.6777,0.8522
All,Post-monsoon,Wind,Anand,Umreth,8.929,9.706,0.777,1.9153,0.843
All,Post-monsoon,Wind,Kheda,Galteshwar,8.8388,9.2049,0.3661,1.6367,0.872
All,Post-monsoon,Wind,Kheda,Kapadvanj,9.4016,9.2049,-0.1967,1.6798,0.8557
All,Post-monsoon,Wind,Kheda,Kathlal,7.9563,9.2049,1.2486,2.5934,0.7
All,Post-monsoon,Wind,Kheda,Kheda,9.2923,9.2049,-0.0874,1.5792,0.869
All,Post-monsoon,Wind,Kheda,Mahudha,8.7814,9.2049,0.4235,2.0919,0.7657
All,Post-monsoon,Wind,Kheda,Matar,9.2923,9.2049,-0.0874,1.584,0.868
All,Post-monsoon,Wind,Kheda,Mehmedabad,9.1175,9.2049,0.0874,1.5687,0.8713
All,Post-monsoon,Wind,Kheda,Nadiad,8.9262,9.2049,0.2787,1.5595,0.8764
All,Post-monsoon,Wind,Kheda,Thasra,8.7732,9.2049,0.4317,1.5835,0.8814
All,Post-monsoon,Wind,Kheda,Vaso,9.0519,9.2049,0.153,1.5191,0.8801
All,Post-monsoon,Wind,Mahisagar,Balasinor,8.7049,9.3978,0.6929,1.8902,0.8453
All,Post-monsoon,Wind,Mahisagar,Kadana,9.0273,9.3978,0.3705,1.9088,0.8167
All,Post-monsoon,Wind,Mahisagar,Khanpur,9.377,9.3978,0.0208,1.7951,0.8368
All,Post-monsoon,Wind,Mahisagar,Lunawada,8.9071,9.3978,0.4907,1.7886,0.8466
All,Post-monsoon,Wind,Mahisagar,Santrampur,8.9727,9.3978,0.4251,1.917,0.8166
All,Post-monsoon,Wind,Mahisagar,Virpur,9.4153,9.3978,-0.0175,1.7363,0.8473
